Month,Day_of_Week,Hour,Crop_Growth_Stage,Water_Table_Depth_cm,Inundation_Duration_Days,Water_Flow_Velocity_ms,Water_pH,Soil_Moisture_VWC_Percent,Soil_Temperature_C,Vegetation_Coverage_Percent,Vegetation_Height_cm,Snail_Habitat_Risk,AWD_Gate_Action
Jan,Monday,0,Transplanting,2.9078671303339387,0.041666666666666664,0.16933114372873231,7.178428020647268,69.04716622523898,23.07924556167405,13.161337241586143,5.0,Low,0
Jan,Monday,1,Transplanting,2.666199461933432,0.08333333333333333,0.17026962550569483,6.586301078238938,70.0991645335604,23.760325275460314,14.81073461080871,5.789363421351858,Low,0
Jan,Monday,2,Transplanting,3.2758790198201013,0.125,0.21259700993580177,6.530252049470045,68.37078914581751,21.907957262195104,11.420669637034111,5.0,Low,0
Jan,Monday,3,Transplanting,3.8959027561439186,0.16666666666666666,0.16344935281736617,7.102792653475565,73.08310344484825,20.906814338843972,16.839409166805,5.0,Low,0
Jan,Monday,4,Transplanting,3.1356902246194256,0.20833333333333334,0.20613072225237317,7.0087091731504065,69.15920543770794,22.77445565468303,10.0,5.3622112330123395,Low,0
Jan,Monday,5,Transplanting,2.7787876250172716,0.25,0.16301978955408394,6.748026381132494,69.28414441434144,22.11005568475828,12.954422561340925,5.8770893759041325,Low,0
Jan,Monday,6,Transplanting,3.1170299833845765,0.2916666666666667,0.22786729032054465,6.847088050993879,73.07100129166523,22.270117715235763,10.0,5.4145282915887805,Low,0
Jan,Monday,7,Transplanting,3.2064114290887327,0.3333333333333333,0.21929350216696514,6.816680796294833,72.13940656656912,24.600109676235324,14.075625725391248,5.0,Low,0
Jan,Monday,8,Transplanting,3.4131329973692623,0.375,0.2198375174283576,6.754893897637641,72.82833824283587,25.480955969079986,12.738582567223084,10.078904724851483,Low,0
Jan,Monday,9,Transplanting,3.20681728705204,0.4166666666666667,0.14392687947689153,6.471916130508391,67.65395181214117,27.14783683779493,16.304067450288187,5.0,Low,0
Jan,Monday,10,Transplanting,3.7988363999974717,0.4583333333333333,0.2113520711688531,6.2375025634271495,76.29099769965195,28.54955624619497,12.399125772124671,5.0,Low,0
Jan,Monday,11,Transplanting,4.250432252595321,0.5,0.1850564767003833,6.499070975777674,71.31727478434503,30.758554093607366,10.0,5.0,Low,0
Jan,Monday,12,Transplanting,4.305829995578967,0.5416666666666666,0.22635551328527825,6.986430609335589,76.89111361797725,30.198478980745453,10.0,9.44549382429044,Low,0
Jan,Monday,13,Transplanting,4.818334650567947,0.5833333333333334,0.1594235775730578,7.0056775134605775,77.10709089332605,29.386461135348032,10.149468276961718,7.251466971767906,Low,0
Jan,Monday,14,Transplanting,4.950391447946299,0.625,0.189830656805524,6.627103538703259,76.53560495864048,29.217720512541696,10.0,5.014808863795341,Low,0
Jan,Monday,15,Transplanting,4.4567512491026635,0.6666666666666666,0.27303495753697316,6.494654416737534,72.48623343602964,29.694134880547033,14.941326912541857,5.0,Low,0
Jan,Monday,16,Transplanting,4.577053126724422,0.7083333333333334,0.2473431893283402,6.746670177663416,74.78810719377766,27.726109459191456,14.726914830285168,6.646899751861127,Low,0
Jan,Monday,17,Transplanting,4.078182597566234,0.75,0.20957101027736752,6.799820480804106,72.34579541286924,26.11307562533054,10.0,5.0,Low,0
Jan,Monday,18,Transplanting,4.474284113939678,0.7916666666666666,0.20005108655447418,6.825312032887616,74.29636101646582,26.35449870568767,11.015080429247941,7.149765172032316,Low,0
Jan,Monday,19,Transplanting,4.398831757000589,0.8333333333333334,0.19202190680946646,6.287093344180051,73.5574516986303,24.702766193945425,11.087474550400438,5.0,Low,0
Jan,Monday,20,Transplanting,4.278116447084146,0.875,0.23395836260520209,7.349688751495256,69.69025845985712,22.080490772884918,10.0,7.4970146215335,Low,0
Jan,Monday,21,Transplanting,3.9588580616768962,0.9166666666666666,0.20694432070619032,6.977196528754033,75.24482764999372,22.609927432921367,12.214749976221531,7.412222945383299,Low,0
Jan,Monday,22,Transplanting,4.551005979889888,0.9583333333333334,0.2879078009133519,6.739002073596514,74.26020003863701,22.5254973153564,15.282552513484008,5.0,Low,0
Jan,Monday,23,Transplanting,4.452389187008764,1.0,0.22484299947485686,6.640319993939418,73.21613324981656,22.85693550877527,13.575426951859798,5.0,Low,0
Jan,Tuesday,0,Transplanting,4.101496069743027,1.0416666666666667,0.2245926189721344,6.94733302608705,72.22293610172373,22.85879992315184,15.841205166826011,6.778770237226185,Low,0
Jan,Tuesday,1,Transplanting,3.8466975443582125,1.0833333333333333,0.16756981722701733,6.897315493756544,73.44899325919326,20.29036912997822,10.0,5.0,Low,0
Jan,Tuesday,2,Transplanting,4.0373879105359585,1.125,0.20831022488219908,6.7963475353480005,71.40221830869736,22.182600833214085,11.909523318300007,7.592420048066759,Low,0
Jan,Tuesday,3,Transplanting,4.13644055319179,1.1666666666666667,0.22960571300717428,6.853160383797208,68.91710621071222,22.789323350542507,10.0,6.754403666133364,Low,0
Jan,Tuesday,4,Transplanting,4.2506926846374595,1.2083333333333333,0.21321981722347494,6.761510950332037,74.51592204954646,22.046634727168787,12.5182902117417,5.92584613363363,Low,0
Jan,Tuesday,5,Transplanting,4.361984414518815,1.25,0.21205261168787226,6.848775776157996,75.00696859075879,22.40396211140786,12.788352727321742,5.0,Low,0
Jan,Tuesday,6,Transplanting,5.229236905766778,1.2916666666666667,0.2621727595407058,6.898611913391494,75.10073635064474,22.97555998534246,14.679514016202722,10.362806280913906,Low,0
Jan,Tuesday,7,Transplanting,4.826776235963405,1.3333333333333333,0.29368822075371975,6.810998422460981,72.78845721593216,24.219907658252243,15.740475561540869,6.26162759601285,Low,0
Jan,Tuesday,8,Transplanting,4.4281424685206625,1.375,0.23577748967379053,6.75907985999702,74.30541300622816,27.052405446728358,13.866931491837287,13.279210492787941,Low,0
Jan,Tuesday,9,Transplanting,3.9418419163832548,1.4166666666666667,0.2585925678311412,6.939247212727591,70.03135586269262,28.264507416694762,10.0,7.483157356974606,Low,0
Jan,Tuesday,10,Transplanting,4.156863677137461,1.4583333333333333,0.24567767514159392,6.396998710444171,71.4220116317546,28.534800537367094,10.0,8.274806737545347,Low,0
Jan,Tuesday,11,Transplanting,4.56081131616153,1.5,0.271972651017413,6.52751647975989,72.94455128577935,29.42431400663953,13.360060092115992,7.493863819284243,Low,0
Jan,Tuesday,12,Transplanting,4.3362102648431105,1.5416666666666667,0.20706505930394548,6.698868463277182,75.59478277740659,27.894164013293498,16.30156332658364,8.24976265795877,Low,0
Jan,Tuesday,13,Transplanting,3.8035771688108024,1.5833333333333333,0.207846966895816,6.529416861435423,71.90336330427209,30.11379824248758,11.725624368795273,10.127551665987031,Low,0
Jan,Tuesday,14,Transplanting,3.340748707005121,1.625,0.19642164269836476,6.604837020366798,70.62206407325937,29.091808183286165,10.0,10.15639916019694,Low,0
Jan,Tuesday,15,Transplanting,3.596351299156268,1.6666666666666667,0.22902848575864587,6.89789750226791,76.04062814879754,29.759734576819852,18.054267870124043,5.0,Low,0
Jan,Tuesday,16,Transplanting,3.8500801384193912,1.7083333333333333,0.24398645223790005,6.654405998258006,73.44511732658395,28.75194842864024,13.268213650484334,9.53457683236756,Low,0
Jan,Tuesday,17,Transplanting,3.973346863178739,1.75,0.2237106382683847,6.364447969716116,73.71402149257862,27.919603019691294,12.313424548147381,8.638681879807493,Low,0
Jan,Tuesday,18,Transplanting,3.5337878229426916,1.7916666666666667,0.23902942578172257,6.631847394362344,71.2416892846449,26.963406290499016,10.0,7.485563831467973,Low,0
Jan,Tuesday,19,Transplanting,3.561388646511463,1.8333333333333333,0.18931811446843852,6.760948092425402,70.85458941635396,24.134151927912935,11.848648668686359,11.677210642022628,Low,0
Jan,Tuesday,20,Transplanting,3.5380564942166375,1.875,0.23943962670688534,6.756654120099061,67.61852270608563,24.199333049538556,13.860652486586659,11.777750379230671,Low,0
Jan,Tuesday,21,Transplanting,3.571679110165112,1.9166666666666667,0.2448453082306332,6.8741723220997155,74.00951092824339,22.560961156175924,13.309062161660641,9.65732400805616,Low,0
Jan,Tuesday,22,Transplanting,3.904475873707571,1.9583333333333333,0.24132426895005252,6.877987540180585,73.76736150841093,21.326826885026694,10.0,6.036998364011841,Low,0
Jan,Tuesday,23,Transplanting,3.910974004015983,2.0,0.22247029252224204,6.758631164766643,72.52800562321153,21.925342499911903,11.628804151127502,5.0,Low,0
Jan,Wednesday,0,Transplanting,3.978582080169431,2.0416666666666665,0.24443086863840963,6.566600803919516,72.77414358873412,22.076802639753744,10.851979893889702,10.47975033041701,Low,0
Jan,Wednesday,1,Transplanting,3.7743066367590687,2.0833333333333335,0.1830675096356296,6.690364408891398,74.03062445274388,22.8487017209227,17.69248474868918,11.992583896376917,Low,0
Jan,Wednesday,2,Transplanting,3.7101407703566256,2.125,0.21969619851152294,6.676142218610829,69.2949177026962,21.61720007981656,15.384621935908338,5.0,Low,0
Jan,Wednesday,3,Transplanting,3.819082329745515,2.1666666666666665,0.2259949249325172,6.729132026110187,71.48603492828163,22.13661929375248,11.126995394201074,11.309486825999665,Low,0
Jan,Wednesday,4,Transplanting,2.980759262764864,2.2083333333333335,0.14798593335881963,6.903217819715972,68.38121650485061,22.24616777536313,10.0,7.9565861566199665,Low,0
Jan,Wednesday,5,Transplanting,2.7765646174384955,2.25,0.20602456428884564,6.854990944613342,73.7067736468259,22.016503353875564,13.533445246693784,5.0,Low,0
Jan,Wednesday,6,Transplanting,2.5348112098986815,2.2916666666666665,0.13966162484860348,6.915459043893347,71.33485796746342,23.024132305343773,11.221547830848166,9.767240388074923,Low,0
Jan,Wednesday,7,Transplanting,2.2494063076248603,2.3333333333333335,0.16125801726379144,6.673341654615156,64.49318985602893,24.6682245824228,11.445080008892184,10.867216633684652,Low,0
Jan,Wednesday,8,Transplanting,2.162743989624143,2.375,0.17546023331527402,6.982315083975897,65.66306232181799,26.779323621023632,10.0,7.715378356331409,Low,0
Jan,Wednesday,9,Transplanting,2.8769649867437153,2.4166666666666665,0.16634835120644464,6.827139458217696,70.14002462146995,27.09809826998091,10.0,5.950363420992151,Low,0
Jan,Wednesday,10,Transplanting,2.418699219870969,2.4583333333333335,0.18335687184848537,6.688827134023614,68.35999770354547,29.59167391386256,13.188010457681573,12.873977317235681,Low,0
Jan,Wednesday,11,Transplanting,2.838122055198557,2.5,0.19328254604523162,6.793729086071469,67.66272851632276,28.491553274437717,11.89936465647393,6.922157534215246,Low,0
Jan,Wednesday,12,Transplanting,1.99312690357698,2.5416666666666665,0.1411218152118651,6.554907387516474,72.17302904388572,29.063715856662704,20.18954315806208,11.492430793545918,Low,0
Jan,Wednesday,13,Transplanting,1.860342073705914,2.5833333333333335,0.18638765790149944,6.291864861360219,68.58990080485935,29.40395865112703,14.482760298003438,5.0,Low,0
Jan,Wednesday,14,Transplanting,1.9582663960176718,2.625,0.14221118228472368,6.550567763794036,69.14947199616859,30.181792651560258,10.0,9.633762619134384,Low,0
Jan,Wednesday,15,Transplanting,2.2228942507420655,2.6666666666666665,0.255651459384266,6.788872450756367,67.45091630331652,30.544653436481557,10.0,9.562517894146232,Low,0
Jan,Wednesday,16,Transplanting,2.498939105092857,2.7083333333333335,0.17864171881075028,6.704719814215525,70.94200214657887,28.147938195232534,13.8945141659743,10.777290016272266,Low,0
Jan,Wednesday,17,Transplanting,2.768396854064992,2.75,0.14821462627697368,6.683146339554508,69.38328692779196,26.98156369089832,11.509398715818948,12.32620848308519,Low,0
Jan,Wednesday,18,Transplanting,2.4845283453174294,2.7916666666666665,0.14766124681545373,6.5747899540296135,68.89618168134682,25.673255548692996,16.694424848513965,6.559675720911498,Low,0
Jan,Wednesday,19,Transplanting,2.1909390381191027,2.8333333333333335,0.21493879221741813,6.391249901779614,69.98025761113637,24.613429970360635,13.545591515379819,9.895686929712774,Low,0
Jan,Wednesday,20,Transplanting,2.5374948078960435,2.875,0.1691170624572552,7.039078715386917,66.33199240882989,21.99289975731634,10.0,5.177331537978748,Low,0
Jan,Wednesday,21,Transplanting,2.3711436896490636,2.9166666666666665,0.1315468589671777,6.745854949968908,72.38480057485972,21.9482664336668,10.0,5.148962623818442,Low,0
Jan,Wednesday,22,Transplanting,1.7502580609294633,2.9583333333333335,0.19363639767270846,6.715702906418797,68.06539777567848,21.29868378931385,10.674153831978613,7.147913546098,Low,0
Jan,Wednesday,23,Transplanting,1.292193886221082,3.0,0.13775976108329416,6.662839325257589,69.16315374449144,21.917623111058305,14.026110815104715,9.61706818151549,Low,0
Jan,Thursday,0,Transplanting,0.8516109912271831,3.0416666666666665,0.16415995766985686,6.9885595049375695,63.393026865707604,23.316969402348267,10.441742710453763,13.983836217029324,Moderate,0
Jan,Thursday,1,Transplanting,1.1228676982673726,3.0833333333333335,0.18081650335464877,6.934427034126547,64.3485522277853,22.447740806782782,14.058452781875731,14.439030641251435,Moderate,0
Jan,Thursday,2,Transplanting,1.2083355795194726,3.125,0.15981461334628588,6.611650150565003,64.0762049476471,21.783116391801666,10.0,8.904438343977695,Moderate,0
Jan,Thursday,3,Transplanting,1.5386130177731607,3.1666666666666665,0.2423220842933157,6.971659006035089,67.69326658798526,23.36391517818315,13.618556256935362,10.55550281314874,Moderate,0
Jan,Thursday,4,Transplanting,1.3274565269966931,3.2083333333333335,0.0928204259222545,6.757784886618894,66.81786226862855,21.90682919835185,14.710077953344642,12.149180329892898,Moderate,0
Jan,Thursday,5,Transplanting,1.4143636174676195,3.25,0.1267308378021772,6.64993793920851,65.96564904345992,23.51096446358597,17.984530952073882,11.705123387855732,Moderate,0
Jan,Thursday,6,Transplanting,1.700946166085232,3.2916666666666665,0.1535654039909923,6.70718148664164,65.554132412834,23.49788558232008,14.3367262708155,9.368024807734631,Moderate,0
Jan,Thursday,7,Transplanting,1.5250159032251345,3.3333333333333335,0.23726647108191262,6.608506843316064,64.62684562827864,24.19997677275025,11.149795227247653,9.981929261554718,Moderate,0
Jan,Thursday,8,Transplanting,1.713575556237666,3.375,0.2257694753595191,6.505033667139571,67.51561353402909,24.647230291043115,18.079015260874478,9.516214362427945,Moderate,0
Jan,Thursday,9,Transplanting,1.3645343149403182,3.4166666666666665,0.19921753823229504,6.814285790184348,65.84370879667956,29.19451890714647,13.050465891376605,9.270731801227155,Moderate,0
Jan,Thursday,10,Transplanting,1.188703057672169,3.4583333333333335,0.12192323851569738,6.638681034802998,64.98167335369669,28.939472704755875,15.92070030430434,8.93814059960146,Moderate,0
Jan,Thursday,11,Transplanting,1.0172624882866186,3.5,0.12171854631520043,6.783743096204505,69.03560894415111,29.32364132344288,11.761312686489568,9.492520441637437,Moderate,0
Jan,Thursday,12,Transplanting,0.4907956771892018,3.5416666666666665,0.10327029069981415,6.700108515164199,64.51325826886861,30.939325629274634,13.872334779677242,8.77713146272952,Moderate,0
Jan,Thursday,13,Transplanting,0.7826175433039796,3.5833333333333335,0.1121454975011728,6.747184766599327,67.91836797178338,30.936842229617078,11.196196196266166,6.953122515663315,Moderate,0
Jan,Thursday,14,Transplanting,0.5913978119279746,3.625,0.1870296065528585,6.275874765366268,63.85285038326175,31.22317397736374,14.566779866047629,11.948117374285886,Moderate,0
Jan,Thursday,15,Transplanting,0.6336540171851544,3.6666666666666665,0.12730950111077433,6.520690064431605,65.51032220884169,29.052872712275434,16.011484285490855,11.08231100144601,Moderate,0
Jan,Thursday,16,Transplanting,0.872920984279232,3.7083333333333335,0.1379205888444428,6.781719197122877,65.48405832975749,28.884430589963753,12.115602173426343,14.483151024588242,Moderate,0
Jan,Thursday,17,Transplanting,1.0583984879832278,3.75,0.1735634997419008,6.486817141595417,62.644911752123505,26.41422223067392,11.946976241839979,10.715461717339918,Moderate,0
Jan,Thursday,18,Transplanting,1.3147237764811075,3.7916666666666665,0.09464461532083857,6.7839646536432,69.51201367608247,26.37913742953345,14.670454655391888,8.749266294901814,Moderate,0
Jan,Thursday,19,Transplanting,1.1930913920341253,3.8333333333333335,0.15166988854527302,6.500121007957425,66.09311212681708,24.13681117594876,11.124952090060635,8.225578216599054,Moderate,0
Jan,Thursday,20,Transplanting,0.9472168897218187,3.875,0.10528991173949324,6.776462805963203,67.26615697459829,22.59980740438945,10.0,9.91008183504049,Moderate,0
Jan,Thursday,21,Transplanting,0.8981628757525214,3.9166666666666665,0.1321495496742719,7.068429467594576,64.15153345688293,22.257920220927623,14.65958925520371,11.173854575105654,Moderate,0
Jan,Thursday,22,Transplanting,0.1426973556438328,3.9583333333333335,0.10304270960252337,6.919314886606752,63.51278489038567,22.17420894352931,13.2769084701402,9.179890156191222,Moderate,0
Jan,Thursday,23,Transplanting,-0.3870852421689389,0.0,0.09767067388890602,6.454160403548845,60.83729069894784,21.680415060788228,13.213421825678266,6.116022995323384,Low,0
Jan,Friday,0,Transplanting,-0.9295859116025463,0.0,0.12789536323472278,6.920096690200702,63.74099077768067,23.007344171747388,16.06321124374372,9.142057551938047,Low,0
Jan,Friday,1,Transplanting,-1.237000600966611,0.0,0.1277424690837379,7.087001432370427,61.15401725258149,23.56676322939315,16.482251057291236,11.034645872863049,Low,0
Jan,Friday,2,Transplanting,-0.8608998925835167,0.0,0.11230627937681054,7.287017902136034,62.167947311161335,21.929665312871933,14.016994325238404,12.84029248288192,Low,0
Jan,Friday,3,Transplanting,-1.1146690280334888,0.0,0.13297395200469048,6.8557461466847105,63.541162626929584,22.817832403976876,11.131991784130143,7.275023929054107,Low,0
Jan,Friday,4,Transplanting,-1.087831046418866,0.0,0.08959849107012578,6.526093210204714,63.20188808239276,22.720746899728194,12.584239590486563,11.652291959887505,Low,0
Jan,Friday,5,Transplanting,-0.30502937820610887,0.0,0.14385550541637998,6.855019862308211,64.29861456457792,22.381478249079088,16.25489179139617,11.542382158977553,Low,0
Jan,Friday,6,Transplanting,-0.3751218300126731,0.0,0.1127830342244838,7.082480196501839,59.75625291389465,21.153723413308228,14.909207990334945,9.860642095098365,Low,0
Jan,Friday,7,Transplanting,0.055129819709676675,0.041666666666666664,0.10445002081791552,6.732115783783515,62.24095332826986,23.113889590762042,12.85072190272756,9.522277785205562,Low,0
Jan,Friday,8,Transplanting,-0.33175884404646294,0.0,0.09218344159039565,6.921940340838573,60.69600250226579,25.221284352019207,12.14684054249463,9.14877397988845,Low,0
Jan,Friday,9,Transplanting,-0.3445890524200286,0.0,0.11155108888366615,6.576595740661831,64.12805366144353,25.651714636012322,16.35346843076778,11.341599091746662,Low,0
Jan,Friday,10,Transplanting,-0.7008342875687639,0.0,0.1854723739896073,6.733182438907802,62.159301593335066,29.756076443668732,13.835042783313835,13.806629990202783,Low,0
Jan,Friday,11,Transplanting,-0.7440780160321443,0.0,0.11778401804640937,6.2162219843709305,58.933187894261664,29.876913526563122,16.758150336316408,13.984044557060756,Low,0
Jan,Friday,12,Transplanting,-0.2632462097095939,0.0,0.07994587623497963,6.489182814388361,62.49072067067452,30.15045445873529,17.138007392315682,8.179632465287144,Low,0
Jan,Friday,13,Transplanting,-1.017845841774609,0.0,0.15215866733747663,6.68205611332048,58.068945308303384,28.622811344585738,13.561480749144446,10.52213788166107,Low,0
Jan,Friday,14,Transplanting,-0.7058345621083056,0.0,0.10348250474728861,6.616365889294667,61.69968407480055,28.71532661343827,17.348942454508297,5.505808827538455,Low,0
Jan,Friday,15,Transplanting,-0.5361627124195365,0.0,0.12993156515233648,6.434675683540319,58.90246448221875,29.580877832669785,14.9152292633858,11.26254411088626,Low,0
Jan,Friday,16,Transplanting,-0.7723804353075742,0.0,0.09880188073506976,6.569471226862737,62.70394194203105,30.20604383213142,15.303274712752119,12.483703133661182,Low,0
Jan,Friday,17,Transplanting,-1.3637813521052604,0.0,0.16482706606501096,6.769777862851668,60.98285000701552,26.804003058171403,10.0,14.916986297218301,Low,0
Jan,Friday,18,Transplanting,-1.1908714621170604,0.0,0.09932340851739127,6.698922409453104,64.45780547761282,26.537108324470417,11.587236105029636,6.523439865022104,Low,0
Jan,Friday,19,Transplanting,-1.3112293197653253,0.0,0.1689250292502138,6.766900079394098,62.04879621155791,23.771245545510542,11.74991690836768,8.269433528381771,Low,0
Jan,Friday,20,Transplanting,-1.0668659424517781,0.0,0.08327587954149249,6.9079665134439665,60.093693226470734,22.419191407431093,13.544035832789291,11.349925338022402,Low,0
Jan,Friday,21,Transplanting,-0.9437972550788986,0.0,0.10974827649995822,6.7005295076813,62.87102677435962,23.346747079114344,14.843053022961334,6.943612417146772,Low,0
Jan,Friday,22,Transplanting,-0.11684291605121855,0.0,0.16899985250673735,7.025678438511343,60.424249239586715,22.098238695866765,14.965750975122921,11.420113710461594,Low,0
Jan,Friday,23,Transplanting,-0.22235485115471018,0.0,0.12588609786734686,6.6070874669983715,61.041403149866525,21.822916073558293,15.357240840373757,12.547089696009497,Low,0
Jan,Saturday,0,Transplanting,-0.8088323770062233,0.0,0.19950130796319715,7.106898612901216,62.225087359335284,23.50945644329981,13.345166226201489,8.984280690117352,Low,0
Jan,Saturday,1,Transplanting,-0.7592730086183195,0.0,0.1105800842766694,6.976675259635604,57.36124545382018,22.411446256890876,17.474088891324513,12.518963425121179,Low,0
Jan,Saturday,2,Transplanting,-0.6865096129577937,0.0,0.1289964998536236,6.699700938420766,61.77805535903354,23.247964072468932,20.827865330654774,9.156972662462369,Low,0
Jan,Saturday,3,Transplanting,-0.10114895934069856,0.0,0.18668022452170863,6.733020619959022,61.21671591334548,21.82680088529225,14.34002533765262,15.626064672345759,Low,0
Jan,Saturday,4,Transplanting,0.17421386708066383,0.041666666666666664,0.0713680340910372,6.79720731598258,64.12072739130011,23.50033936716878,13.408995497699054,12.70411523115048,Low,0
Jan,Saturday,5,Transplanting,0.2007129344614812,0.08333333333333333,0.0676965722001832,6.88135224008254,61.82623832661303,22.59390181962769,13.344004528267382,10.587339927582418,Low,0
Jan,Saturday,6,Transplanting,0.7230660913523433,0.125,0.11023386608147931,6.968676238027446,66.083854894156,22.722830100971727,15.656403479591475,9.092146549250032,Low,0
Jan,Saturday,7,Transplanting,-0.02280950372743651,0.0,0.14846804413156642,6.507286511545377,63.48391203838892,24.260470920793853,13.822710671160987,13.160374233825621,Low,0
Jan,Saturday,8,Transplanting,-0.42210245149087766,0.0,0.06365520858338214,6.809614323060875,65.28768595018455,25.441689927343262,10.209014760750371,15.582338755256039,Low,0
Jan,Saturday,9,Transplanting,-0.9023523829698334,0.0,0.1408967169796707,6.321103852059603,61.34782334907565,27.36157216647389,11.029744382644985,10.258740226995354,Low,0
Jan,Saturday,10,Transplanting,-1.0839707941074856,0.0,0.13843473430711128,6.6564522175093215,59.3611844842191,28.275579669352748,18.460570418402334,11.08838833482022,Low,0
Jan,Saturday,11,Transplanting,-1.6960748494560862,0.0,0.1905036581620685,6.918948433781715,58.93564864965083,30.35038779333518,19.245382120370124,10.307148248229526,Low,0
Jan,Saturday,12,Transplanting,-1.3298397777990856,0.0,0.15659197239293304,6.407150710743675,57.61991173924873,30.011977563799658,20.199668763873923,16.076231427630365,Low,0
Jan,Saturday,13,Transplanting,-1.4133778891450184,0.0,0.13274175831242216,6.386970285247827,60.92016757546284,29.17779421776488,16.07891331633813,7.415898827581049,Low,0
Jan,Saturday,14,Transplanting,-2.058901150524245,0.0,0.16756965273035362,6.7197798532766875,59.738337731372354,28.830884309463162,12.427283476138566,15.401483057000563,Low,0
Jan,Saturday,15,Transplanting,-2.4193471416057184,0.0,0.13886163793902034,6.939216603230623,62.631958933531905,28.201376421363012,14.085951552528455,11.244504778882185,Low,0
Jan,Saturday,16,Transplanting,-2.1390258885471005,0.0,0.10389754808804794,6.734210754208547,57.12266588627815,29.124028465787394,10.925837095060455,12.008462200334394,Low,0
Jan,Saturday,17,Transplanting,-1.6667690074195325,0.0,0.07993879780328984,6.373043054074754,58.96416523484276,26.441714965771116,10.810324031374078,11.335913375707054,Low,0
Jan,Saturday,18,Transplanting,-0.7409257784528273,0.0,0.10007220387074217,6.4182448076475005,60.57026108283679,26.08613853361132,16.16578813168818,12.786502203705368,Low,0
Jan,Saturday,19,Transplanting,0.46967824141236925,0.041666666666666664,0.13033937042616012,6.766127951642641,65.05145518165213,24.264427085643643,17.017034648221056,10.363003112650567,Low,0
Jan,Saturday,20,Transplanting,0.3909389544700651,0.08333333333333333,0.13589911804898777,6.565387867665679,65.20163455968739,22.32323312407218,21.27512066717873,14.8334578414692,Low,0
Jan,Saturday,21,Transplanting,-0.30076621878155696,0.0,0.04526815406696344,6.79621767046243,62.67141138606724,22.725724162705895,15.150719271442012,14.934992606985261,Low,0
Jan,Saturday,22,Transplanting,-1.3996131078145615,0.0,0.1123153882776602,6.810254477942962,62.31358037499111,22.50164282967242,11.326495567583196,9.72897740055814,Low,0
Jan,Saturday,23,Transplanting,-1.2529125812091537,0.0,0.12100036193423057,6.7212354049949825,59.25905079758848,20.20721620577524,15.034238848734903,13.856167413835097,Low,0
Jan,Sunday,0,Transplanting,-1.755917201618408,0.0,0.1391638105707944,7.107414275800968,61.25814681189725,22.11609980732121,15.452622402659797,12.494182016083869,Low,0
Jan,Sunday,1,Transplanting,-1.9969063161515548,0.0,0.17693803088772228,6.878057859279411,59.78442054851843,22.715082507250745,14.82630496960466,13.514500391820233,Low,0
Jan,Sunday,2,Transplanting,-2.28087188035614,0.0,0.12649787374058444,6.975277964453891,58.00184764734737,23.687226248604,17.331248702424624,17.198293910044022,Low,0
Jan,Sunday,3,Transplanting,-2.3028463726044017,0.0,0.08816529933132987,6.922342225089902,57.343295424235144,23.724166093266,12.656582412681917,11.700331246795887,Low,0
Jan,Sunday,4,Transplanting,-1.7709104206887973,0.0,0.05636722157394848,6.766219565012047,64.10315050780963,21.284479589131795,16.692164298477884,15.701790266240636,Low,0
Jan,Sunday,5,Transplanting,-1.717569629842685,0.0,0.14404538353393337,6.74607119835067,57.7438155868934,22.09521976054978,18.254689797158438,14.528229614047426,Low,0
Jan,Sunday,6,Transplanting,-1.8120844472210076,0.0,0.08958194241829054,6.7420967711353175,59.74686368060641,21.1221081490336,20.55921331069589,12.900346318039466,Low,0
Jan,Sunday,7,Transplanting,-2.2896953367824064,0.0,0.15033929420064715,6.854532272473965,56.50429305123795,25.37107553173858,17.231127547107818,14.303925585488727,Low,0
Jan,Sunday,8,Transplanting,-2.9928989588532815,0.0,0.1689097053256899,6.595588944881175,59.88828399599473,26.656354879459304,19.42936135155783,14.00644647495889,Low,0
Jan,Sunday,9,Transplanting,-3.070672320307569,0.0,0.06595738319072891,7.008355098700816,57.90403908886024,27.643388724360406,14.968311879081716,10.48953338640494,Low,0
Jan,Sunday,10,Transplanting,-2.953069232221642,0.0,0.1393862395565637,6.5468056091076825,55.05593408498577,28.762527748752408,15.387129177762324,11.868607057617451,Low,0
Jan,Sunday,11,Transplanting,-2.0439778342785297,0.0,0.16524178436187706,6.690796675660981,59.61964318459399,30.68725582349893,20.343541123646926,10.772285704268974,Low,0
Jan,Sunday,12,Transplanting,-2.0117862917056257,0.0,0.15566637638480987,6.604113202032789,59.187104342459605,31.1434834532627,12.185246725108552,12.693869737944935,Low,0
Jan,Sunday,13,Transplanting,-1.6131744530053744,0.0,0.04662671970813406,6.561835667050552,58.59513178883762,31.301435757324896,15.09057909326322,16.74800490683721,Low,0
Jan,Sunday,14,Transplanting,-1.9491019378161294,0.0,0.09012217843222035,7.045425925664245,60.33848378369763,30.539767185280397,19.685338920177898,14.83798617073278,Low,0
Jan,Sunday,15,Transplanting,-2.5566894825765623,0.0,0.07519368229873519,6.593919693991635,58.142556024025076,29.30336830360802,15.666664855742468,9.803943972915992,Low,0
Jan,Sunday,16,Transplanting,-2.9880796316947373,0.0,0.13832154643014677,6.618999911540988,56.76000631170453,29.243351725358284,15.443193904386238,12.701997448968367,Low,0
Jan,Sunday,17,Transplanting,-3.2560194666756166,0.0,0.13446643182199242,6.57271967319183,55.601713857493856,28.01575193907396,15.504003650300465,13.969478818964928,Low,0
Jan,Sunday,18,Transplanting,-2.2039542506340952,0.0,0.025573784272078112,6.734483911765002,59.07261878367747,25.693559937266897,16.651455324541736,15.245637867432196,Low,0
Jan,Sunday,19,Transplanting,-2.6249439155733487,0.0,0.10947089325352555,6.736152328829568,57.65890992560889,23.874168336583118,19.558251525757722,11.758499071871622,Low,0
Jan,Sunday,20,Transplanting,-2.235155759386051,0.0,0.14802519406193876,6.561809677238527,58.25381284352352,23.28165061564657,19.072694554969644,10.291837107256095,Low,0
Jan,Sunday,21,Transplanting,-2.675788304378196,0.0,0.1251791596928443,6.680519031112186,55.796076237517205,23.706292887015685,16.334371724496883,13.244559407230627,Low,0
Jan,Sunday,22,Transplanting,-2.2190589748607272,0.0,0.12511934218249515,6.89561132707209,61.56179094185924,21.775483375268188,19.57716570247239,14.807990844245191,Low,0
Jan,Sunday,23,Transplanting,-2.060433805731499,0.0,0.10722522096484513,6.964893153001327,56.4541189795473,22.16429865964162,17.32537888998921,13.97253288324966,Low,0
Jan,Monday,0,Transplanting,-2.310604571319675,0.0,0.08293706706238625,6.77698391341633,58.80982146659227,22.65574646116376,19.777360503462496,12.37163963197941,Low,0
Jan,Monday,1,Transplanting,-2.4609253793302868,0.0,0.11940304616383307,6.781654874344595,56.953297605004444,22.76427919819889,14.114891577721009,18.969880342034113,Low,0
Jan,Monday,2,Transplanting,-2.854694733611717,0.0,0.12182327079322935,6.718164283393145,60.16782717823048,21.957106912606964,22.41565820029919,14.336294483599527,Low,0
Jan,Monday,3,Transplanting,-2.687801192405444,0.0,0.14153390821165346,6.663833246083453,55.24231206377925,23.881816504275236,17.86063916243629,15.067609016838373,Low,0
Jan,Monday,4,Transplanting,-2.9419607912810397,0.0,0.14437749735034117,6.6062867114346435,54.96876757740484,22.712676212436136,10.0,12.928414829027915,Low,0
Jan,Monday,5,Transplanting,-3.502422953153236,0.0,0.12300514967071345,6.490301497335342,53.15454878590858,22.80010672677644,22.178581520408073,17.349603329244694,Low,0
Jan,Monday,6,Transplanting,-4.006300092600056,0.0,0.1583217927604691,6.629327989682682,54.53180987966108,23.782107265209405,17.21516479363199,16.012950564711016,Low,0
Jan,Monday,7,Transplanting,-3.7885675956173746,0.0,0.10687763661524802,6.918290743549469,51.661336451381025,23.795918171454844,16.013518116545825,15.369991906234754,Low,0
Jan,Monday,8,Transplanting,-2.9732862665052533,0.0,0.06945914005420933,6.649475084137708,55.40705597087185,25.77532441178664,15.382950804438405,11.704196275053373,Low,0
Jan,Monday,9,Transplanting,-2.918526175252774,0.0,0.1366968784296372,6.654812727460284,52.19080553368478,26.360260631652565,18.51850560560311,17.318408899879,Low,0
Jan,Monday,10,Transplanting,-3.0069642019112774,0.0,0.12442328440362392,6.619336091822243,56.76412862366912,28.491771481941377,14.534833243188135,16.47559076577571,Low,0
Jan,Monday,11,Transplanting,-2.912829762056975,0.0,0.13739260304879522,6.910673245988827,55.50877885355074,28.39160892407106,15.469280611987806,17.12066682718133,Low,0
Jan,Monday,12,Transplanting,-2.385477256045372,0.0,0.07574420281009753,6.483800595592222,54.7987410976274,30.772702780809126,15.54136568856494,14.675906727558715,Low,0
Jan,Monday,13,Transplanting,-2.4336148922397527,0.0,0.1826778631013866,6.701704639909359,59.83054306457271,30.710997400055994,16.32325886889329,14.396180423691744,Low,0
Jan,Monday,14,Transplanting,-2.7704705056458137,0.0,0.14486758447822745,6.650884578180014,54.23553698968016,29.952767851823754,15.65437525080442,14.128101128965506,Low,0
Jan,Monday,15,Transplanting,-2.387567392051035,0.0,0.10992010881503059,6.682190648862583,59.36372563913394,29.502411976965075,19.75844239496459,20.280828194110473,Low,0
Jan,Monday,16,Transplanting,-2.370947249086046,0.0,0.08725913989123742,6.717900698402529,56.407644954217886,29.23882499189543,18.013186914393103,13.227217663527814,Low,0
Jan,Monday,17,Transplanting,-1.8633992477484123,0.0,0.1577003693651287,6.725975466067883,62.23098456119466,26.45428154535795,18.379110215032853,11.6177212247748,Low,0
Jan,Monday,18,Transplanting,-2.0372123007582212,0.0,0.08143805762776503,6.865102876493628,60.10979155603257,26.009404206902484,19.031806640551867,13.650192918553682,Low,0
Jan,Monday,19,Transplanting,-2.818488452858904,0.0,0.19914776886772245,6.73651205121441,54.71953197139057,24.714775316817505,16.9207171895029,13.250515844640733,Low,0
Jan,Monday,20,Transplanting,-3.5501513983490884,0.0,0.09853782710352342,7.112250039745512,53.145471539541575,20.949180738074208,14.139072012628533,17.732950424514797,Low,0
Jan,Monday,21,Transplanting,-2.813005309798739,0.0,0.1802176825111964,6.776662132945608,57.95983766693165,22.922950404561615,22.61551743813065,11.193352336792348,Low,0
Jan,Monday,22,Transplanting,-2.1361794365188764,0.0,0.11354341752245495,6.49033971069109,57.84841309093436,21.035750029390748,19.98260396388824,13.180106213251538,Low,0
Jan,Monday,23,Transplanting,-2.398724539037872,0.0,0.1753261348087108,6.89318199827209,57.40437609226638,22.280924412918775,22.038481041806754,15.059641243930491,Low,0
Jan,Tuesday,0,Transplanting,-2.8590373980837644,0.0,0.09427960226107195,6.8614131181959035,59.18278796814316,21.444287116723817,21.203615262884348,18.951982136587,Low,0
Jan,Tuesday,1,Transplanting,-2.412140097633023,0.0,0.1206592732491345,6.765558146765666,56.21348601894083,23.51999726343201,16.718885788403558,17.56408076649286,Low,0
Jan,Tuesday,2,Transplanting,-3.1718110408839695,0.0,0.14816622655596984,6.744037615838021,56.070241046229384,21.449303156678123,11.056066185013403,19.828793376538876,Low,0
Jan,Tuesday,3,Transplanting,-3.7194364214121944,0.0,0.1431726997843538,6.416045846740823,56.482608175915345,21.054848086427693,14.412710723416765,16.64573225196956,Low,0
Jan,Tuesday,4,Transplanting,-3.4904830200189796,0.0,0.1585266641780259,6.424842843093023,56.741075728725654,22.48168171327705,20.00956614012471,15.272201299804923,Low,0
Jan,Tuesday,5,Transplanting,-3.7557573370149733,0.0,0.10293847598194525,7.078392895449796,54.16695705612272,22.044037615983342,17.7947562419905,17.92014132043049,Low,0
Jan,Tuesday,6,Transplanting,-3.806956149856909,0.0,0.12296829304974338,6.689539794186078,53.785493478638095,21.17131581706885,16.84045042325277,12.363347668696463,Low,0
Jan,Tuesday,7,Transplanting,-3.9239012277248078,0.0,0.1636936001599325,6.9176743824947815,50.605006128418594,24.575819630974394,10.613339495045961,11.506537439389273,Low,0
Jan,Tuesday,8,Transplanting,-3.803911264098377,0.0,0.0953160574398367,6.460160950872006,52.258122980833505,24.252870662980722,18.060618207267158,18.221908986453325,Low,0
Jan,Tuesday,9,Transplanting,-3.227048617255291,0.0,0.14003893713914406,6.526056622281661,56.391801771736766,26.533925636803367,14.854664349243098,16.307667064934712,Low,0
Jan,Tuesday,10,Transplanting,-3.3336986027337647,0.0,0.11232939160777874,6.812113211787594,55.22335897555449,28.169477243407613,15.926852257702235,18.191259528611244,Low,0
Jan,Tuesday,11,Transplanting,-3.1882262081664283,0.0,0.1272055937303912,6.640681880720094,55.998111257533026,30.224528856943465,20.65031229069141,13.65031890496382,Low,0
Jan,Tuesday,12,Transplanting,-4.288151984487088,0.0,0.1229592575745057,6.741118121092112,55.286942456499105,31.21079799106511,15.012574137747972,18.993209510269423,Low,0
Jan,Tuesday,13,Transplanting,-4.346116120737473,0.0,0.09241008972252626,6.641187751164704,50.69467509210551,31.25722579786206,15.298932083880425,17.45714719303225,Low,0
Jan,Tuesday,14,Transplanting,-4.765313485466018,0.0,0.11087573827571434,6.624341982502538,51.590887030416255,30.0518042650848,18.65674098223036,15.70344904621088,Low,0
Jan,Tuesday,15,Transplanting,-5.304983706969549,0.0,0.12507262882268472,6.575478545717771,51.14546103009552,27.640904347383227,20.71708627483993,16.29961979198019,Low,0
Jan,Tuesday,16,Transplanting,-5.623589797897188,0.0,0.11640466004507549,6.463444507781813,48.59506460989771,28.942334276719087,16.89188231377961,16.648569734841736,Low,0
Jan,Tuesday,17,Transplanting,-5.6576731399951115,0.0,0.1750457582427984,6.936895571058106,52.78453869186657,28.53937740624956,22.501646215068725,13.639419575425524,Low,0
Jan,Tuesday,18,Transplanting,-5.1261427563355895,0.0,0.15534844448857266,6.992119105515508,53.01443098802088,26.83310223919132,14.26399246622452,14.818713621537956,Low,0
Jan,Tuesday,19,Transplanting,-5.676389858919574,0.0,0.13014931744727237,6.557650567954365,50.45693099277054,24.525526679445488,13.737833198174775,16.609055868612938,Low,0
Jan,Tuesday,20,Transplanting,-5.534046351788784,0.0,0.09328988360481742,6.592414794810811,53.8067523143641,21.423397788529236,13.48214200514423,14.718415209794406,Low,0
Jan,Tuesday,21,Transplanting,-5.635504339816605,0.0,0.09115919178357164,6.720579518407564,46.97699902521986,21.95475439709727,13.143448706768707,12.107702813695862,Low,0
Jan,Tuesday,22,Transplanting,-5.642186624705163,0.0,0.18908338623481438,6.814947529890419,49.94329953849624,23.92205151899654,19.10964689548035,16.518471911347252,Low,0
Jan,Tuesday,23,Transplanting,-5.0374216090693915,0.0,0.08465400973747321,6.761148476983769,52.14286207610158,21.241616372268695,15.166632041832484,17.871335434818228,Low,0
Jan,Wednesday,0,Transplanting,-4.869286192703465,0.0,0.12398508663526835,6.880562706482395,49.98460304392384,21.456727017479693,14.769422908452343,19.650503238976153,Low,0
Jan,Wednesday,1,Transplanting,-4.352330399721278,0.0,0.13263320500220377,6.756699570815971,53.65583612430439,23.129041240932228,20.139390085406816,18.30994307551294,Low,0
Jan,Wednesday,2,Transplanting,-4.56728725497831,0.0,0.1091036721980843,6.761415305476804,50.3253456004763,22.030072604155578,21.47184774157215,19.024934793808242,Low,0
Jan,Wednesday,3,Transplanting,-4.985648537810578,0.0,0.08492286823979242,7.2254102340850315,52.91555814580312,21.4295959022363,22.152575190746198,19.447939341416493,Low,0
Jan,Wednesday,4,Transplanting,-5.125214520883439,0.0,0.09252861763477296,6.664002760568168,53.31515468613756,23.597376942978414,21.625853394009322,17.17830621012899,Low,0
Jan,Wednesday,5,Transplanting,-5.030486121955099,0.0,0.100872324919359,7.066532768970676,51.97150010956442,22.743844782516113,16.245689601872233,11.68187496083695,Low,0
Jan,Wednesday,6,Transplanting,-4.9770156091327715,0.0,0.09516774958157774,7.041891966155081,47.84956690795146,22.069559068498258,19.828272893349116,19.878619708354282,Low,0
Jan,Wednesday,7,Transplanting,-5.50013324642659,0.0,0.16647021376133259,6.854658617141273,48.36609316624411,23.238547602930904,20.490614732177274,14.745870937059982,Low,0
Jan,Wednesday,8,Transplanting,-5.426214500964442,0.0,0.119680590228458,6.353536341978659,51.60650520411166,27.483995164028414,17.575350264732723,14.15197446130566,Low,0
Jan,Wednesday,9,Transplanting,-5.308449045544328,0.0,0.10166696145983359,6.707939993867244,50.802119577718344,27.34335695987258,19.494256311714146,14.2206480333762,Low,0
Jan,Wednesday,10,Transplanting,-4.1871584178334125,0.0,0.1237435315353522,6.573642229023004,48.06281456181483,29.747514309719836,15.24514531011495,23.19061149688158,Low,0
Jan,Wednesday,11,Transplanting,-3.522949586605515,0.0,0.143378456685322,6.661651457775681,57.530581759883255,30.297657778906903,17.117199471717395,18.08053588252745,Low,0
Jan,Wednesday,12,Transplanting,-4.192951707787768,0.0,0.10793831028798472,6.47480044664832,53.710228913817026,29.757702048124,20.11536191676425,14.375125645984873,Low,0
Jan,Wednesday,13,Transplanting,-4.527198670160189,0.0,0.15156934533115704,6.799156724208887,50.99657386361546,29.964647108008176,23.522627963041586,15.27062558554565,Low,0
Jan,Wednesday,14,Transplanting,-5.355695312719969,0.0,0.07550986289752044,6.819825176642966,52.6362424446054,31.331475215801724,22.454318839965516,16.977354227185835,Low,0
Jan,Wednesday,15,Transplanting,-5.685619913056438,0.0,0.1609956271240745,6.8618129022323195,48.499432182850754,30.752764809315334,20.982575433202957,18.33517611093251,Low,0
Jan,Wednesday,16,Transplanting,-5.569301673953876,0.0,0.11968666810797228,6.636786044868069,48.75677174730227,27.128119078847654,19.23910011632433,17.677397511497038,Low,0
Jan,Wednesday,17,Transplanting,-5.073551231244348,0.0,0.11831956768868951,6.504762342276746,52.040182347041636,27.802742623655625,18.774308461074042,14.65765056409704,Low,0
Jan,Wednesday,18,Transplanting,-5.519597341410319,0.0,0.09574449864373016,6.789566183927318,53.81504329909983,25.74909806916157,14.657200138337044,17.772033025862314,Low,0
Jan,Wednesday,19,Transplanting,-5.867805532687103,0.0,0.07702524543203053,7.078665743867278,52.664441077496726,23.328508941299706,16.493480398331485,15.451197142605926,Low,0
Jan,Wednesday,20,Transplanting,-6.834283621834296,0.0,0.06166648224646132,6.7862241810938295,47.8171423054059,22.58439687577376,16.591435436218926,19.59645421845208,Low,0
Jan,Wednesday,21,Transplanting,-6.7645873668564,0.0,0.09330281658675749,6.874483636992015,48.189761637245276,21.295322567210885,20.724277946621946,17.119908172378583,Low,0
Jan,Wednesday,22,Transplanting,-7.099387176388863,0.0,0.14056856272108234,6.740186243996994,48.04446864083638,22.00183571628312,21.83484331445748,15.080831422111638,Low,0
Jan,Wednesday,23,Transplanting,-7.135658402774734,0.0,0.08635525521933683,6.695832047732002,43.86045248260194,21.736221013784025,21.209720258579388,18.70155198230917,Low,0
Jan,Thursday,0,Transplanting,-7.466064687672796,0.0,0.06580431349964919,6.901362164118681,46.86974142388925,21.975166988675202,23.447999314209394,19.13519575779589,Low,0
Jan,Thursday,1,Transplanting,-7.3853627587133435,0.0,0.08818271412067748,6.758640723802948,44.306982442800916,22.31781720507041,20.11677265457944,16.989919084577057,Low,0
Jan,Thursday,2,Transplanting,-8.05270085971507,0.0,0.10653083388734898,6.861695924018146,44.81047407027699,21.562546670475612,16.95120945221834,20.002313468887927,Low,0
Jan,Thursday,3,Transplanting,-8.485655978613877,0.0,0.10790745720681766,6.849348085963386,42.67949039611202,23.633543223098638,19.750201310952228,19.749876109118258,Low,0
Jan,Thursday,4,Transplanting,-7.231878807520873,0.0,0.11548874821150325,6.833508632244274,47.145907516178326,22.7696265867153,17.725488728702558,21.1816388293571,Low,0
Jan,Thursday,5,Transplanting,-7.686236681664211,0.0,0.15614122211181575,6.855754201149208,45.289238894018816,23.810650422705645,21.87357997526829,19.952429663723773,Low,0
Jan,Thursday,6,Transplanting,-7.989528167646922,0.0,0.16372390533320214,6.6252549277321195,38.17907185600479,22.246936024737586,18.82273779070782,17.64221613232775,Low,0
Jan,Thursday,7,Transplanting,-6.931863882054708,0.0,0.1901911876886263,6.592232683330377,47.22131010647906,23.71613550181283,19.60440514829664,13.95075872650716,Low,0
Jan,Thursday,8,Transplanting,-5.546498578734539,0.0,0.06312824391555011,6.69603607474267,51.47270931563563,27.252802404534886,21.980866689013247,18.643699820450095,Low,0
Jan,Thursday,9,Transplanting,-6.197356639516078,0.0,0.0900440627882283,6.705651903008415,49.51820076183832,26.90047062297068,17.676717131225303,19.031593896082523,Low,0
Jan,Thursday,10,Transplanting,-6.405749851649553,0.0,0.1444469804970914,6.5911766175581725,47.92102846362391,28.48701824215294,22.791929757466747,18.305075687970138,Low,0
Jan,Thursday,11,Transplanting,-6.277373852396474,0.0,0.10410890745662413,6.703498220280383,51.71862613810927,30.158788871617205,15.857210944121157,10.649897327695175,Low,0
Jan,Thursday,12,Transplanting,-5.555438684189562,0.0,0.15012752644472313,6.838215497787876,50.78969341618837,29.184242650816767,20.819652903816475,19.874158229218455,Low,0
Jan,Thursday,13,Transplanting,-6.169256198016866,0.0,0.12724897005401895,6.862091601130104,49.56913172514574,30.94403574783492,19.627303008032175,15.89695768826115,Low,0
Jan,Thursday,14,Transplanting,-6.3752464720795645,0.0,0.175272147351288,6.907090622820694,50.28839225511018,30.64110095038627,22.382025389271938,19.891390362193963,Low,0
Jan,Thursday,15,Transplanting,-6.102369400149892,0.0,0.156495063987644,6.416862532684962,49.579499439033455,30.59821119764962,15.776878114408044,22.42879514623137,Low,0
Jan,Thursday,16,Transplanting,-6.029639306515477,0.0,0.15713558192956437,6.463034944800198,47.232830157534444,29.34168746215235,15.307626631626364,17.545089380940205,Low,0
Jan,Thursday,17,Transplanting,-6.336901512256131,0.0,0.10558449369572065,6.634320312722925,43.414761543026046,28.402901097171927,22.150133157583408,19.27329341453862,Low,0
Jan,Thursday,18,Transplanting,-6.493766745683603,0.0,0.11658887039111049,6.740585591493321,46.960718006323184,25.757732392533736,18.727233575352436,18.25902779907085,Low,0
Jan,Thursday,19,Transplanting,-7.1854839916536655,0.0,0.10931612898514254,6.717609291055469,47.77672947179344,23.465031216684864,19.62759368869538,19.491042282966838,Low,0
Jan,Thursday,20,Transplanting,-7.263940773507301,0.0,0.06729377497225326,6.652080095598141,45.36034948074687,24.06298833126669,17.920752517272582,18.435696094970773,Low,0
Jan,Thursday,21,Transplanting,-7.33632277910956,0.0,0.17151192394234366,6.7404000641507364,47.495182074700516,21.153643507582427,22.63843113948171,16.884632555412978,Low,0
Jan,Thursday,22,Transplanting,-7.1640722508135175,0.0,0.14608855580951244,6.880989644984336,46.6036829498881,21.233789536900954,20.797648631230118,15.914727788790593,Low,0
Jan,Thursday,23,Transplanting,-7.358492628489318,0.0,0.10792405065716719,6.530761423091328,48.415749832150006,22.827102432407067,20.62199226417113,22.153247633727645,Low,0
Jan,Friday,0,Transplanting,-7.206477992022169,0.0,0.16566073776109908,7.17917945848755,45.61401940490547,23.67498883854188,17.291138595475417,20.47138246180778,Low,0
Jan,Friday,1,Transplanting,-6.819533488576785,0.0,0.09793713236384956,6.7783792276582036,48.0683492805511,22.526640676731333,22.304516659613206,21.451287296525734,Low,0
Jan,Friday,2,Transplanting,-6.860722269391892,0.0,0.05566529360406536,6.954035886564744,48.04603668253018,23.174442959761766,17.82336124372756,20.372657257055835,Low,0
Jan,Friday,3,Transplanting,-6.7976492022859105,0.0,0.15525794135127652,6.696423751636052,50.188845659776206,20.77835781802243,18.824340916956178,21.814420285123685,Low,0
Jan,Friday,4,Transplanting,-6.869989829437071,0.0,0.0752503918409401,6.886252466200632,43.598749796682476,21.97536403025509,16.703957005644547,17.135081794348046,Low,0
Jan,Friday,5,Transplanting,-6.951189577603247,0.0,0.11314785870316059,6.817378766794863,45.90032846464589,20.875841754285393,20.330375576246766,19.582953611174094,Low,0
Jan,Friday,6,Transplanting,-7.34409081849974,0.0,0.12721430642743162,6.921735579401148,47.571214246377636,22.999328766582927,23.993419780201933,20.638715286563347,Low,0
Jan,Friday,7,Transplanting,-7.216531987335291,0.0,0.13349128706585667,6.732982818636034,49.2721161899526,22.917382410379304,21.480084967489542,22.606673989468163,Low,0
Jan,Friday,8,Transplanting,-7.297927900275649,0.0,0.14969403696713288,7.019424219534427,46.465116064622606,24.823814836114348,19.47453728051049,26.057690248751427,Low,0
Jan,Friday,9,Transplanting,-6.390010689606816,0.0,0.14032979991936292,6.427317868769747,47.578566016100666,27.77413857883899,21.127438954303567,20.393796555106043,Low,0
Jan,Friday,10,Transplanting,-5.853266153614669,0.0,0.13924623842967093,6.841200619315267,50.96639796867368,29.479111341358422,21.110841916402652,17.72224814961937,Low,0
Jan,Friday,11,Transplanting,-5.937862476914833,0.0,0.0923236876280228,6.692035909146409,50.98653540586777,29.455576456635978,20.998206051779476,16.385892283247163,Low,0
Jan,Friday,12,Transplanting,-6.540304141176068,0.0,0.13029852450436802,6.469742774781749,47.08394670384282,30.630561300741395,21.332003290779472,17.11296316595158,Low,0
Jan,Friday,13,Transplanting,-7.2282955236806465,0.0,0.06730575104824629,7.001793398606003,46.812705367521545,30.805230533498474,17.680016938164922,17.439701389151658,Low,0
Jan,Friday,14,Transplanting,-6.795186488142033,0.0,0.17467481944584906,6.995234363633655,49.55260695328307,30.00208180990061,21.119615080090632,12.122293919202942,Low,0
Jan,Friday,15,Transplanting,-6.850638127430743,0.0,0.07091023116636216,6.308598467578123,50.83938648071512,28.706986556910355,15.534254892098833,17.685862469850424,Low,0
Jan,Friday,16,Transplanting,-6.808286169516318,0.0,0.10787460564352794,6.708097714943469,48.64532311163142,29.081564985251955,22.526870825211937,21.166851753345355,Low,0
Jan,Friday,17,Transplanting,-7.777886832077251,0.0,0.07383940163406258,6.821718335339184,44.92134939634579,27.853394967489937,17.49175242426886,19.56349934797033,Low,0
Jan,Friday,18,Transplanting,-7.411002025551921,0.0,0.09444417999470218,6.793587523966016,45.60544478659957,26.56128943541267,24.33279349047675,18.728438499240276,Low,0
Jan,Friday,19,Transplanting,-7.30666962193302,0.0,0.12046999454012179,7.019223020326414,47.078786021748,24.404820610913628,13.46429120901459,15.32011837315318,Low,0
Jan,Friday,20,Transplanting,-7.916231594301016,0.0,0.10149346655193994,7.026270886314382,44.26969848871865,21.440200069216537,25.823274827580143,22.001024948963245,Low,0
Jan,Friday,21,Transplanting,-8.145160233396158,0.0,0.16004861903509676,6.816324642200662,44.330896437894,22.927272129095343,15.882337969666256,20.65453322730099,Low,0
Jan,Friday,22,Transplanting,-8.001031725426929,0.0,0.1279415355586979,7.1867702231968345,42.181771329913616,22.373895135817328,17.200196112588607,19.342670888491362,Low,0
Jan,Friday,23,Transplanting,-7.96032602448354,0.0,0.10379815947699925,6.951300223419244,46.98933193422182,21.988810044541324,21.697171113823003,13.868701969048857,Low,0
Jan,Saturday,0,Transplanting,-8.223279636889666,0.0,0.11532463245090838,6.717156020914298,41.48375941716745,22.13929133024503,23.556144953273744,19.345985407621697,Low,0
Jan,Saturday,1,Transplanting,-8.351830297366995,0.0,0.16268951599695775,6.685735519071581,42.59138376541319,21.822794257287697,20.84984372045185,21.65721262922753,Low,0
Jan,Saturday,2,Transplanting,-8.517386098150936,0.0,0.15181048091495633,6.990010345188996,43.25345988614138,23.086075023083545,24.377818156773618,20.50149822341466,Low,0
Jan,Saturday,3,Transplanting,-8.467572903907778,0.0,0.08014301870946061,6.6511606160274805,47.15979879039861,21.240508213135982,19.310337241731823,21.052761837092525,Low,0
Jan,Saturday,4,Transplanting,-7.823428286950553,0.0,0.09617719000511384,6.715043940915151,43.87840614161403,21.580211252154864,20.50092415965388,22.28653207058718,Low,0
Jan,Saturday,5,Transplanting,-9.081736481930617,0.0,0.136617643653953,6.737697334154188,40.371800815445724,22.111981692262646,20.79376617255289,20.959764105053903,Low,0
Jan,Saturday,6,Transplanting,-9.11379821571191,0.0,0.1323678305109464,6.821527600610839,40.525250447623826,23.6660006785912,20.084812425465252,22.197104249146832,Low,0
Jan,Saturday,7,Transplanting,-8.9570277326287,0.0,0.0832366460510433,6.702698616003043,45.32092777691374,24.998591910924794,15.897464276826334,18.46404394095334,Low,0
Jan,Saturday,8,Transplanting,-8.773333532138272,0.0,0.14621943062573184,6.507444279578435,36.8193055358561,24.533397270342682,21.62599880047452,17.515987275659107,Low,0
Jan,Saturday,9,Transplanting,-8.923702389177576,0.0,0.08881940509347615,6.895014411550259,40.077638241676645,28.443996085871856,21.354978538891807,21.766318372349907,Low,0
Jan,Saturday,10,Transplanting,-9.6863310790303,0.0,0.16563393708497198,6.594070422718711,45.71538282864638,29.709188033331188,24.934548291131016,22.27893782051208,Low,0
Jan,Saturday,11,Transplanting,-9.415886849306908,0.0,0.13853072046873677,7.04643518414789,42.083635708646696,28.643544282401237,17.84216675288832,21.87035115623569,Low,0
Jan,Saturday,12,Transplanting,-8.566277316252279,0.0,0.08038264422739975,6.74485935109211,40.72896454231609,28.157256680977433,19.781778027790928,20.901882113470823,Low,0
Jan,Saturday,13,Transplanting,-9.31584047962147,0.0,0.10148231544878059,6.8858390066605555,41.05814688455892,30.317222702122205,25.310473676570638,19.762814321583427,Low,0
Jan,Saturday,14,Transplanting,-8.893322428532501,0.0,0.10087387849149816,6.759969630179126,42.290935303657726,31.072362824894444,22.57986658385306,21.100381684713145,Low,0
Jan,Saturday,15,Transplanting,-9.076664093443616,0.0,0.1255956852455816,6.8863737210763,43.408256667546524,30.855760519059515,23.34813905846912,21.521166513330435,Low,0
Jan,Saturday,16,Transplanting,-9.121884542992152,0.0,0.11286080856956283,6.796166168603769,45.28648110246396,27.93299004825524,23.060300870018597,21.67116028572255,Low,0
Jan,Saturday,17,Transplanting,-9.611877624500416,0.0,0.07990788803163758,6.723362864639521,41.20859706375743,28.76450169860024,23.073614942303664,27.090765558238353,Low,0
Jan,Saturday,18,Transplanting,-9.711642256852725,0.0,0.07120092988220984,6.948326276589866,39.11248197752754,24.063723996287102,27.163149984543047,18.27090720291138,Low,0
Jan,Saturday,19,Transplanting,-9.060244860989199,0.0,0.13921581670392516,7.202064075917763,43.32958121782234,23.86072698058708,21.974621973940955,28.63789947703648,Low,0
Jan,Saturday,20,Transplanting,-8.817973188563904,0.0,0.1300182902597457,6.733318079081711,40.9403589537209,22.0412314646274,18.665970169471787,17.430863937095946,Low,0
Jan,Saturday,21,Transplanting,-8.084487174230846,0.0,0.12369381450217612,6.906133813491411,42.030555789867904,23.296869619939443,23.616392458683677,21.53708848269318,Low,0
Jan,Saturday,22,Transplanting,-7.693245842020788,0.0,0.12947561506361613,6.760351284356896,41.51639223523722,23.413641972751822,20.00034497731868,17.585810214346594,Low,0
Jan,Saturday,23,Transplanting,-7.677206774051815,0.0,0.09833782983662377,6.856514939823545,41.94444695327484,23.138378924346718,21.37018907074513,21.338526110159993,Low,0
Jan,Sunday,0,Vegetative/Tillering,-7.429105066686831,0.0,0.12643973252213003,6.800670140948727,43.877257527703065,21.294559961003284,23.71054300526716,24.226140395467713,Low,0
Jan,Sunday,1,Vegetative/Tillering,-7.7902790804861946,0.0,0.20884769477444937,6.37812985219054,42.44775067143139,23.065095225439137,20.135937054343437,21.852290032940893,Low,0
Jan,Sunday,2,Vegetative/Tillering,-7.914023107437228,0.0,0.16110984922615001,6.734732887184006,45.13281759690009,22.782233574874795,21.069115756540697,24.203534405746367,Low,0
Jan,Sunday,3,Vegetative/Tillering,-8.516346346986271,0.0,0.1099057042164057,6.976849725728891,40.66196511558487,21.03801249177633,24.027545713211236,20.71162780482766,Low,0
Jan,Sunday,4,Vegetative/Tillering,-8.863154774263892,0.0,0.1016819888514566,6.663941973757277,35.94109593771717,20.72138893695865,20.954065086372786,16.646172980861458,Low,0
Jan,Sunday,5,Vegetative/Tillering,-9.500301238641686,0.0,0.019884621087795165,6.930189488272628,38.611453478081025,23.205391432016622,25.520155947971073,23.337606164681468,Low,0
Jan,Sunday,6,Vegetative/Tillering,-9.287424072441944,0.0,0.15740429535446443,6.812085841202013,40.2664629306965,22.230920559216603,19.641527206412107,21.84742914462126,Low,0
Jan,Sunday,7,Vegetative/Tillering,-10.081568744991376,0.0,0.14753118738211846,6.731126377480943,38.09333603627677,23.127021797686613,19.631426870765296,20.571798428633315,Low,0
Jan,Sunday,8,Vegetative/Tillering,-9.887133999596976,0.0,0.10096602107532276,6.890353783801404,42.809927759585634,25.67953236997345,28.31816759726597,20.744429502228577,Low,0
Jan,Sunday,9,Vegetative/Tillering,-10.165557761030358,0.0,0.06989023109930054,6.820273408645161,37.87557625494884,27.65415127976043,18.009320675221144,22.787287671279877,Low,0
Jan,Sunday,10,Vegetative/Tillering,-9.80229626020359,0.0,0.0795656394883596,6.759747908439493,41.73633590190978,28.5633709584102,22.51985041300513,19.73450109038847,Low,0
Jan,Sunday,11,Vegetative/Tillering,-9.690879383413774,0.0,0.1355539251867798,6.870244606189697,40.20392428044522,28.341162020718482,28.1544515426887,22.708945357237734,Low,0
Jan,Sunday,12,Vegetative/Tillering,-9.126343276572564,0.0,0.116873074321812,6.673814665221356,41.51216668488065,31.682868820305877,22.514225656302184,24.742425880725722,Low,0
Jan,Sunday,13,Vegetative/Tillering,-9.143966517827817,0.0,0.14420572061625486,6.348784498434121,39.883719779517165,31.178374375190312,26.640312007191998,26.921008694865975,Low,0
Jan,Sunday,14,Vegetative/Tillering,-10.20720709815366,0.0,0.12302550984288643,6.5958464227944456,38.88513766126969,29.906121336115813,24.557424593215046,25.282149677738992,Low,0
Jan,Sunday,15,Vegetative/Tillering,-10.454453042272258,0.0,0.15383655912407695,6.347507435622161,36.87912044475175,29.346675218497523,22.578394347295596,22.175196915749844,Low,0
Jan,Sunday,16,Vegetative/Tillering,-11.172145875585024,0.0,0.13293512991372863,6.797067042084832,37.026898527105075,28.917241775514782,22.20806421561138,22.41499608309526,Low,0
Jan,Sunday,17,Vegetative/Tillering,-11.500079525333886,0.0,0.14900783830562384,6.87692765159857,35.427309873951295,26.459221298277605,16.24204775757177,20.770212015470477,Low,0
Jan,Sunday,18,Vegetative/Tillering,-10.870493374590396,0.0,0.0468610806177322,6.890443237651397,35.52156003459985,26.10421106217004,21.642665020343916,20.606724641793438,Low,0
Jan,Sunday,19,Vegetative/Tillering,-10.72054223050972,0.0,0.0767979050325889,6.854178323028936,39.754487326177866,23.090581522161898,23.296655517493583,23.950912829484473,Low,0
Jan,Sunday,20,Vegetative/Tillering,-11.188098033662008,0.0,0.10724769155393304,6.951947933892216,37.50224567925403,22.318572626523867,23.294988729077726,21.002058187522657,Low,0
Jan,Sunday,21,Vegetative/Tillering,-11.724063133903426,0.0,0.15778490747150847,6.507109257110139,34.46612301034728,21.44014280011451,29.99757627146169,22.68608243605756,Low,0
Jan,Sunday,22,Vegetative/Tillering,-11.703920131140407,0.0,0.1858185404123709,6.770929961864948,35.70157777933365,21.480532814138627,23.442874198448518,19.364559564818794,Low,0
Jan,Sunday,23,Vegetative/Tillering,-12.236983290990059,0.0,0.11425174761645927,6.502441450651103,33.96359505861993,23.691578090894566,24.490435962381536,25.196614956597138,Low,0
Jan,Monday,0,Vegetative/Tillering,-12.592852088413245,0.0,0.0985946977639137,6.711664958963525,31.541973113281664,22.422380715427643,26.994889502229704,22.162608340874357,Low,0
Jan,Monday,1,Vegetative/Tillering,-12.443799733960642,0.0,0.051576100950976894,7.065311434643083,33.775873096536785,22.540925188320934,25.121503934583373,25.6886979266624,Low,0
Jan,Monday,2,Vegetative/Tillering,-11.924310688291472,0.0,0.15022473174256074,6.9977942511568205,33.63963083848572,20.765896111134943,23.24185279978993,21.209192056813922,Low,0
Jan,Monday,3,Vegetative/Tillering,-11.713349630484862,0.0,0.10074332986819332,6.903250394267649,33.498093215596136,21.897398593183162,23.25643794838179,21.076973768428175,Low,0
Jan,Monday,4,Vegetative/Tillering,-12.829159049634024,0.0,0.22354171342753543,6.738648813427432,29.464483620345295,22.74396969496348,22.448036553291157,26.288829453394673,Low,0
Jan,Monday,5,Vegetative/Tillering,-12.615814722466812,0.0,0.09412086279879203,6.595698303608424,32.50482995900239,22.530309012758003,24.83263308740974,21.403731213286193,Low,0
Jan,Monday,6,Vegetative/Tillering,-12.535218886700132,0.0,0.1936846283901233,6.836388340937441,34.54941599108713,20.651776142917036,22.989037837060362,19.048999374070757,Low,0
Jan,Monday,7,Vegetative/Tillering,-12.31374058198957,0.0,0.14619285842556135,6.947608482653372,32.557703896467316,24.32087780497618,25.374809171594812,20.368898658146524,Low,0
Jan,Monday,8,Vegetative/Tillering,-11.587120632315884,0.0,0.08401074602375216,6.794187113729958,40.73232786675782,26.139316955780217,20.4727380690109,25.110521702495674,Low,0
Jan,Monday,9,Vegetative/Tillering,-12.625766069408987,0.0,0.12812503260252553,6.401226737745346,34.96953274072389,28.389928013428825,23.94054537522593,24.87030135812964,Low,0
Jan,Monday,10,Vegetative/Tillering,-12.866688694361061,0.0,0.14699831842926633,6.709747957011947,35.228607398854415,28.105466964593564,28.156201964222106,21.062497292584204,Low,0
Jan,Monday,11,Vegetative/Tillering,-12.553795632016813,0.0,0.1121161732619196,6.351264485921395,34.961376507307165,27.789095967110814,22.826129507965558,21.389453247002596,Low,0
Jan,Monday,12,Vegetative/Tillering,-13.275015056622067,0.0,0.14932939486933045,6.816597989518924,35.345693813984184,29.377006696010465,29.02900488090033,24.65128956573158,Low,0
Jan,Monday,13,Vegetative/Tillering,-12.532051343614254,0.0,0.1485585005772031,6.545298385814413,31.849072808380704,29.497347968905153,23.991014341986787,26.258551362981844,Low,0
Jan,Monday,14,Vegetative/Tillering,-12.403337013126295,0.0,0.1408718475207946,6.430881292031293,28.610516397179648,30.763790399678566,23.330475423562,22.796751151320574,Low,0
Jan,Monday,15,Vegetative/Tillering,-12.087588603270556,0.0,0.11942343211833731,6.84858709420425,33.597536135444905,27.4093616725031,23.8498555069116,24.354346038592062,Low,0
Jan,Monday,16,Vegetative/Tillering,-12.461719424616255,0.0,0.07887709687428557,6.789123510317825,34.708310532016064,28.27096669168614,22.56573026750864,25.152332666369972,Low,0
Jan,Monday,17,Vegetative/Tillering,-12.165248743506684,0.0,0.11731251185836683,6.726778491328583,34.606436959079915,28.503554793731674,17.55833178668076,28.351258079616343,Low,0
Jan,Monday,18,Vegetative/Tillering,-11.797335052554013,0.0,0.12616226323005453,7.119229832239078,35.73734109580593,25.851839883207372,26.140524574669453,20.07946004699884,Low,0
Jan,Monday,19,Vegetative/Tillering,-11.855276734956224,0.0,0.05433821951367615,6.8537166566571965,37.68915584144481,24.87222092459165,30.07813949184134,21.296941479340497,Low,0
Jan,Monday,20,Vegetative/Tillering,-11.89952616846671,0.0,0.12592323605969705,6.680484332615687,35.705252344604894,21.06156133315913,24.941287810098007,21.702566664713085,Low,0
Jan,Monday,21,Vegetative/Tillering,-11.913619612816069,0.0,0.11661195573164498,6.889555570305766,36.50513878442348,21.09340838943494,25.12396288406938,25.037560371786864,Low,0
Jan,Monday,22,Vegetative/Tillering,-12.425751569487874,0.0,0.07461808752252659,6.708134168694498,31.799070749523583,23.52479396627619,22.952221943326013,22.338955694872087,Low,0
Jan,Monday,23,Vegetative/Tillering,-12.532249722411088,0.0,0.10834477632578851,7.003677003552373,31.231813287781318,22.455972292605804,26.97336729649193,23.749364596810995,Low,0
Jan,Tuesday,0,Vegetative/Tillering,-12.768958789765986,0.0,0.10908537786079954,6.826211604882967,36.08272675061061,22.457619489767314,24.282185144620676,24.471274049603572,Low,0
Jan,Tuesday,1,Vegetative/Tillering,-12.71868407591854,0.0,0.18755330867226966,6.858679025561364,33.176961288089636,21.480477737514402,25.201660294590692,24.17100948139337,Low,0
Jan,Tuesday,2,Vegetative/Tillering,-12.3862362830692,0.0,0.12770414211620784,6.5160393054174435,32.526574553741646,22.455625383160186,19.70435059760733,24.435158102632574,Low,0
Jan,Tuesday,3,Vegetative/Tillering,-13.016445096940545,0.0,0.15626158379601096,6.801669542330612,31.017742780248454,21.45824994532792,22.811974389266656,26.741418453988565,Low,0
Jan,Tuesday,4,Vegetative/Tillering,-13.13055049111613,0.0,0.1158764643428273,6.752504700845385,30.68843257804477,23.32449635912452,25.502059444543715,21.74020254431902,Low,0
Jan,Tuesday,5,Vegetative/Tillering,-12.500876949314058,0.0,0.05441292191077207,6.559782609543682,32.079977279554576,24.55726456789454,27.121635203751975,23.7955261893394,Low,0
Jan,Tuesday,6,Vegetative/Tillering,-12.958957768264634,0.0,0.14353196470875684,6.7311974398060235,29.83220575095756,22.762152842932263,27.204819226388516,21.128472302167882,Low,0
Jan,Tuesday,7,Vegetative/Tillering,-13.389974711888952,0.0,0.09696346446443606,6.836227284395915,28.3632198870255,23.64721036328128,19.662457254046753,24.733058986995776,Low,0
Jan,Tuesday,8,Vegetative/Tillering,-13.304494110003914,0.0,0.10825399545042313,6.754429923389906,31.179205380681772,23.819143248544737,19.966660674255756,23.677844514815565,Low,0
Jan,Tuesday,9,Vegetative/Tillering,-12.949832255495721,0.0,0.08314600628095853,6.468091848666334,31.23455084616947,26.015347123235994,26.152411303165643,26.839774498086403,Low,0
Jan,Tuesday,10,Vegetative/Tillering,-13.029802903612913,0.0,0.1225468752372476,6.615217850156061,34.4427916022156,29.87354132456595,22.159574835985502,24.154608615293174,Low,0
Jan,Tuesday,11,Vegetative/Tillering,-12.517504987089326,0.0,0.15728124265678584,6.596864575943785,34.04414133751945,28.759397468602494,27.08377781812533,23.05706883315915,Low,0
Jan,Tuesday,12,Vegetative/Tillering,-12.302085885630772,0.0,0.15264583379661192,6.699166103264032,34.505629234642115,29.877755392105378,19.509495372753946,23.549891546484858,Low,0
Jan,Tuesday,13,Vegetative/Tillering,-12.13624585364085,0.0,0.17551663277248075,6.664406949446045,32.88676913615306,30.899260779663344,24.10477016879966,28.4752272006846,Low,0
Jan,Tuesday,14,Vegetative/Tillering,-12.134907897424178,0.0,0.18047858102839393,6.568005821765707,34.134164214622025,31.360255136944023,24.297289548270655,20.24146513931987,Low,0
Jan,Tuesday,15,Vegetative/Tillering,-11.345814017796084,0.0,0.04839440194096217,6.590034359089472,36.992048564552285,29.423081406288283,25.84140129100974,22.597876415127686,Low,0
Jan,Tuesday,16,Vegetative/Tillering,-11.81474694896868,0.0,0.07822328036748039,6.700011290377038,36.576998801900515,28.30591836401141,21.30652001156094,24.256686776666832,Low,0
Jan,Tuesday,17,Vegetative/Tillering,-13.032186661920049,0.0,0.05671329475857065,6.874532587332405,32.03496835835515,27.420215237678416,18.49970781602375,22.575600550216496,Low,0
Jan,Tuesday,18,Vegetative/Tillering,-12.457354955457417,0.0,0.14211756436363565,6.782495899193037,35.76059566555062,25.34395965962909,24.913818284637046,25.39337084857656,Low,0
Jan,Tuesday,19,Vegetative/Tillering,-12.889209260001003,0.0,0.09574213756702966,7.013210796917086,32.581876393813474,23.69611210901615,25.979290817636436,24.02545307138938,Low,0
Jan,Tuesday,20,Vegetative/Tillering,-13.001197897320825,0.0,0.10287868838546246,6.975906814781134,33.88281928346538,22.704504094027097,27.422364887899114,24.806628923242528,Low,0
Jan,Tuesday,21,Vegetative/Tillering,-12.548969504675702,0.0,0.11241908988253907,7.044054351103633,32.40276877160002,22.523233214267588,23.32434503984755,24.461237004862376,Low,0
Jan,Tuesday,22,Vegetative/Tillering,-13.46021945638651,0.0,0.13338997408317632,6.997648713645847,27.570296571535092,24.080284245246865,26.727044923046343,23.90905318442337,Low,0
Jan,Tuesday,23,Vegetative/Tillering,-14.074301000939075,0.0,0.06801376331977403,7.052939727213705,30.258395573783268,22.726079053308343,25.85732132466529,20.93960732860794,Low,0
Jan,Wednesday,0,Vegetative/Tillering,-14.902618376955532,0.0,0.07593977880780696,6.555495547538052,29.184364021599976,23.29591643847506,29.26721523314301,25.80481440631743,Low,0
Jan,Wednesday,1,Vegetative/Tillering,-15.23907544592762,0.0,0.12004536722858875,6.9062671521445615,28.07691359338885,21.517971858621497,25.133836251867347,20.956061243598153,Low,1
Jan,Wednesday,2,Vegetative/Tillering,-14.96141285523455,0.0,0.16195610776540637,6.9898708120351385,28.43698247031196,22.795125832024215,20.110302091617765,23.684680879258725,Low,0
Jan,Wednesday,3,Vegetative/Tillering,-14.67442673840227,0.0,0.11911109088621204,7.037375694093404,27.584201895924576,21.796614922719154,25.097020979142258,26.58759654838997,Low,0
Jan,Wednesday,4,Vegetative/Tillering,-14.531392813987111,0.0,0.09229191027662888,6.63340017449793,27.01116474353975,22.691362610637245,25.565352245388137,28.338802172604407,Low,0
Jan,Wednesday,5,Vegetative/Tillering,-15.16355654673676,0.0,0.04481269618818273,6.886941319310281,28.210920825919334,22.925811678491872,26.854582727195485,31.238123646537925,Low,1
Jan,Wednesday,6,Vegetative/Tillering,-16.109349621122746,0.0,0.15334364547710977,6.789813125563057,25.69045574170196,22.41489507520118,20.70195290097815,24.29394838732319,Low,1
Jan,Wednesday,7,Vegetative/Tillering,-15.86039563969617,0.0,0.0942423922713332,7.053755421208915,24.313252283041543,26.081028048830348,24.36386555557638,23.20177175778306,Low,1
Jan,Wednesday,8,Vegetative/Tillering,-15.887948664934965,0.0,0.07983970794868976,6.4579607016855896,27.587771582540196,26.988453728227228,27.904310714693846,26.670292210483804,Low,1
Jan,Wednesday,9,Vegetative/Tillering,-15.500408466737898,0.0,0.05996361707394267,6.549457155126887,24.533288650733844,28.304714681133145,24.9877436418366,30.03950537040496,Low,1
Jan,Wednesday,10,Vegetative/Tillering,-15.068116594039465,0.0,0.0696314716100312,6.347969699302174,26.169473416723203,29.24108081364025,24.382796853603743,29.1964453152356,Low,1
Jan,Wednesday,11,Vegetative/Tillering,-14.961833937681954,0.0,0.08635750228411515,6.673629337704903,30.86444897424664,30.993439597403388,31.0189791933505,22.77688532022863,Low,0
Jan,Wednesday,12,Vegetative/Tillering,-14.603261742431789,0.0,0.11164029423320472,7.084618530576349,30.18933569363153,29.024847859479216,22.089987439505343,25.01331036467758,Low,0
Jan,Wednesday,13,Vegetative/Tillering,-14.546486557794024,0.0,0.07769404033337701,6.6324501112481205,27.8724136495123,31.47122649439246,28.999464129952944,27.490501541196892,Low,0
Jan,Wednesday,14,Vegetative/Tillering,-14.374093766626647,0.0,0.1264997813141673,6.689964580336541,29.57693637938315,29.38142784785497,28.363749207622572,27.663861214424237,Low,0
Jan,Wednesday,15,Vegetative/Tillering,-14.791616284312948,0.0,0.11137432910286643,6.774573783992687,28.309705406696605,29.131279647965968,24.624500615149113,26.84423814294761,Low,0
Jan,Wednesday,16,Vegetative/Tillering,-14.922194829963175,0.0,0.1977697301214585,6.655386225473784,22.195504678133624,29.078765814993574,25.20132834075302,24.24271187331053,Low,1
Jan,Wednesday,17,Vegetative/Tillering,-14.870013120205307,0.0,0.060344490926256836,6.753142265236757,25.9990206125605,28.34949454727845,25.19062380114351,26.82199637810165,Low,0
Jan,Wednesday,18,Vegetative/Tillering,-14.54611791388317,0.0,0.12565178006093336,6.809249971365083,28.487623772461827,24.923208607594894,25.84584326903061,27.687960345525813,Low,0
Jan,Wednesday,19,Vegetative/Tillering,-14.812319743373193,0.0,0.12609017461643351,6.6041228290805405,27.237209662785727,23.745131569508327,23.516375927686635,23.034533144206996,Low,0
Jan,Wednesday,20,Vegetative/Tillering,-14.624649403451375,0.0,0.0839304908626898,6.758776207051044,28.89504656137754,22.45302565800105,24.015555320713993,28.690173081109712,Low,0
Jan,Wednesday,21,Vegetative/Tillering,-14.809618620052687,0.0,0.12333383391066113,6.912659318824593,30.21587993776939,22.22590719624343,24.234326407306565,27.844482118245004,Low,0
Jan,Wednesday,22,Vegetative/Tillering,-14.891810432987414,0.0,0.14693580282423507,6.933770316246535,27.11658339152235,23.05822564898815,24.33010689820335,23.50967958450411,Low,0
Jan,Wednesday,23,Vegetative/Tillering,-14.524499981112813,0.0,0.12337720188952414,6.9693741667231555,26.52589045308352,25.123742092787616,24.367731308343792,27.67685790423195,Low,0
Jan,Thursday,0,Vegetative/Tillering,-12.821647150731389,0.0,0.16845620096869435,6.832221643518593,33.37775015526675,22.710456566820703,19.477525632891787,28.595284138711126,Low,0
Jan,Thursday,1,Vegetative/Tillering,-11.031046964052612,0.0,0.04378093336666315,6.8497387852819465,36.372240619138125,21.786842849470148,26.49294726378836,28.690381631934255,Low,0
Jan,Thursday,2,Vegetative/Tillering,-9.562883817934516,0.0,0.09052183055190478,6.927466375706301,40.23695183531336,21.337793335488804,24.617596659538204,30.5024326361017,Low,0
Jan,Thursday,3,Vegetative/Tillering,-8.67325910507728,0.0,0.17162696165308305,6.673719408520191,42.10063070950837,22.114796869131517,20.5995667401559,26.5363455523254,Low,0
Jan,Thursday,4,Vegetative/Tillering,-7.155486583650853,0.0,0.15192092166423476,6.673717769274297,50.81050779925992,21.622800091176966,25.14984695526719,27.39130328955727,Low,0
Jan,Thursday,5,Vegetative/Tillering,-5.2028428415740855,0.0,0.13891790989432007,6.748800788118503,46.531768658226305,22.749039833580337,25.057127565977833,19.965679362099543,Low,0
Jan,Thursday,6,Vegetative/Tillering,-3.987342673625872,0.0,0.16316253922818108,6.541947554450851,53.15370977703261,22.73661730862738,30.025733581247415,29.35205674143594,Low,0
Jan,Thursday,7,Vegetative/Tillering,-2.726478796956252,0.0,0.052920474245438054,6.828972645285525,56.94907283600821,23.78463290803055,24.582310124711753,29.111466043975472,Low,0
Jan,Thursday,8,Vegetative/Tillering,-1.2458886470770825,0.0,0.14784637319529875,6.889824257650774,58.94758226244945,27.43403392396749,28.20337053962049,29.952585761961817,Low,0
Jan,Thursday,9,Vegetative/Tillering,0.12694275531231125,0.041666666666666664,0.16042652456748757,6.583073735536927,65.60431427700611,26.77456055947795,30.348436010157155,24.220798982076175,Low,0
Jan,Thursday,10,Vegetative/Tillering,0.6688586989418249,0.08333333333333333,0.11366696165739484,6.762815249097963,66.73177623489966,28.5341070054257,24.315793872935227,28.96761346448779,Low,0
Jan,Thursday,11,Vegetative/Tillering,1.7633142646062216,0.125,0.2561061557413485,6.547845194691472,67.63644499807785,30.094081075931207,26.057508370414734,29.109373241094886,Low,0
Jan,Thursday,12,Vegetative/Tillering,2.1242072638567,0.16666666666666666,0.17997739533858953,6.466195401453856,68.05674992256868,30.88806721247045,31.386075324729106,24.935208468151078,Low,0
Jan,Thursday,13,Vegetative/Tillering,2.00360691298438,0.20833333333333334,0.09334325633681058,7.011545069618221,68.0847429226992,31.39706121723456,26.886928465447742,29.20241106741014,Low,0
Jan,Thursday,14,Vegetative/Tillering,1.997421786677136,0.25,0.1832800645946098,6.474339728307158,68.0842389807295,30.51722048064918,27.321249526206785,27.72010177758242,Low,0
Jan,Thursday,15,Vegetative/Tillering,1.5831930736099387,0.2916666666666667,0.1343847257906195,6.425870306186442,67.14291732041234,30.42348110384975,24.97823822809502,22.31747056567741,Low,0
Jan,Thursday,16,Vegetative/Tillering,1.4857505643389661,0.3333333333333333,0.1979185986960073,6.729685291638128,66.6898031513799,28.097565322121888,28.261152491296723,28.023702051174755,Low,0
Jan,Thursday,17,Vegetative/Tillering,1.6356076102098536,0.375,0.1800682314239418,6.739373106375686,67.93035689368843,28.097383983150177,26.08107215894325,24.644482841429173,Low,0
Jan,Thursday,18,Vegetative/Tillering,2.285535803500845,0.4166666666666667,0.15621112255785446,6.834053986918206,70.49171005805775,26.569853233065583,20.703691186360416,22.372670213471107,Low,0
Jan,Thursday,19,Vegetative/Tillering,3.2588768495472547,0.4583333333333333,0.25405773837788276,7.092238897459983,68.86078414371626,25.36547681145334,25.134302398051553,27.478883188916605,Low,0
Jan,Thursday,20,Vegetative/Tillering,2.704517163905533,0.5,0.2204937248069142,6.657012865171708,67.88951339490698,21.040251206217167,22.650463629340653,26.399173242256346,Low,0
Jan,Thursday,21,Vegetative/Tillering,3.034308889397581,0.5416666666666666,0.16688052266606598,6.683642566551911,67.28530527558715,21.649253507519145,26.53672289281764,30.072033927577266,Low,0
Jan,Thursday,22,Vegetative/Tillering,2.68306087226103,0.5833333333333334,0.1817549439868961,7.0565822978828265,71.67214089414168,23.03351277549384,23.449482708823368,27.016797802601218,Low,0
Jan,Thursday,23,Vegetative/Tillering,3.074663906742903,0.625,0.21495868534531543,6.9777336515496176,71.37983996256389,20.253908416094884,27.63438539707744,28.508798316842547,Low,0
Jan,Friday,0,Vegetative/Tillering,2.995966411433864,0.6666666666666666,0.18214994608880486,6.9149855667116515,71.70085441930681,22.76860493903068,27.23429026280139,29.03244008179204,Low,0
Jan,Friday,1,Vegetative/Tillering,2.176050069856202,0.7083333333333334,0.16269727261175115,6.657980981709506,65.86352369092795,23.222843539945092,23.355972989263407,30.31281005339865,Low,0
Jan,Friday,2,Vegetative/Tillering,2.7243811507265963,0.75,0.18939490475742188,6.986451382644811,73.60841100750412,21.913899801959648,25.62238565315895,25.54439830406605,Low,0
Jan,Friday,3,Vegetative/Tillering,2.5161101455835295,0.7916666666666666,0.1455998031982796,6.926610187633929,68.32096253310976,22.03084799991047,28.961688104893256,28.256758241948372,Low,0
Jan,Friday,4,Vegetative/Tillering,2.3767793071636176,0.8333333333333334,0.10127269582889657,6.823881356428364,69.5406819514152,21.515690122208078,30.5439791074419,27.40857690898617,Low,0
Jan,Friday,5,Vegetative/Tillering,2.0207164290129596,0.875,0.17888763090694532,6.677846559594748,70.05848875098785,21.957762304214878,24.3927363061782,29.39462512626359,Low,0
Jan,Friday,6,Vegetative/Tillering,1.9031330988861899,0.9166666666666666,0.09796682924682326,6.801991021813461,66.09355992573472,21.980945198430593,23.80767851517686,28.399949358577075,Low,0
Jan,Friday,7,Vegetative/Tillering,2.287319973287445,0.9583333333333334,0.1424266447221209,7.055094223145817,67.89691921886454,23.608894452078097,32.952954820903166,26.225322001702082,Low,0
Jan,Friday,8,Vegetative/Tillering,2.3351149128357025,1.0,0.11637249025769254,6.536746893970645,69.46261934000744,25.255927370712868,27.070696160514977,26.915582816870376,Low,0
Jan,Friday,9,Vegetative/Tillering,2.601489402788406,1.0416666666666667,0.12734167939806454,6.561344448944188,75.45852071762158,27.14611458695915,27.374406805965922,31.881673438013916,Low,0
Jan,Friday,10,Vegetative/Tillering,2.835390165110453,1.0833333333333333,0.20580718522193653,6.57344803557899,70.90718588196913,28.403168407219344,24.881826834695055,23.524538871138454,Low,0
Jan,Friday,11,Vegetative/Tillering,3.4561598646371325,1.125,0.19862321083882575,6.5723213449716225,75.00750597639055,31.0820564631082,27.74566068562116,29.53382843383,Low,0
Jan,Friday,12,Vegetative/Tillering,3.2287881601434076,1.1666666666666667,0.19167568806220087,6.661781268681801,73.6604378747281,29.85907518296098,32.24528702962053,30.864032408499202,Low,0
Jan,Friday,13,Vegetative/Tillering,2.510234111377172,1.2083333333333333,0.13669929035758896,6.825287982482041,70.26058194029424,30.650320172953485,27.8630958065708,29.207509547922633,Low,0
Jan,Friday,14,Vegetative/Tillering,3.0252958676862045,1.25,0.1726776785828055,6.74986078673104,68.78231853918554,29.712916924273546,30.294889747418033,32.687937294911656,Low,0
Jan,Friday,15,Vegetative/Tillering,2.8286809809326745,1.2916666666666667,0.20389295509567346,6.686785274252424,72.40834157587489,29.111074322546187,27.18695156960898,30.10670578435472,Low,0
Jan,Friday,16,Vegetative/Tillering,3.302541443320927,1.3333333333333333,0.20074048179729564,6.7533664940710905,68.42987878067413,27.26615542955814,24.022590428128172,28.720725951010905,Low,0
Jan,Friday,17,Vegetative/Tillering,3.376119421144389,1.375,0.23319657766507923,6.833230991616057,74.80443685810071,26.105825416620995,25.05028999212102,26.593592770621942,Low,0
Jan,Friday,18,Vegetative/Tillering,3.2061952580371136,1.4166666666666667,0.23393310187533484,6.436585860340402,71.59487923572557,24.880471289218065,23.746593474085515,28.767085284619,Low,0
Jan,Friday,19,Vegetative/Tillering,3.2776911531890307,1.4583333333333333,0.19311458379068838,6.94085328042395,66.06601167305733,24.30212493945857,27.75335975076006,29.4646214671369,Low,0
Jan,Friday,20,Vegetative/Tillering,4.065079243458408,1.5,0.15679825607924297,6.615206586417033,72.5751779942365,23.235938924227668,30.771666380950006,27.769167727567357,Low,0
Jan,Friday,21,Vegetative/Tillering,4.806705599614723,1.5416666666666667,0.21368506852305053,6.7184831075107985,76.3439890809212,20.945668378483585,27.583032826452474,25.903350143555244,Low,0
Jan,Friday,22,Vegetative/Tillering,4.551232770922857,1.5833333333333333,0.23036169444252722,6.844742279522831,73.94891090413533,21.935738558920946,26.176654544109198,24.74986000165055,Low,0
Jan,Friday,23,Vegetative/Tillering,4.384208261220762,1.625,0.20242815971037506,6.7797046394714995,75.45211144891698,21.28148743251972,24.73108074313788,28.223933880119095,Low,0
Jan,Saturday,0,Vegetative/Tillering,4.509916064398618,1.6666666666666667,0.1958360542132841,6.867693804526404,72.62375021913208,22.16357832469316,29.06633758853552,25.257542813879404,Low,0
Jan,Saturday,1,Vegetative/Tillering,3.7658513727364173,1.7083333333333333,0.21658761426623246,6.789494791397667,69.92607854899218,23.235615594965722,24.285603841619128,27.779476609689542,Low,0
Jan,Saturday,2,Vegetative/Tillering,3.6682027371204224,1.75,0.2967656770236754,6.730157777148204,72.16079576299381,22.017494078713618,24.597696765210838,22.878982156141177,Low,0
Jan,Saturday,3,Vegetative/Tillering,3.4328531935113573,1.7916666666666667,0.1887347476665108,7.0526216741541266,71.80197899900709,22.336986422240244,30.700489802921748,31.040879657386448,Low,0
Jan,Saturday,4,Vegetative/Tillering,3.3911365752499925,1.8333333333333333,0.2046802095440377,6.886864055005116,70.94195907847534,23.539182717113853,27.166794812978207,31.8434501062613,Low,0
Jan,Saturday,5,Vegetative/Tillering,2.8438807464148144,1.875,0.14517576295728576,6.8257613073583165,72.77989608467995,22.741320744406327,27.107637420949953,29.15570348398943,Low,0
Jan,Saturday,6,Vegetative/Tillering,2.0346209588165936,1.9166666666666667,0.21438456089686786,6.910649673624487,66.68267555088171,21.766926515346558,27.49280195106175,33.53698091298283,Low,0
Jan,Saturday,7,Vegetative/Tillering,1.1194507327632426,1.9583333333333333,0.17860227483638091,6.621306195807865,66.81301297329648,24.282299700319093,30.17761320023781,32.326800213874016,Low,0
Jan,Saturday,8,Vegetative/Tillering,0.7575289130053916,2.0,0.1671389177064419,7.1261984529697235,65.45400933354018,25.18403070381863,28.496508019073104,30.157797621201357,Low,0
Jan,Saturday,9,Vegetative/Tillering,0.7349081081289667,2.0416666666666665,0.18596555609889026,6.501235743429155,62.15034755523735,27.699304025058666,25.77075567500226,28.67529743105279,Low,0
Jan,Saturday,10,Vegetative/Tillering,0.7797736478878574,2.0833333333333335,0.12453739378287819,6.6972414987477755,62.733396387593835,29.041923983002448,25.878723349154495,28.084838036125213,Low,0
Jan,Saturday,11,Vegetative/Tillering,1.8102303823757526,2.125,0.15467113586479705,6.633607922106497,67.86837495019907,28.48902318282059,27.4146675674589,30.364561019233303,Low,0
Jan,Saturday,12,Vegetative/Tillering,2.30968403419032,2.1666666666666665,0.23758784947079076,6.5993872699526825,73.00564167943068,30.314542831363205,28.906659228080926,28.605266231097612,Low,0
Jan,Saturday,13,Vegetative/Tillering,1.7958940227288083,2.2083333333333335,0.1870428341712798,6.576519662959294,68.96868527834677,30.280941393603264,27.89347016950623,30.328908837476956,Low,0
Jan,Saturday,14,Vegetative/Tillering,1.9316265520385947,2.25,0.09061790005391922,6.514439721592385,64.68463407460337,30.61016521519228,27.626529441480745,30.514467367915447,Low,0
Jan,Saturday,15,Vegetative/Tillering,1.6985542850062931,2.2916666666666665,0.17838259127245265,6.872684168104942,61.35555415377642,30.247828584034657,28.138850677180425,28.384385213807967,Low,0
Jan,Saturday,16,Vegetative/Tillering,1.5455466020908206,2.3333333333333335,0.13827923292533464,6.460479323829422,68.67541903102672,29.011611543043923,27.891326784717453,31.697797872390804,Low,0
Jan,Saturday,17,Vegetative/Tillering,1.6204251434357522,2.375,0.19194664244887683,6.882736045780597,67.19659337838941,27.12036373216607,25.658851292308185,28.3869551909023,Low,0
Jan,Saturday,18,Vegetative/Tillering,1.8783815148825629,2.4166666666666665,0.18124620430177016,6.830345783305301,70.2906475747389,26.592733929631663,31.321152737016327,29.011679704946644,Low,0
Jan,Saturday,19,Vegetative/Tillering,1.6706003084519219,2.4583333333333335,0.10084601097050007,6.692088837538683,65.74800489886174,23.45671725060231,26.553065634424495,26.514521832522416,Low,0
Jan,Saturday,20,Vegetative/Tillering,2.1282030991025653,2.5,0.18261413344490587,6.888590575003327,69.30811243356321,21.3185824053044,28.387661652052177,28.281791495851017,Low,0
Jan,Saturday,21,Vegetative/Tillering,1.536923120074872,2.5416666666666665,0.16579504845567808,6.786796617029346,68.88096241423541,19.81877065235136,21.818994261884892,34.353829473271865,Low,0
Jan,Saturday,22,Vegetative/Tillering,1.5552953502162998,2.5833333333333335,0.17160357078167504,6.579535550489163,66.33778156410617,22.318887238610277,27.354477135825057,26.707366911157784,Low,0
Jan,Saturday,23,Vegetative/Tillering,2.749013933833008,2.625,0.208868858162791,6.590455499433158,69.24546230073709,21.71776284840525,24.70123250976091,30.05261423426859,Low,0
Jan,Sunday,0,Vegetative/Tillering,2.5641712006110935,2.6666666666666665,0.23646308860903792,6.89008141925164,69.7045365436634,22.69320358086028,25.96293469090213,29.02002211938858,Low,0
Jan,Sunday,1,Vegetative/Tillering,2.9624492270416747,2.7083333333333335,0.20854734531254232,6.909172386991836,71.69523083802068,20.798018084764507,36.166557840900346,24.621496246210146,Low,0
Jan,Sunday,2,Vegetative/Tillering,2.7130237487671174,2.75,0.1886270398357842,6.8282031971882535,69.98258898801726,21.8572571592804,29.648577701892577,31.553676058217103,Low,0
Jan,Sunday,3,Vegetative/Tillering,2.7288316824496035,2.7916666666666665,0.22839965645782795,6.700758784048335,71.99718871339802,22.75121592469159,32.5780665341466,28.765939352648992,Low,0
Jan,Sunday,4,Vegetative/Tillering,2.4633113875487185,2.8333333333333335,0.26007871001435984,6.754955357702603,68.48807695158287,21.551131082920815,31.465910749962358,30.95385304085335,Low,0
Jan,Sunday,5,Vegetative/Tillering,2.1887280805895037,2.875,0.20674567841062072,6.713364350727121,66.0961569824886,22.70240539889029,31.849728645994194,32.63054740642968,Low,0
Jan,Sunday,6,Vegetative/Tillering,1.6801724041138675,2.9166666666666665,0.16922152454112985,6.469109326808979,71.48636450609963,21.929381923945567,28.302785015220707,30.74274596047022,Low,0
Jan,Sunday,7,Vegetative/Tillering,1.7855475778903227,2.9583333333333335,0.17977725868917022,6.761591772688733,66.57604671385188,24.128920823826515,33.71920603573459,30.97699711476124,Low,0
Jan,Sunday,8,Vegetative/Tillering,1.2944477599708528,3.0,0.16132272557821037,6.811708930246601,65.46979045649455,26.32219631807395,31.440061895729478,27.986400190482314,Low,0
Jan,Sunday,9,Vegetative/Tillering,1.5470199955274508,3.0416666666666665,0.15932364442275274,6.702792243279645,67.08124134712152,28.125156033362117,29.024004855406908,31.9233134021449,Moderate,0
Jan,Sunday,10,Vegetative/Tillering,1.9429496814876006,3.0833333333333335,0.24435472113991336,7.000392164131446,68.2974414548782,28.703645788800724,29.689868873372827,29.68203996552432,Moderate,0
Jan,Sunday,11,Vegetative/Tillering,1.948191325879447,3.125,0.14248791504591105,6.4977056733208585,67.4022918971341,28.931542707316357,28.4898027506125,25.160178481748673,Moderate,0
Jan,Sunday,12,Vegetative/Tillering,1.6462659434895963,3.1666666666666665,0.20157835257573442,6.546381447845867,67.41617047047701,29.807992207550868,29.05671755459913,32.224361071779825,Moderate,0
Jan,Sunday,13,Vegetative/Tillering,1.707024422213276,3.2083333333333335,0.15827061756081182,6.673174954866017,67.51733415045553,30.884564290469566,28.769197794739767,32.988707132331285,Moderate,0
Jan,Sunday,14,Vegetative/Tillering,1.4042714614408651,3.25,0.10329211558116631,6.71601671937461,67.21989016149969,29.3574204306685,30.04460089370947,33.85905613889618,Moderate,0
Jan,Sunday,15,Vegetative/Tillering,1.6936547643536537,3.2916666666666665,0.1557502480833136,6.3286779825066635,62.84979651647414,29.440297665907188,34.11992140423139,35.58330750601556,Moderate,0
Jan,Sunday,16,Vegetative/Tillering,0.6896084479952326,3.3333333333333335,0.1181030570184938,6.796171471261783,68.91681288920427,28.32094458105506,25.28435764912379,32.0900863690694,Moderate,0
Jan,Sunday,17,Vegetative/Tillering,0.49434291746767833,3.375,0.15257377908131003,6.747993596296787,64.3918463748533,27.2802289882147,32.32706429052642,31.44118029442135,Moderate,0
Jan,Sunday,18,Vegetative/Tillering,-0.42009715545026227,0.0,0.12319550779304998,6.355429611766929,63.65301206581334,25.038643889540964,27.795296548866194,32.885119354887664,Low,0
Jan,Sunday,19,Vegetative/Tillering,-0.9817579594442989,0.0,0.08422905977232109,6.751388151752502,58.38757821426564,22.673611989880822,32.70898944479441,27.938762133295292,Low,0
Jan,Sunday,20,Vegetative/Tillering,-0.17337575315794185,0.0,0.17148527697214005,6.625088614659524,62.141897669922436,22.791594092767713,27.89966391095752,25.976326422137873,Low,0
Jan,Sunday,21,Vegetative/Tillering,0.31871519522662123,0.041666666666666664,0.1661225700373159,6.683707235341654,62.92028473590306,23.146305138790918,30.138261029620757,28.963727978738934,Low,0
Jan,Sunday,22,Vegetative/Tillering,0.02546229625007196,0.08333333333333333,0.17614850102962587,6.557522958247962,66.50055704001727,20.941260034001473,28.42346725361391,33.34936044338254,Low,0
Jan,Sunday,23,Vegetative/Tillering,-0.567277780320032,0.0,0.12829376324238406,6.847361848230128,60.96690611356016,22.670140928740974,23.708223629865223,28.50350216953889,Low,0
Jan,Monday,0,Vegetative/Tillering,-1.8778190903261929,0.0,0.11874934261017583,7.080996553524498,60.509394157097326,23.24154633187614,35.01693062888196,32.518193135814464,Low,0
Jan,Monday,1,Vegetative/Tillering,-1.90273748526241,0.0,0.14462461689165174,6.817428310789503,57.632589130023824,22.85172883740986,26.9717391594341,32.78740992345538,Low,0
Jan,Monday,2,Vegetative/Tillering,-0.5785897040365637,0.0,0.09978837426776843,6.393185903826656,61.20614683100436,22.041663857059145,30.051648583468946,31.964829510271453,Low,0
Jan,Monday,3,Vegetative/Tillering,-0.3231632132568849,0.0,0.12455208441519428,6.839604243156913,62.2333079577821,21.620202904199395,26.642734641474778,28.16008577874556,Low,0
Jan,Monday,4,Vegetative/Tillering,-0.5432148695599761,0.0,0.11385127352375222,6.7408682804519735,64.76397456671465,22.439782463479993,25.78899504553764,32.21093103194712,Low,0
Jan,Monday,5,Vegetative/Tillering,-0.26647055028049954,0.0,0.06886379889835277,6.575719323038099,59.080765361266565,22.573228047077503,29.185180480932605,30.300283007296606,Low,0
Jan,Monday,6,Vegetative/Tillering,-0.9385181543109512,0.0,0.12446094266936754,6.839377599516514,58.61622931910485,22.45164600892472,28.019466213789187,35.61131964718072,Low,0
Jan,Monday,7,Vegetative/Tillering,-0.9495129826554118,0.0,0.10456615878898444,6.910691754549577,57.326558510247374,24.01105976755646,26.29355493608072,34.196362824004694,Low,0
Jan,Monday,8,Vegetative/Tillering,-0.7853032796633566,0.0,0.11151067425935937,6.617471945254602,59.440267889285046,24.979948533642258,29.693702155818446,30.3884339768814,Low,0
Jan,Monday,9,Vegetative/Tillering,-0.73538010377404,0.0,0.1327324730977484,6.401112058335105,60.11188764855809,27.70106904791695,25.35427983070651,35.76850786289492,Low,0
Jan,Monday,10,Vegetative/Tillering,-0.30798635670736035,0.0,0.1645386596895319,6.3153039650531575,59.531870235721556,29.006335455275057,30.176421395243565,32.21344518989632,Low,0
Jan,Monday,11,Vegetative/Tillering,-0.15301800397430507,0.0,0.09029304683082076,6.546525553500811,61.66446129723232,29.74340864358869,29.41801954300756,27.1750753380613,Low,0
Jan,Monday,12,Vegetative/Tillering,0.11322900250847406,0.041666666666666664,0.11105118753318437,6.63056110233056,59.742320644153516,30.263218213511593,22.35878189649617,31.15840345965075,Low,0
Jan,Monday,13,Vegetative/Tillering,-0.28099494027879984,0.0,0.09322210562740663,6.543843004692301,60.78963469579551,31.718399590196885,28.23067029085047,35.442361486572345,Low,0
Jan,Monday,14,Vegetative/Tillering,0.08193906292275654,0.041666666666666664,0.09299215600010423,6.544385419273833,66.09749455083502,29.67492026979587,31.20523003068026,29.304570409628504,Low,0
Jan,Monday,15,Vegetative/Tillering,0.7129187660440037,0.08333333333333333,0.11701305612335806,6.755603429565298,66.01818117906782,30.60789902118468,26.609362345130442,31.183566903827334,Low,0
Jan,Monday,16,Vegetative/Tillering,0.07818538794704766,0.125,0.11507887480014439,6.775172204040764,64.06258027541797,28.042432284366768,31.33537658330743,27.95455087225716,Low,0
Jan,Monday,17,Vegetative/Tillering,-0.4354761991474775,0.0,0.14050550799071265,6.724675629398309,60.44930000948783,28.25007887323501,31.098037629740734,28.351334250328797,Low,0
Jan,Monday,18,Vegetative/Tillering,0.12167119785505198,0.041666666666666664,0.13425738171384566,6.856976341886865,60.719840956762674,26.8327639530049,26.746835719143387,29.26856730690679,Low,0
Jan,Monday,19,Vegetative/Tillering,-0.08472015156781902,0.0,0.08301000503208628,6.635553778862907,61.01835948516867,23.920726508929004,29.763153090082046,28.285671054687977,Low,0
Jan,Monday,20,Vegetative/Tillering,0.4605028290739665,0.041666666666666664,0.17680818206394955,6.5599227810407275,64.51878713598549,23.70377044324867,32.27497325004297,29.80848145491053,Low,0
Jan,Monday,21,Vegetative/Tillering,0.10632090815176531,0.08333333333333333,0.15571245343049045,6.67722650799812,65.49152373901757,22.750228709396872,27.170733308618452,35.69987487791924,Low,0
Jan,Monday,22,Vegetative/Tillering,0.665784268110116,0.125,0.10510310893141328,6.680967770390968,66.90261707773493,21.673182047087547,29.182568327256135,31.26398525166893,Low,0
Jan,Monday,23,Vegetative/Tillering,0.5631387327049074,0.16666666666666666,0.17692234953480732,6.412132777044206,66.11275768345845,22.075674724488632,33.25071735394342,33.317970918946926,Low,0
Jan,Tuesday,0,Vegetative/Tillering,0.3890245028436555,0.20833333333333334,0.14116845701196107,6.665079497208266,62.95854507868888,23.28120984488532,28.12710380572237,35.281005875603555,Low,0
Jan,Tuesday,1,Vegetative/Tillering,0.8398885376292464,0.25,0.13552127783834755,6.964671323510281,65.56483215511818,23.11345176150132,32.07747485740636,29.780992171153805,Low,0
Jan,Tuesday,2,Vegetative/Tillering,0.37252964973349706,0.2916666666666667,0.14184604280011337,6.933725102327766,63.7513860992859,21.528567678896568,27.462426675123183,30.473302302268472,Low,0
Jan,Tuesday,3,Vegetative/Tillering,-0.27995898989506074,0.0,0.11909802215310673,6.8730791819983805,62.42571889726235,22.263594150247602,30.217114290414983,34.4666301519855,Low,0
Jan,Tuesday,4,Vegetative/Tillering,-0.611661157914852,0.0,0.13907775290684923,6.798123971989337,66.10626901492398,22.53781838622121,32.04018014372169,30.966375819549473,Low,0
Jan,Tuesday,5,Vegetative/Tillering,-0.4866257303069737,0.0,0.12655604330959086,7.043767989774473,58.808097773256044,21.968916328739514,23.486419630189882,34.30105126239492,Low,0
Jan,Tuesday,6,Vegetative/Tillering,-1.2855674883230066,0.0,0.1081900881704729,6.55775118224327,59.94528439618026,24.261239778699775,29.097030756644102,36.74538938592745,Low,0
Jan,Tuesday,7,Vegetative/Tillering,-0.9828735460543945,0.0,0.04909606342935158,6.573699641051062,63.564601303861764,24.342098466374775,31.987995781559135,28.913626114806505,Low,0
Jan,Tuesday,8,Vegetative/Tillering,-1.256760875527104,0.0,0.13845138892211742,6.927923846860666,57.551990908667875,25.796620160218026,31.377532327595194,31.65974792622465,Low,0
Jan,Tuesday,9,Vegetative/Tillering,-0.7411282011228427,0.0,0.10692206525646433,6.692734892676822,60.43379746677267,28.31559925027634,29.132864846088633,32.05640490155598,Low,0
Jan,Tuesday,10,Vegetative/Tillering,-1.9017651679486347,0.0,0.1472281313375836,6.56662568925395,57.87768660178799,28.33748103187317,27.38625398325649,31.23616720565728,Low,0
Jan,Tuesday,11,Vegetative/Tillering,-2.188268287800456,0.0,0.13685862717965022,6.7560160373404665,57.80157666517094,30.38869303171321,32.58539464658274,31.032148316669456,Low,0
Jan,Tuesday,12,Vegetative/Tillering,-2.8522991733415157,0.0,0.10783175260953969,6.600972386181339,53.462567664767924,28.8402373809882,29.732779787434552,31.321781296462436,Low,0
Jan,Tuesday,13,Vegetative/Tillering,-3.0489404599252836,0.0,0.15580458668770675,6.511564259369854,57.3731150168554,30.01207676300355,32.33604160488702,32.5139565184288,Low,0
Jan,Tuesday,14,Vegetative/Tillering,-2.7466169178144972,0.0,0.12716945816428,6.491531479201578,58.24069396227149,31.013679632156386,31.840669406552525,32.96429533741762,Low,0
Jan,Tuesday,15,Vegetative/Tillering,-2.688868540828776,0.0,0.12572749965823304,6.707795248189316,58.063466152046836,30.83890911969109,29.35774514329454,34.93561043994079,Low,0
Jan,Tuesday,16,Vegetative/Tillering,-2.680359873702569,0.0,0.11516612596329003,6.729381560053428,55.326388954531666,28.011015289339444,33.917685228983956,32.489286661308334,Low,0
Jan,Tuesday,17,Vegetative/Tillering,-2.6355508267711794,0.0,0.17892444992839293,6.985748501409647,57.34769959732376,26.651061105894954,28.91716716989152,35.34752070158577,Low,0
Jan,Tuesday,18,Vegetative/Tillering,-2.435526780522017,0.0,0.09503566448165196,6.665783529753177,55.855855247608986,26.300027057236832,34.27136192245571,31.072583141462655,Low,0
Jan,Tuesday,19,Vegetative/Tillering,-2.807202393389275,0.0,0.10870639118893308,6.70236199388063,56.097520934322716,23.65674035571634,34.663877591642596,29.548676239304285,Low,0
Jan,Tuesday,20,Vegetative/Tillering,-2.350024742473419,0.0,0.07669326992220012,7.03923197050791,62.16687647240555,22.160137665795684,33.850344023470676,31.79019824730354,Low,0
Jan,Tuesday,21,Vegetative/Tillering,-1.968947601909591,0.0,0.14543558770635773,6.943774562493121,58.965916510609496,23.076124019789727,30.158316539901108,33.708314969763315,Low,0
Jan,Tuesday,22,Vegetative/Tillering,-1.7560056434747808,0.0,0.09962478477748143,6.809485920856661,56.91053330368618,21.93971825470879,38.34123743310397,34.70325009119523,Low,0
Jan,Tuesday,23,Vegetative/Tillering,-1.4838847151380443,0.0,0.10354875463957874,6.519477818953792,60.29934736499652,20.80265939877145,31.155533377267734,36.20266729738969,Low,0
Jan,Wednesday,0,Vegetative/Tillering,-1.5097860879881546,0.0,0.10190721787449868,6.646354152416289,57.17292153670181,21.334132451515295,32.32316943653938,34.47550075995922,Low,0
Jan,Wednesday,1,Vegetative/Tillering,-0.7369842495641423,0.0,0.12219526706218359,6.587018469441564,59.333217016016036,22.382964468576226,31.533815964285676,35.63256501458457,Low,0
Jan,Wednesday,2,Vegetative/Tillering,-1.0155321649321252,0.0,0.07622341453692989,6.805797397623561,58.98047653226532,20.884261481221692,28.210700568830973,37.17194841845365,Low,0
Jan,Wednesday,3,Vegetative/Tillering,-1.3439302111473799,0.0,0.04148641568642086,6.68893952439009,59.38594858885492,22.137271666162142,35.48521971215429,31.801882754653526,Low,0
Jan,Wednesday,4,Vegetative/Tillering,-1.8194654812954625,0.0,0.13601964130874702,7.082103038906542,61.00722083606929,21.261322787004808,29.882789711008186,33.2246475015227,Low,0
Jan,Wednesday,5,Vegetative/Tillering,-2.348961483519293,0.0,0.04602548028287014,6.4743370334382915,59.019288835587375,23.686951205492477,34.35883307811194,40.67728302633239,Low,0
Jan,Wednesday,6,Vegetative/Tillering,-2.898152513580409,0.0,0.14989482243920826,6.541852139818523,57.590424623901676,24.10711407581254,35.07865932495563,35.89097235575644,Low,0
Jan,Wednesday,7,Vegetative/Tillering,-3.2120729204782337,0.0,0.17454847123373018,6.80690403443172,53.59317585967115,23.30860978977686,33.40996414164786,35.02675077174093,Low,0
Jan,Wednesday,8,Vegetative/Tillering,-3.1187869719026087,0.0,0.11425216686227384,6.815586336102989,54.93228255656244,26.051476856970798,29.52409217230509,35.98422711081432,Low,0
Jan,Wednesday,9,Vegetative/Tillering,-2.8641090890674645,0.0,0.16548225313521714,6.247896546999662,57.17014040000446,26.594595429272385,30.576765233463455,30.410807135901614,Low,0
Jan,Wednesday,10,Vegetative/Tillering,-2.78265322358288,0.0,0.11915102531598734,6.374393180678747,55.56499229262426,28.38219937810063,23.56877145795604,32.13293392854584,Low,0
Jan,Wednesday,11,Vegetative/Tillering,-3.0919238472479575,0.0,0.17597344056772546,6.599668439150929,55.522649886002704,31.025526405583996,31.250597030900217,31.219255301304884,Low,0
Jan,Wednesday,12,Vegetative/Tillering,-2.6210047881575935,0.0,0.10403237517603763,6.9095717667781935,58.09230589348167,29.8010724592734,34.008130563099954,34.79652079927291,Low,0
Jan,Wednesday,13,Vegetative/Tillering,-2.301043881823461,0.0,0.03722913666991075,7.0001044088859,57.27994932122109,30.14617003021031,30.88748476275423,32.82758483772431,Low,0
Jan,Wednesday,14,Vegetative/Tillering,-2.442272810041417,0.0,0.11720308895627243,6.596584453515569,58.090664434104646,29.42039988367243,29.82975912322802,33.98847122282605,Low,0
Jan,Wednesday,15,Vegetative/Tillering,-2.7958484473462133,0.0,0.17977871176937588,6.624288007384056,59.975420638408224,30.499702445351243,30.706759227671505,32.97245938175294,Low,0
Jan,Wednesday,16,Vegetative/Tillering,-2.5671056784631046,0.0,0.13872389070791463,6.571578586222889,56.99522877371456,26.019038497725017,35.246097910957054,29.683985181285916,Low,0
Jan,Wednesday,17,Vegetative/Tillering,-2.5374864679310205,0.0,0.10196368700117547,6.8213469436148335,59.76870809640397,27.008680557644574,31.43690293331961,35.96244109288506,Low,0
Jan,Wednesday,18,Vegetative/Tillering,-3.249928962490783,0.0,0.13151154092496561,7.000494909644426,56.818910624636835,25.809361037632097,37.17374852922584,29.344508907155145,Low,0
Jan,Wednesday,19,Vegetative/Tillering,-3.239893721756553,0.0,0.15398936934583934,6.984189148611862,52.78977108081074,23.62630560776978,29.88779948534583,31.930883151821718,Low,0
Jan,Wednesday,20,Vegetative/Tillering,-3.0778610633959347,0.0,0.11700342463799353,6.761292343629251,53.90885938932271,23.065836406184935,32.25169535539379,30.461319300029718,Low,0
Jan,Wednesday,21,Vegetative/Tillering,-3.4535047340514673,0.0,0.2119236529869833,6.6115149656680146,53.54439687213669,23.33662182717638,30.29979422311892,31.55064707448276,Low,0
Jan,Wednesday,22,Vegetative/Tillering,-3.276117877840746,0.0,0.10189037152181796,6.795294934930322,53.927647259316636,21.245368389696388,37.823459241273966,34.25464640704936,Low,0
Jan,Wednesday,23,Vegetative/Tillering,-3.851846959852404,0.0,0.1550878752715662,7.000294766952794,54.074987804140605,24.049789323016643,32.13911593392808,36.83755740150705,Low,0
Jan,Thursday,0,Vegetative/Tillering,-3.2338935293564792,0.0,0.146667803276863,6.721861028189851,56.967943625708095,21.236392940517188,38.884228411603544,31.04542919433242,Low,0
Jan,Thursday,1,Vegetative/Tillering,-2.7294776976486927,0.0,0.09550604013556799,6.434634206537295,59.459570359052584,23.40590454534067,31.239617335293044,33.55489662091435,Low,0
Jan,Thursday,2,Vegetative/Tillering,-2.9590725093030987,0.0,0.10514459064283145,6.710275402020427,57.01457615512273,22.494862158828557,37.082737527565186,30.575305934310094,Low,0
Jan,Thursday,3,Vegetative/Tillering,-2.86918856258383,0.0,0.15563345266177778,6.732694777537464,55.72258833769239,21.97203912230895,32.85401011682048,33.43438660243142,Low,0
Jan,Thursday,4,Vegetative/Tillering,-4.032120692535489,0.0,0.12506757606614843,6.4539537341276,49.65842785065508,22.04750645625933,35.00996678363679,35.12764683824904,Low,0
Jan,Thursday,5,Vegetative/Tillering,-4.463238766100645,0.0,0.13183251043545455,6.819043873247621,52.92940611219312,22.348189767471748,28.84086706627285,36.86561058454809,Low,0
Jan,Thursday,6,Vegetative/Tillering,-4.444174741803901,0.0,0.0627411426203475,6.865454825043606,52.885521007060625,22.541734289491025,33.54524184762792,29.65151170048641,Low,0
Jan,Thursday,7,Vegetative/Tillering,-4.779708660994166,0.0,0.14295995293067354,7.095995010808997,52.39455672069191,23.419043990553295,29.2926386860279,36.324296216477975,Low,0
Jan,Thursday,8,Vegetative/Tillering,-4.2692246753746375,0.0,0.13005538954288987,6.4877883785662736,57.466341374507536,25.658917946797754,33.271289202115085,32.516316643986634,Low,0
Jan,Thursday,9,Vegetative/Tillering,-3.260690438596339,0.0,0.11776314920755963,6.84279815528406,58.15553603975493,26.746380156527792,27.94482984088554,31.907439723682756,Low,0
Jan,Thursday,10,Vegetative/Tillering,-3.831759289824926,0.0,0.13263121520706767,6.8716663236403805,55.87389954092015,27.65761223808514,32.217750941285715,35.11663590439604,Low,0
Jan,Thursday,11,Vegetative/Tillering,-4.182078276766639,0.0,0.10567738025065126,6.772098243849561,51.53885787561687,28.928901581253033,35.78683611138011,36.515782427910594,Low,0
Jan,Thursday,12,Vegetative/Tillering,-4.013224441168729,0.0,0.09928341236407841,6.492459052218584,52.842271842801566,29.254443591298237,34.142661636982616,34.69677982883427,Low,0
Jan,Thursday,13,Vegetative/Tillering,-3.2616417746791906,0.0,0.11153400639263117,6.4702300564193544,55.482370526912945,30.038876069799585,28.798149851227347,32.21509005523642,Low,0
Jan,Thursday,14,Vegetative/Tillering,-3.9021692557559495,0.0,0.10375288875885959,6.6721893670836465,52.58397953816501,30.52040322182932,26.80484085148871,34.69546416380952,Low,0
Jan,Thursday,15,Vegetative/Tillering,-3.801036426079022,0.0,0.19631853463651203,6.683542190373907,55.37844162738058,29.679319226561724,33.9908337413823,33.13497033291734,Low,0
Jan,Thursday,16,Vegetative/Tillering,-3.014330977236386,0.0,0.15191547550952567,6.558664996350742,56.97942335306408,30.20912768107276,37.24359638607524,36.45799785405392,Low,0
Jan,Thursday,17,Vegetative/Tillering,-3.9055355114810157,0.0,0.08610358766099047,6.9610763223775765,51.950099186336175,25.59455600389394,29.6081618893895,37.636311244923164,Low,0
Jan,Thursday,18,Vegetative/Tillering,-4.506830571843187,0.0,0.1912703600791295,6.647041574862752,55.077240045768605,26.221542685911814,38.79221223452908,37.476571643878614,Low,0
Jan,Thursday,19,Vegetative/Tillering,-4.636416519069571,0.0,0.10485001859972906,6.409229311121523,52.57722102185075,24.160303662469993,32.480520135493,34.89854542171664,Low,0
Jan,Thursday,20,Vegetative/Tillering,-4.786607125859093,0.0,0.12103093786124997,6.726756783280666,48.55400060445368,23.027536273897574,26.623919398976902,37.754568378072264,Low,0
Jan,Thursday,21,Vegetative/Tillering,-4.30804866991671,0.0,0.15140960182259622,6.854726620232501,53.05799747550996,22.948172163448326,27.817358929859495,32.39546595011267,Low,0
Jan,Thursday,22,Vegetative/Tillering,-4.143263871097883,0.0,0.05105040096358347,6.84040790837261,54.11857962121089,22.24300659989186,34.80984744811424,39.40508249772865,Low,0
Jan,Thursday,23,Vegetative/Tillering,-4.897210878082049,0.0,0.11170409535706609,6.8349632502669095,53.692278615474564,22.513121027885404,32.888704122505104,32.38146147317137,Low,0
Jan,Friday,0,Vegetative/Tillering,-4.657811118289642,0.0,0.09993331521614914,7.054721853139224,51.64630050985163,21.779744629665213,37.846662897379794,31.070535357456922,Low,0
Jan,Friday,1,Vegetative/Tillering,-4.931072372273555,0.0,0.12717780278404472,6.568848537341364,53.321302841437884,22.865943983483564,29.80562569990545,39.5594243570701,Low,0
Jan,Friday,2,Vegetative/Tillering,-4.320865436976145,0.0,0.1329517389142905,6.723154009922351,53.504206924797685,20.87189915830184,33.75548439449135,34.37049728032678,Low,0
Jan,Friday,3,Vegetative/Tillering,-4.641854879362402,0.0,0.11729592221336771,7.04566280957808,49.729439071455076,22.996461150919455,33.42028318416507,36.437680539596386,Low,0
Jan,Friday,4,Vegetative/Tillering,-4.914181273306679,0.0,0.11567234456373543,6.423030101677262,48.87563139709895,22.35646124461111,32.97095643082828,33.56881321602265,Low,0
Jan,Friday,5,Vegetative/Tillering,-4.613500749137986,0.0,0.15727959804224056,6.773054743957474,54.672717942367534,21.98535036973513,32.25217831405903,42.05484185168448,Low,0
Jan,Friday,6,Vegetative/Tillering,-4.25343817165149,0.0,0.13055200756169133,7.000871199136027,55.683716744799966,22.18897344044262,32.31190187338456,40.70037750847725,Low,0
Jan,Friday,7,Vegetative/Tillering,-4.08712619280527,0.0,0.121449875351818,6.970605767908434,54.33671559807679,24.02781048397981,33.92393747284113,40.012218161394244,Low,0
Jan,Friday,8,Vegetative/Tillering,-4.9091565182947035,0.0,0.12517547070110488,6.828062253292471,54.70943779845277,26.883912921324864,34.30774308351465,36.36672767651922,Low,0
Jan,Friday,9,Vegetative/Tillering,-4.623255319932036,0.0,0.18425611491355764,6.786633374135075,54.51740693024633,29.949713345468677,34.15771855030974,38.59758140770924,Low,0
Jan,Friday,10,Vegetative/Tillering,-5.095082642839475,0.0,0.12604358919444372,6.481032610064108,52.6390591161447,29.605548519064545,37.01796252672136,36.013203174186614,Low,0
Jan,Friday,11,Vegetative/Tillering,-4.941359133861651,0.0,0.10199430232620033,6.92271452038964,49.81811510126469,29.130490314507547,29.796164463133845,38.95133669931698,Low,0
Jan,Friday,12,Vegetative/Tillering,-5.568393795495041,0.0,0.05318503189861294,6.436315160615314,53.59871239287659,30.678248756882812,27.9649493964858,35.11930992412907,Low,0
Jan,Friday,13,Vegetative/Tillering,-5.278800275385824,0.0,0.06981219190877662,6.443520706520102,51.90348220349057,30.91366333284599,36.450895163163594,40.107594372675635,Low,0
Jan,Friday,14,Vegetative/Tillering,-5.605382188214571,0.0,0.10365409367220837,6.740802922817021,49.27540519906179,29.434294719496812,30.569424877273033,34.9936525502107,Low,0
Jan,Friday,15,Vegetative/Tillering,-6.11060695120435,0.0,0.11620681046160483,6.595145718189262,47.498003306498966,28.574111505442808,32.261572544154475,35.277606072520065,Low,0
Jan,Friday,16,Vegetative/Tillering,-5.654482605848543,0.0,0.10055324891364165,6.721019999077995,50.442809308991215,28.57902711661081,31.563701080351674,34.979510896603706,Low,0
Jan,Friday,17,Vegetative/Tillering,-5.479589816207818,0.0,0.13229003919660332,6.769901806814976,47.006866271424336,28.00908449703102,31.499463033724687,36.626964245125045,Low,0
Jan,Friday,18,Vegetative/Tillering,-5.715881247009972,0.0,0.1001022184422092,7.064210403604709,51.181231557881794,24.55662329885932,29.025207885325234,35.1753437260187,Low,0
Jan,Friday,19,Vegetative/Tillering,-4.988102200301706,0.0,0.08799287554525995,6.836893687739049,49.62141308988785,23.578449177526988,31.69141723679586,37.36397225635074,Low,0
Jan,Friday,20,Vegetative/Tillering,-5.208641171195733,0.0,0.14144253423750947,6.658667004743592,51.74047740677881,22.833121367192327,35.3479933368386,34.943365874829965,Low,0
Jan,Friday,21,Vegetative/Tillering,-5.177775630663995,0.0,0.16792880739073046,6.898142149114258,50.0300978116901,22.408378890616465,33.38820568117008,38.122804636293424,Low,0
Jan,Friday,22,Vegetative/Tillering,-5.034520435360109,0.0,0.08124913407887083,6.610163960538031,50.88831352968633,23.508018896479197,34.913521385520745,39.94175087860475,Low,0
Jan,Friday,23,Vegetative/Tillering,-5.299363822422038,0.0,0.12853005522977343,6.958179403836603,49.26770708065698,21.245906036738926,31.91175400766546,36.33970119282096,Low,0
Jan,Saturday,0,Vegetative/Tillering,-5.1791415552529845,0.0,0.05332483696461637,6.760282046321072,50.74760140503123,24.256731946759565,37.008537972345785,42.88957108692462,Low,0
Jan,Saturday,1,Vegetative/Tillering,-5.5151331605316685,0.0,0.06839116542454943,6.867428796231085,54.04243950675871,21.144606045144336,32.774914373969395,40.16257335717925,Low,0
Jan,Saturday,2,Vegetative/Tillering,-5.73745176305453,0.0,0.09939319602079896,6.480707248745296,52.50023502276641,20.751669024937392,27.974328098422315,42.68934127943725,Low,0
Jan,Saturday,3,Vegetative/Tillering,-5.120071096037251,0.0,0.1597218651332018,6.3724477462213,51.92078727950151,22.327869776402153,35.24987137877889,37.1907526823704,Low,0
Jan,Saturday,4,Vegetative/Tillering,-5.662789621437194,0.0,0.0927452889603084,6.520232145304534,49.858716377420826,21.467432857403193,36.60215430708604,33.19010199929183,Low,0
Jan,Saturday,5,Vegetative/Tillering,-6.7421198578660935,0.0,0.09143648338320577,7.091578821994262,49.00731472250715,22.343995468764096,32.62228296274232,35.5784069393482,Low,0
Jan,Saturday,6,Vegetative/Tillering,-5.858001430009487,0.0,0.12126305486630574,6.57109185443498,51.70073735619234,22.316018496836268,37.89761880222524,35.833408274581835,Low,0
Jan,Saturday,7,Vegetative/Tillering,-4.677053285646843,0.0,0.12129792639024478,6.884337542828539,50.61543535003252,23.99854810196457,31.747923436885507,34.961186378094894,Low,0
Jan,Saturday,8,Vegetative/Tillering,-4.995901750323047,0.0,0.09252039845358656,6.619374479888327,51.35495806396028,25.172141087183043,36.312180438602,31.853988384252517,Low,0
Jan,Saturday,9,Vegetative/Tillering,-5.967104391278763,0.0,0.18951775485421335,6.6536589320865325,45.535033001794815,27.709043336933618,39.53432782647145,39.90536685178064,Low,0
Jan,Saturday,10,Vegetative/Tillering,-6.080627565787911,0.0,0.11071228194096194,6.678813621568576,51.152698062630805,28.375782167930502,34.410192953114645,32.693702095588975,Low,0
Jan,Saturday,11,Vegetative/Tillering,-6.179157900795882,0.0,0.1239754743846328,6.951394874408722,52.80006955349159,30.465682839823163,33.62055074193092,39.66594820960077,Low,0
Jan,Saturday,12,Vegetative/Tillering,-6.233241523144475,0.0,0.10593771618013453,6.767259113110977,48.70038559369943,30.030125495431943,33.9829849735778,42.807624923674624,Low,0
Jan,Saturday,13,Vegetative/Tillering,-6.707994461979103,0.0,0.13539900467529128,6.737756734332062,43.15079304144411,29.60328206170673,39.184886160855385,35.39791681911411,Low,0
Jan,Saturday,14,Vegetative/Tillering,-6.366272723187613,0.0,0.1632235145896441,6.913541894940317,49.438726497503794,28.82425485597988,35.50834772137353,38.312676227835084,Low,0
Jan,Saturday,15,Vegetative/Tillering,-6.10731445534075,0.0,0.17822822939341004,6.556848613552005,47.03426697488404,29.445063398060654,40.732608031656014,36.347169271763185,Low,0
Jan,Saturday,16,Vegetative/Tillering,-6.80090820529717,0.0,0.0933207013657642,6.8905874128114455,45.85112142395787,27.61428820265414,35.13775416383206,39.411439866936945,Low,0
Jan,Saturday,17,Vegetative/Tillering,-6.4151728927810305,0.0,0.15852783117054242,6.880490233153581,49.356737836907534,26.28294893166605,32.33861002028876,34.357723033737166,Low,0
Jan,Saturday,18,Vegetative/Tillering,-5.476040445916035,0.0,0.13923882868428564,6.878661348979965,50.866611180826965,26.268035760258055,32.549479194360366,37.01427230102368,Low,0
Jan,Saturday,19,Vegetative/Tillering,-5.513042999379277,0.0,0.15410878133110273,6.7436015221351315,49.292479250812534,22.733031422719797,34.48482179647884,40.14670065932979,Low,0
Jan,Saturday,20,Vegetative/Tillering,-5.769148547182444,0.0,0.1167842254557521,6.681211998220068,48.354832221558816,23.50475470266633,28.17603215209094,37.22157367543034,Low,0
Jan,Saturday,21,Vegetative/Tillering,-5.893717429338428,0.0,0.11345357293512369,6.618390147256759,49.606750280029445,22.502773107516433,32.87503048983812,33.27218078060999,Low,0
Jan,Saturday,22,Vegetative/Tillering,-5.649931444095195,0.0,0.15275001259998977,6.6321082858783225,49.12123342914679,22.33992589518003,32.94160649785069,40.44788354262665,Low,0
Jan,Saturday,23,Vegetative/Tillering,-6.484125397610139,0.0,0.15341423771197005,6.624229824096078,45.71962477852965,21.54718724755953,35.0193692662566,34.103810224084114,Low,0
Jan,Sunday,0,Vegetative/Tillering,-6.491627581160489,0.0,0.17480021973516602,6.833735129572578,47.2549674422581,22.98649783707435,41.02545466120435,38.738502024702214,Low,0
Jan,Sunday,1,Vegetative/Tillering,-6.735081919401816,0.0,0.12694916444076715,6.735809322814556,48.01498863994601,22.372676053122085,35.364449465227544,39.9982774088142,Low,0
Jan,Sunday,2,Vegetative/Tillering,-5.925404750410896,0.0,0.1162579880327835,6.862760195295293,48.922821665374585,21.82612268580736,29.43202273862091,38.841292462254565,Low,0
Jan,Sunday,3,Vegetative/Tillering,-6.128833138843016,0.0,0.03390512470020286,6.862295867177686,45.96378327028039,22.53485975732127,32.45827705036912,44.88525952208396,Low,0
Jan,Sunday,4,Vegetative/Tillering,-5.467067385171328,0.0,0.06360588117016329,6.606312335693373,52.35716751833989,21.028771635648496,35.986863585612745,40.37620019434653,Low,0
Jan,Sunday,5,Vegetative/Tillering,-6.1402864553166365,0.0,0.10620119381858124,6.600340589798928,43.28568963335341,21.06673829476069,35.47898427903609,38.03579136479914,Low,0
Jan,Sunday,6,Vegetative/Tillering,-5.956635282066607,0.0,0.08146293740638247,6.749158364052416,48.311345012983274,21.478851131759136,40.07336656693776,40.048323928161494,Low,0
Jan,Sunday,7,Vegetative/Tillering,-5.920901413938621,0.0,0.14849456979016362,6.606456430463445,48.04943969743948,24.434789285738287,38.080231895114125,39.066528238185064,Low,0
Jan,Sunday,8,Vegetative/Tillering,-6.429866788296484,0.0,0.07414926634473662,6.566373866052835,48.36467746383127,25.84346325549556,37.99034642133315,38.65259019817985,Low,0
Jan,Sunday,9,Vegetative/Tillering,-6.404464509625767,0.0,0.10245434850773993,6.99469213422376,49.25260879250363,28.20210182731447,34.54860072354247,39.151134650998486,Low,0
Jan,Sunday,10,Vegetative/Tillering,-5.926961557259495,0.0,0.1038290727401529,6.418091241391925,51.52882187909928,27.893659978009378,38.49736310965264,37.4564492281364,Low,0
Jan,Sunday,11,Vegetative/Tillering,-6.219466628517668,0.0,0.16216600791898061,7.026014318675975,47.14847034485327,30.042485215604426,32.51223062140813,39.07392082574144,Low,0
Jan,Sunday,12,Vegetative/Tillering,-7.099380048207143,0.0,0.09871164378431246,6.71324784617156,47.63465255896982,30.083326855538363,38.104882927881214,37.27793882127695,Low,0
Jan,Sunday,13,Vegetative/Tillering,-7.115307802138572,0.0,0.1358344241316796,6.845714433280118,46.81489805063035,29.620563844207258,34.352743290527904,33.80117602210589,Low,0
Jan,Sunday,14,Vegetative/Tillering,-7.539010658051358,0.0,0.1268497144632951,6.811559865609068,41.9832956703103,30.482669434024924,30.856019782118423,41.392168193573426,Low,0
Jan,Sunday,15,Vegetative/Tillering,-7.661506376156612,0.0,0.15161509699065479,6.780603530058539,48.91346520809235,29.529941456623167,36.979710101844624,37.12804709808015,Low,0
Jan,Sunday,16,Vegetative/Tillering,-7.657300780193983,0.0,0.14975752682407684,6.989734376279355,42.24492787305404,28.12635650442792,39.39263085584316,38.895134259998656,Low,0
Jan,Sunday,17,Vegetative/Tillering,-8.389408089217529,0.0,0.11882959604956596,6.5067172308054015,44.20441513049736,27.396517684585145,33.98019438605211,36.64061067538468,Low,0
Jan,Sunday,18,Vegetative/Tillering,-8.980192764976934,0.0,0.0606296920587487,6.698215207937028,42.727457252450854,25.74244560419055,39.888285250730384,36.71607626121182,Low,0
Jan,Sunday,19,Vegetative/Tillering,-8.542621622937396,0.0,0.11188906896740299,6.598504300497318,43.5489816696084,24.03221701683651,30.232177257035364,35.94419382349441,Low,0
Jan,Sunday,20,Vegetative/Tillering,-8.61356880934351,0.0,0.11930155244137466,6.476531802213101,41.83828109325236,22.04492548007136,31.609620289670918,40.912409061350424,Low,0
Jan,Sunday,21,Vegetative/Tillering,-9.58570791768837,0.0,0.13001032316034725,6.673510981126243,42.14880629982891,21.33104116888509,34.75982187474359,41.51597066015209,Low,0
Jan,Sunday,22,Vegetative/Tillering,-8.904284548293893,0.0,0.09418556991727164,7.113036415089549,39.008982136208466,22.434812332715897,34.08770834221692,38.606503078080685,Low,0
Jan,Sunday,23,Vegetative/Tillering,-8.53705601042492,0.0,0.15993153914430147,6.755283566949468,42.87940799763235,21.73282850102287,33.19859984182233,37.20002234142101,Low,0
Jan,Monday,0,Vegetative/Tillering,-8.80792295089296,0.0,0.12047667964102475,7.146151774811769,41.23323556475198,21.558736905884746,36.50103315645467,35.506908172455354,Low,0
Jan,Monday,1,Vegetative/Tillering,-9.299516310645242,0.0,0.0877825928265756,7.155212287549007,39.82656497031736,22.182440124717914,34.51422862650894,41.728161293762895,Low,0
Jan,Monday,2,Vegetative/Tillering,-8.741781584924567,0.0,0.1039620256440412,7.307190146935229,43.37721977108813,22.962221235337744,35.0230760085918,38.04819066043509,Low,0
Jan,Monday,3,Vegetative/Tillering,-8.470887261715905,0.0,0.1874989928888391,7.117636381345402,45.324827657321194,22.523490806152786,36.93527521105111,36.94643165224443,Low,0
Jan,Monday,4,Vegetative/Tillering,-7.315167884193519,0.0,0.14325322625312745,7.207712442260376,45.25708555426182,21.95008623331393,34.097389352585914,39.81274188709386,Low,0
Jan,Monday,5,Vegetative/Tillering,-7.199440256603151,0.0,0.15669597944475416,6.842261310084444,47.782705564004,21.917923153705715,35.78194551604308,38.90426910549912,Low,0
Jan,Monday,6,Vegetative/Tillering,-7.1128633182219145,0.0,0.08354445606003051,6.810344322917336,46.528609367156605,22.883650609751015,34.16338286092123,35.94444783486865,Low,0
Jan,Monday,7,Vegetative/Tillering,-7.289660767842647,0.0,0.09589096077356697,6.832004402177372,44.21934973870163,22.237778856092724,32.48313874971991,36.287781831821746,Low,0
Jan,Monday,8,Vegetative/Tillering,-7.003934986429995,0.0,0.09615021929415643,6.715251768265365,46.17465184608589,26.48396190430005,38.39110652402111,40.58094126525281,Low,0
Jan,Monday,9,Vegetative/Tillering,-6.852258626601096,0.0,0.12645378081560177,6.751483777406274,46.45560751457414,25.863705794925597,41.22338332252604,38.10035499445549,Low,0
Jan,Monday,10,Vegetative/Tillering,-6.449977276133716,0.0,0.11390993591200543,6.835432978731327,46.62673471226819,27.497325533085856,39.29371598522175,41.01522977007427,Low,0
Jan,Monday,11,Vegetative/Tillering,-6.9137047487628625,0.0,0.10286769560600428,6.591082711873491,47.764074460280796,29.171338278208772,37.09514824558395,40.10591159952514,Low,0
Jan,Monday,12,Vegetative/Tillering,-7.286530557871956,0.0,0.10725756426237912,6.385869798017443,46.481619036516825,31.910522611799266,34.1754146717921,42.35843824909058,Low,0
Jan,Monday,13,Vegetative/Tillering,-7.639505951001407,0.0,0.09220876846637256,6.702197351242884,41.98388632105779,31.716935488011412,35.23924382745178,37.659220623375134,Low,0
Jan,Monday,14,Vegetative/Tillering,-7.383425454441777,0.0,0.11370562495845066,6.526700927290149,42.476726918861026,30.739613502092297,39.271063781401985,40.321377902095854,Low,0
Jan,Monday,15,Vegetative/Tillering,-6.85493673607565,0.0,0.15896254543418117,6.558410997767323,47.89752073982995,29.867984845855712,29.25553969892976,41.33526980801823,Low,0
Jan,Monday,16,Vegetative/Tillering,-7.288970170838793,0.0,0.06704012269575861,6.679706964263435,44.37589873239783,27.13983028533426,35.01021932681845,38.174039618575364,Low,0
Jan,Monday,17,Vegetative/Tillering,-7.651804001027529,0.0,0.13212678017723306,6.633189346306286,45.739752707734574,27.48832494517443,38.3023477592328,42.55759147242364,Low,0
Jan,Monday,18,Vegetative/Tillering,-7.633027801253376,0.0,0.16830324432078683,6.931207258181617,46.742596433210274,25.40669269809249,32.68515885344649,35.573889104380044,Low,0
Jan,Monday,19,Vegetative/Tillering,-7.867138060682985,0.0,0.11358845155020515,6.729959042814513,42.07696297954972,23.501832004752334,37.370164852736615,37.65723084088423,Low,0
Jan,Monday,20,Vegetative/Tillering,-7.524560944170965,0.0,0.10148933897989365,6.983898297738113,42.61797922483731,22.498842471979728,37.23096781229707,35.480363905491046,Low,0
Jan,Monday,21,Vegetative/Tillering,-8.663881536154852,0.0,0.15234810200827062,6.819611244922948,46.05554767801894,21.99811199244264,31.737002709212526,37.89989590002281,Low,0
Jan,Monday,22,Vegetative/Tillering,-8.992266503316886,0.0,0.08555223430959048,6.750508185099952,42.62170195796439,23.07043963677508,36.360934330428805,39.35312319473202,Low,0
Jan,Monday,23,Vegetative/Tillering,-9.242929787456307,0.0,0.11920579645214442,6.8285861447429745,40.47848719675832,20.826236185909867,34.24766419599544,41.81833513089891,Low,0
Jan,Tuesday,0,Vegetative/Tillering,-10.293446489452856,0.0,0.08360545648649956,6.543481487408116,36.92784752002061,22.435009137876786,38.248296027650596,40.549274156886526,Low,0
Jan,Tuesday,1,Vegetative/Tillering,-10.573685814352062,0.0,0.05454646604915021,6.848278060786893,37.102272347740495,21.671722221188766,39.00936605767379,39.44906570278111,Low,0
Jan,Tuesday,2,Vegetative/Tillering,-10.781056719140107,0.0,0.11468055073218217,6.934644703283681,35.24431920183712,22.047291336867445,38.19681680131945,37.064443009538316,Low,0
Jan,Tuesday,3,Vegetative/Tillering,-10.627924307382491,0.0,0.07578117278565558,6.95157255979857,39.7598060104632,22.618701135583393,37.21777697272929,37.902053386479125,Low,0
Jan,Tuesday,4,Vegetative/Tillering,-9.897111674983055,0.0,0.11959153203347911,6.546891358983305,38.19342967282803,21.481153709911947,37.86661381726772,41.71301487627967,Low,0
Jan,Tuesday,5,Vegetative/Tillering,-9.874829634699745,0.0,0.15902603685332473,6.501487777924515,41.98747805315315,22.506385711449973,33.471804733251986,43.14113690295968,Low,0
Jan,Tuesday,6,Vegetative/Tillering,-10.207586326630468,0.0,0.18489893923378684,6.68279572394796,38.200534976546855,22.20512943583259,36.90774464841033,39.88944513948763,Low,0
Jan,Tuesday,7,Vegetative/Tillering,-10.057190085626793,0.0,0.1232735249380123,7.007338754746083,37.27604342726107,23.626697979509004,34.610550259833985,43.96503630706154,Low,0
Jan,Tuesday,8,Vegetative/Tillering,-9.434986765871663,0.0,0.155672554119146,6.770231391982469,40.003428585880414,25.46961192413173,40.09461626046115,38.56270650230211,Low,0
Jan,Tuesday,9,Vegetative/Tillering,-9.818988520289864,0.0,0.13396369275373216,6.564465703316518,34.686093996301494,27.239276901920327,39.04971446794432,39.96114845299286,Low,0
Jan,Tuesday,10,Vegetative/Tillering,-10.129955491880601,0.0,0.10659102351437294,6.430740156207126,38.94656966613855,28.01538264969367,39.04120405035961,40.17213605054833,Low,0
Jan,Tuesday,11,Vegetative/Tillering,-9.748099224800558,0.0,0.05263282761241869,6.545555527346151,39.764323478218344,29.588426523479843,42.14047466729195,44.761034470761054,Low,0
Jan,Tuesday,12,Vegetative/Tillering,-9.783423252074009,0.0,0.17692723144787417,6.5279425668658195,41.66926968811832,29.951882000121728,36.010067605598955,41.27164781700238,Low,0
Jan,Tuesday,13,Vegetative/Tillering,-9.435424685841074,0.0,0.0832814233751607,6.832621579800949,37.082370898014666,29.88597397034643,35.35297794336745,36.441418026855786,Low,0
Jan,Tuesday,14,Vegetative/Tillering,-9.445472952797875,0.0,0.16839698189962193,6.823063508621013,43.154597635012195,31.446297084576976,35.93919185122767,43.31663576314753,Low,0
Jan,Tuesday,15,Vegetative/Tillering,-9.142372996710675,0.0,0.1387882670241788,6.474793519786601,43.19950339788969,29.91494288126865,32.19329077648539,45.552318941569716,Low,0
Jan,Tuesday,16,Vegetative/Tillering,-9.671027839941573,0.0,0.08583955251634244,6.82321765998,42.79362031153755,28.323482073645877,32.429250637461976,40.31314819474661,Low,0
Jan,Tuesday,17,Vegetative/Tillering,-9.670219067359305,0.0,0.13091994266366336,6.817442140368633,40.1860314863294,27.479606759529638,38.86330902690433,38.69479418738446,Low,0
Jan,Tuesday,18,Vegetative/Tillering,-9.76056557105909,0.0,0.19465188714498655,6.524788246289847,42.102436297663694,25.024613803521657,32.81457960722852,43.09814353671103,Low,0
Jan,Tuesday,19,Vegetative/Tillering,-10.288934339112506,0.0,0.173747840330232,6.740326381417563,35.86406951631617,23.805750186227645,33.77526230496982,45.84816159179395,Low,0
Jan,Tuesday,20,Vegetative/Tillering,-10.89485051962977,0.0,0.10205504303529431,6.842063527273594,38.778453883297615,22.1189380396494,36.69484036868512,43.0593293848823,Low,0
Jan,Tuesday,21,Vegetative/Tillering,-10.395999279952813,0.0,0.09508067346353613,6.8212189022880425,37.00727620391336,21.377564872072092,35.763317191786996,36.87998411634349,Low,0
Jan,Tuesday,22,Vegetative/Tillering,-10.423354619424176,0.0,0.12350728130606252,6.464329357598527,35.181145248536104,22.684883238395535,39.6569570733882,42.82420453843103,Low,0
Jan,Tuesday,23,Vegetative/Tillering,-10.737159899322778,0.0,0.11420701948605573,6.806555194244345,35.482535205296614,21.970509837909738,37.18138391500448,41.948018469442545,Low,0
Jan,Wednesday,0,Vegetative/Tillering,-10.733160257255312,0.0,0.16199080849749556,6.895668280467071,37.75147765984579,22.090626666042077,35.504593962483405,39.7488408580686,Low,0
Jan,Wednesday,1,Vegetative/Tillering,-10.166149424444582,0.0,0.14588561977476316,7.068026588705634,37.4526429648978,21.920024112701316,40.814899029229245,45.35746128153991,Low,0
Jan,Wednesday,2,Vegetative/Tillering,-11.200642757661926,0.0,0.06077154394650522,6.620983496885796,37.370604445002975,24.74227247251448,40.08637415451635,43.231294538614556,Low,0
Jan,Wednesday,3,Vegetative/Tillering,-11.727314171989836,0.0,0.1360536339398369,6.686644813626887,31.73797087721636,21.84490787986079,33.66704968727831,45.4228131480815,Low,0
Jan,Wednesday,4,Vegetative/Tillering,-11.914276064200914,0.0,0.11373181636964212,6.76410310558956,30.651542358686086,20.72005843689134,38.6567999339801,39.48172629138199,Low,0
Jan,Wednesday,5,Vegetative/Tillering,-10.997338781922695,0.0,0.12129878476098234,6.848493049488545,39.85116179167268,21.09505442323293,35.754769631244564,43.132361027579236,Low,0
Jan,Wednesday,6,Vegetative/Tillering,-10.737469432362056,0.0,0.12871300549912307,6.785226566699769,39.53767362113394,22.982442098156348,35.6756866215995,39.89767978732081,Low,0
Jan,Wednesday,7,Vegetative/Tillering,-10.297522810357874,0.0,0.16195551518468107,6.8429104934591205,36.687351583313486,25.22432962499702,43.508543983937535,42.754584112889034,Low,0
Jan,Wednesday,8,Vegetative/Tillering,-10.78242900795136,0.0,0.15422275372411073,6.530456940003642,37.61617109397566,25.30063215984218,38.27281416535537,45.8284802923039,Low,0
Jan,Wednesday,9,Vegetative/Tillering,-11.197954080653988,0.0,0.09375900407594466,6.758142491814706,38.663924326833076,28.38607815057824,37.24738453445816,38.56937233759349,Low,0
Jan,Wednesday,10,Vegetative/Tillering,-10.86014655905943,0.0,0.11794858113086157,6.5405573736651075,38.27404947483858,29.222923859618273,38.15485367588687,38.71291376238538,Low,0
Jan,Wednesday,11,Vegetative/Tillering,-10.75674268088236,0.0,0.10430175124999759,6.645232395053538,37.98026375824929,29.43116683843048,40.52272078848789,44.524103358010585,Low,0
Jan,Wednesday,12,Vegetative/Tillering,-10.459788459292193,0.0,0.06113539108826907,6.970451458849545,40.58681586032393,29.96606627043816,35.79518657213967,42.100109729343046,Low,0
Jan,Wednesday,13,Vegetative/Tillering,-10.548474376341337,0.0,0.11617203223396184,6.403020851705131,36.722236546378355,30.519696181132524,36.307450091677,45.063574732048046,Low,0
Jan,Wednesday,14,Vegetative/Tillering,-10.42694550897119,0.0,0.1845664049645684,6.59905003635325,38.5376876757984,30.8763879551775,39.87001437443899,40.11720472925959,Low,0
Jan,Wednesday,15,Vegetative/Tillering,-10.386590004008287,0.0,0.06007848121875886,6.434554962048657,38.53648671379533,29.90058659569537,33.3508321285289,42.263393148623464,Low,0
Jan,Wednesday,16,Vegetative/Tillering,-10.080829545366571,0.0,0.11915783722189766,6.71872915714474,38.76048499577814,28.088205218305283,40.87231552272788,43.855738716454816,Low,0
Jan,Wednesday,17,Vegetative/Tillering,-9.809612269850625,0.0,0.11803516491066138,6.8928286331114705,39.17731952951699,27.223552777248823,33.084460795529324,42.66091714176727,Low,0
Jan,Wednesday,18,Vegetative/Tillering,-10.670131171770056,0.0,0.1300707415117512,6.731571711241198,38.03742166340884,27.431080676718004,37.16269957427378,37.663548345011115,Low,0
Jan,Wednesday,19,Vegetative/Tillering,-11.690836245336019,0.0,0.08630462649121244,6.726149068757269,35.51080800316461,24.356138509487465,33.10350138049799,49.19191230721404,Low,0
Jan,Wednesday,20,Vegetative/Tillering,-11.101691209053458,0.0,0.07012112932200162,7.005555514106778,34.759085813202645,23.07046034150609,34.73124501419698,42.66622787142296,Low,0
Jan,Wednesday,21,Vegetative/Tillering,-10.503548602318464,0.0,0.07174908201218809,6.829886818411995,39.89507517423658,22.806907989799384,41.793000575814865,38.784373952825376,Low,0
Jan,Wednesday,22,Vegetative/Tillering,-10.972754378997102,0.0,0.16658268154160177,6.921116597208154,35.21261907487443,22.593686195198163,41.03337362150417,42.920916398017276,Low,0
Jan,Wednesday,23,Vegetative/Tillering,-11.742099054315288,0.0,0.085605990897335,6.904316942831943,34.88249538054896,22.461959120012054,41.35396689933432,43.20827927526542,Low,0
Feb,Thursday,0,Vegetative/Tillering,-11.665117295035687,0.0,0.10251532329213894,6.248383039747883,34.91315754647425,23.092912500259985,34.45303514938479,45.81814226978824,Low,0
Feb,Thursday,1,Vegetative/Tillering,-11.211919316440708,0.0,0.19366214095145412,6.754450908164501,37.307600865860735,22.949913788248548,35.646831525395015,45.651195585980545,Low,0
Feb,Thursday,2,Vegetative/Tillering,-10.420310854821345,0.0,0.09430105201282404,6.579654873865217,34.253046067994106,22.58611478240924,39.8196177064934,42.79872196984202,Low,0
Feb,Thursday,3,Vegetative/Tillering,-10.305962973200339,0.0,0.13198398592828242,6.635923109358339,40.5475084941781,21.81998997956169,40.945952470538046,39.028134111743306,Low,0
Feb,Thursday,4,Vegetative/Tillering,-10.599443203408192,0.0,0.15723340868189273,7.0376737936519715,36.70735561659601,22.68344704443878,36.40145894470413,44.48674091284311,Low,0
Feb,Thursday,5,Vegetative/Tillering,-11.081577346933848,0.0,0.1555502065442735,6.71021409707955,39.34414095691287,22.321393650825534,37.06323585236824,39.22729319750903,Low,0
Feb,Thursday,6,Vegetative/Tillering,-11.087481214889092,0.0,0.07339482750347118,7.121236346181222,35.93371523523387,22.12839527092394,35.4059570618241,46.37144484129728,Low,0
Feb,Thursday,7,Vegetative/Tillering,-11.2340503738426,0.0,0.09503266433044755,6.464643260576896,36.44059193130974,26.29818825162337,43.774735871744625,41.501438419545785,Low,0
Feb,Thursday,8,Vegetative/Tillering,-11.687106412074943,0.0,0.1305827391688195,6.548216826548461,39.27851669115698,24.614828866774204,37.37513260283946,44.92073416997211,Low,0
Feb,Thursday,9,Vegetative/Tillering,-10.705801016995608,0.0,0.18751561100841524,6.827777188439617,37.251401141623205,28.12972870211585,38.8938769108383,41.692911303723676,Low,0
Feb,Thursday,10,Vegetative/Tillering,-9.99064087146154,0.0,0.09334712694755816,6.631960399878351,42.00016167783922,27.939515104341176,39.050933806667885,42.103244178025264,Low,0
Feb,Thursday,11,Vegetative/Tillering,-9.679524886424737,0.0,0.10272354555611231,6.722503310567777,40.34723044370975,29.687707334694068,42.11686136042143,41.330908791847804,Low,0
Feb,Thursday,12,Vegetative/Tillering,-10.350251859117158,0.0,0.13468510474903517,6.608845371562543,39.4902331987058,32.22929331272674,35.942600306102776,45.12353715073508,Low,0
Feb,Thursday,13,Vegetative/Tillering,-10.140617813894782,0.0,0.1416880379571932,6.642759705104007,39.302434425475276,29.60510480414075,42.304782502678464,41.77996588153441,Low,0
Feb,Thursday,14,Vegetative/Tillering,-10.069077213453236,0.0,0.14380889015059578,6.6138076300243345,41.02991794031248,29.595325173592776,34.96383785313493,45.2546635538112,Low,0
Feb,Thursday,15,Vegetative/Tillering,-10.106386882733878,0.0,0.090377544730782,6.701277705570921,37.87360825573259,29.56873995349807,42.297160773333175,41.845357436513105,Low,0
Feb,Thursday,16,Vegetative/Tillering,-9.783056371544651,0.0,0.10137831520729582,6.8087167173504355,38.05256766225447,27.95187829363915,33.65410124468576,42.75478770206994,Low,0
Feb,Thursday,17,Vegetative/Tillering,-9.786319608506767,0.0,0.12754254199306891,6.982043534740714,38.73568055882971,28.07016349562211,38.48633304439569,43.42224568323144,Low,0
Feb,Thursday,18,Vegetative/Tillering,-9.743706234756647,0.0,0.16418089594198987,6.6947710481769445,40.31452578923223,25.418446364089828,43.676311665108685,43.71788734812083,Low,0
Feb,Thursday,19,Vegetative/Tillering,-9.751787677639165,0.0,0.11165305712585505,6.671469479028993,39.65407200256534,24.67837518376998,40.89176832473697,41.02282249695053,Low,0
Feb,Thursday,20,Vegetative/Tillering,-9.887094291731948,0.0,0.11921943349706632,6.6987821894189565,41.191523452785674,21.311648694559945,40.06372686592375,45.09285245658672,Low,0
Feb,Thursday,21,Vegetative/Tillering,-10.951652109316777,0.0,0.08409250470012067,7.0631180719317,39.825498337282774,20.92953479827662,35.654754575127484,42.65498531847649,Low,0
Feb,Thursday,22,Vegetative/Tillering,-11.016769106955456,0.0,0.1852129391162285,6.903881301227924,35.10807746883689,22.19181201683756,36.59559626749493,44.6930851765971,Low,0
Feb,Thursday,23,Vegetative/Tillering,-11.348867724451601,0.0,0.12539920314995984,6.45387107729758,34.79481987808829,21.120193729569923,42.83318746309348,43.29276265905143,Low,0
Feb,Friday,0,Vegetative/Tillering,-12.102988007299722,0.0,0.15772141728448597,6.408894046543465,31.58034994585496,23.58961513021236,41.11701847377095,45.99738475106224,Low,0
Feb,Friday,1,Vegetative/Tillering,-11.4061034077157,0.0,0.12104640228236603,6.6458222235762845,40.18609780300053,21.151157207604,42.37074774100169,43.50289563004963,Low,0
Feb,Friday,2,Vegetative/Tillering,-10.77373436057027,0.0,0.12298434728351942,6.830753420181836,38.252376532875005,21.54485064986344,39.92138143744223,42.55725477531407,Low,0
Feb,Friday,3,Vegetative/Tillering,-10.3861473810126,0.0,0.06748918882017788,6.76588693631494,39.53285092567292,22.705895908379688,38.85480554795954,45.5983955860973,Low,0
Feb,Friday,4,Vegetative/Tillering,-10.541838798633588,0.0,0.044723334560760164,6.876571506732607,35.51917011321729,21.905908839950396,41.999984891426294,43.29691541050187,Low,0
Feb,Friday,5,Vegetative/Tillering,-10.17790303024136,0.0,0.16381668241425856,6.76351583604542,39.07069274940699,21.160289624105918,40.47805910336791,48.17821612436528,Low,0
Feb,Friday,6,Vegetative/Tillering,-10.465606008070083,0.0,0.12273203749918471,7.003930808927346,39.40104154945797,24.006971328057567,39.19011999673587,44.70039175552928,Low,0
Feb,Friday,7,Vegetative/Tillering,-10.62886536018144,0.0,0.12722498430453164,6.90117214174248,37.485207754495704,23.353860429122854,35.4579788303758,41.09717180551292,Low,0
Feb,Friday,8,Vegetative/Tillering,-11.357484415011827,0.0,0.07628311867298564,6.741127834276675,38.393448653624404,25.689063666943227,42.56172489195873,43.06758511645662,Low,0
Feb,Friday,9,Vegetative/Tillering,-11.321175610940886,0.0,0.08839275377722318,6.910727631514363,40.95284078502753,27.19556439878504,41.02007893491815,42.03298865004102,Low,0
Feb,Friday,10,Vegetative/Tillering,-11.451570690951508,0.0,0.15718057003972447,6.3777283919034975,34.12210468752848,29.197899181317503,37.88121385255644,47.213546950954104,Low,0
Feb,Friday,11,Vegetative/Tillering,-12.188895446917115,0.0,0.1809050319794503,6.647897058043917,32.202476435445526,29.9526329117562,43.23775820238416,46.465101482146565,Low,0
Feb,Friday,12,Vegetative/Tillering,-12.272522117999522,0.0,0.09825540951796069,6.69455747809399,32.290434785744,29.512982467269783,40.43143749719987,44.378641759991744,Low,0
Feb,Friday,13,Vegetative/Tillering,-12.369962791758509,0.0,0.14350191509270696,6.769151496600771,37.02448761981256,30.114338226045355,40.490196517285234,45.256434258500754,Low,0
Feb,Friday,14,Vegetative/Tillering,-11.620798809255563,0.0,0.1266508726438562,6.353876839231531,37.69479349184602,29.992885350621137,42.35168672873451,44.31205139277946,Low,0
Feb,Friday,15,Vegetative/Tillering,-11.393172543740224,0.0,0.11578148709727962,6.61289797863592,35.88533025943617,30.181918541778202,41.7061198609159,46.682255126711794,Low,0
Feb,Friday,16,Vegetative/Tillering,-11.602446518144205,0.0,0.1848185657062412,6.769158028425333,35.727247685255655,27.69499432785736,40.58102343739254,45.83082910705915,Low,0
Feb,Friday,17,Vegetative/Tillering,-11.680513415015028,0.0,0.10413794238920368,6.763728079847403,33.83368055157049,28.977406860274495,39.13424483936501,46.281189260556495,Low,0
Feb,Friday,18,Vegetative/Tillering,-11.841379300099367,0.0,0.163424942295612,6.947422523417162,36.86074399524789,25.23872320297291,45.65099246270359,44.05163504955113,Low,0
Feb,Friday,19,Vegetative/Tillering,-12.089261190064951,0.0,0.1333498160964717,6.887348440519536,33.725969495627005,24.148167954245235,37.49859753740796,42.95235048824381,Low,0
Feb,Friday,20,Vegetative/Tillering,-12.693325440399358,0.0,0.11940887371723134,6.7798425843893515,32.51586586413154,21.447008448245406,41.937915516982244,46.19390771256051,Low,0
Feb,Friday,21,Vegetative/Tillering,-12.78591478927804,0.0,0.16802060105615774,6.913948182950463,34.03138404879122,21.336472790687505,39.44842250088302,48.4096008717855,Low,0
Feb,Friday,22,Vegetative/Tillering,-13.12316426760608,0.0,0.13015470744480598,6.751122686509097,31.628415881578963,21.6754572727379,41.064140882389516,47.29627609733359,Low,0
Feb,Friday,23,Vegetative/Tillering,-13.628278729200003,0.0,0.11662503645307018,6.814940590109285,30.322199062924298,21.598581425868595,43.40026995511082,48.485396759700386,Low,0
Feb,Saturday,0,Vegetative/Tillering,-13.412858779454501,0.0,0.16828047605437116,6.924910507316383,31.33028934036735,22.043594380676137,39.66526471909363,46.13424628885163,Low,0
Feb,Saturday,1,Vegetative/Tillering,-13.26889620903978,0.0,0.16372417888201624,6.780468437571317,33.245359925890675,21.59182797698901,42.40550902640099,43.30418893580728,Low,0
Feb,Saturday,2,Vegetative/Tillering,-14.113358008778736,0.0,0.16206871624038566,6.833686513260201,32.9209269298987,22.931441937035366,41.39667184152932,43.52619876765547,Low,0
Feb,Saturday,3,Vegetative/Tillering,-14.080636631033268,0.0,0.0,6.9593063852208825,30.877444550012317,21.7486128837453,38.67609551716505,49.17809128045098,Low,0
Feb,Saturday,4,Vegetative/Tillering,-13.541435523137096,0.0,0.13540618190084439,6.915790460854452,32.6071831917195,21.659947605238468,44.374296996157625,41.074307861991,Low,0
Feb,Saturday,5,Vegetative/Tillering,-13.044242390795283,0.0,0.12742410175744895,7.003615560428054,31.79411013788907,22.060624908706185,42.733563387021675,49.49105843084899,Low,0
Feb,Saturday,6,Vegetative/Tillering,-12.630010765674475,0.0,0.118779786107008,7.184081627087169,31.772378436043827,23.169271102957037,39.296350205465,43.760079992815875,Low,0
Feb,Saturday,7,Vegetative/Tillering,-12.719556838775116,0.0,0.14134228718904374,6.874120973046168,34.28103605140995,24.327068410538836,43.91078133171424,50.537641587556806,Low,0
Feb,Saturday,8,Vegetative/Tillering,-13.199242923036168,0.0,0.12911949053765848,6.642972566411687,32.164298633914335,25.76631828903049,38.1057410497809,45.552662187464065,Low,0
Feb,Saturday,9,Vegetative/Tillering,-13.72695404273298,0.0,0.14372325960645135,6.81138090962414,27.71005299994135,26.216482598894924,40.513197211344604,47.53559372230755,Low,0
Feb,Saturday,10,Vegetative/Tillering,-13.548197158501592,0.0,0.11062133672857526,6.781155038590476,30.32818757274498,27.71548509185327,39.31232849633165,51.69178266233227,Low,0
Feb,Saturday,11,Vegetative/Tillering,-13.390680296525913,0.0,0.17243632205617726,6.794531579964054,31.1965732413747,28.560022991187655,42.853935967059975,44.90379716402753,Low,0
Feb,Saturday,12,Vegetative/Tillering,-12.859274943678894,0.0,0.14726304671204893,6.91330436035684,31.616824401113696,31.219904276392466,39.1609499334006,44.861834108905235,Low,0
Feb,Saturday,13,Vegetative/Tillering,-12.499256631008825,0.0,0.1389884306680194,6.347368170905299,36.46525527466307,30.79945049850532,42.87544935088313,43.99206866898152,Low,0
Feb,Saturday,14,Vegetative/Tillering,-12.755952486995506,0.0,0.13727968317974024,6.942713935084623,33.845392105015215,29.485126890315232,42.38338042776711,43.22470849366911,Low,0
Feb,Saturday,15,Vegetative/Tillering,-13.487248905470555,0.0,0.16050484576227475,7.008606231828078,33.876952462647964,29.131253628158827,39.47425255776049,44.90460586357852,Low,0
Feb,Saturday,16,Vegetative/Tillering,-13.707656161033906,0.0,0.15575907254274213,6.795211423607323,31.128475736822942,27.969419718754374,46.08915277436891,44.34206451077015,Low,0
Feb,Saturday,17,Vegetative/Tillering,-13.660749515201477,0.0,0.11605297812587993,6.819270872993684,30.876976836366612,26.654229441765303,38.36429605082961,42.6035242563361,Low,0
Feb,Saturday,18,Vegetative/Tillering,-13.81077093238739,0.0,0.15466086332881537,6.675789273624589,28.480954127049763,26.214310737913408,36.37295774182972,45.20296389622174,Low,0
Feb,Saturday,19,Vegetative/Tillering,-14.107234604865154,0.0,0.12609182840147157,6.754761240741661,29.666496014716763,23.92513849502306,43.16829741000607,46.85363309024602,Low,0
Feb,Saturday,20,Vegetative/Tillering,-13.983447727121904,0.0,0.1870924377025115,6.877532375715098,29.96583330625831,24.039934195437972,34.15177617763762,43.489403164345255,Low,0
Feb,Saturday,21,Vegetative/Tillering,-14.209783150126642,0.0,0.1584204733866438,6.875910112804454,26.662292671627597,23.3752878596136,45.07545047899192,45.32304215485014,Low,0
Feb,Saturday,22,Vegetative/Tillering,-14.450132135674219,0.0,0.09810367385034073,6.89088898731501,27.740627934841086,23.422584272373378,40.9052616295791,49.24542785307969,Low,0
Feb,Saturday,23,Vegetative/Tillering,-14.222230883342192,0.0,0.2015748741307593,6.881619059189213,28.720080682946016,22.9120855799585,36.31904477558429,42.18033881371062,Low,0
Feb,Sunday,0,Vegetative/Tillering,-14.490159665176872,0.0,0.04642860574035597,6.943657104191713,29.550575891686954,22.036872743594248,38.654606492567886,51.75625146817486,Low,0
Feb,Sunday,1,Vegetative/Tillering,-14.417152648246272,0.0,0.1423074159234165,6.911298269983062,29.821533868180357,22.85323270762367,36.59773397345496,45.242024400905834,Low,0
Feb,Sunday,2,Vegetative/Tillering,-14.329453911652783,0.0,0.095631343469415,6.59667823258752,27.946673648102912,22.095933844377072,42.648648858110626,47.42934358631467,Low,0
Feb,Sunday,3,Vegetative/Tillering,-14.879569626678904,0.0,0.18587631027855572,6.907119935222678,28.726772101054397,23.67922084058269,37.519257487023225,50.12499124757465,Low,0
Feb,Sunday,4,Vegetative/Tillering,-15.0486975843423,0.0,0.12884821228533505,7.106569238358322,27.018967938881445,22.698423506439937,43.006267092087846,50.88793386930709,Low,1
Feb,Sunday,5,Vegetative/Tillering,-14.325694378528251,0.0,0.09221715872195077,6.768933860344791,23.379093441822285,22.58488828688241,40.58552754563928,48.10163509236714,Low,1
Feb,Sunday,6,Vegetative/Tillering,-14.87217739070917,0.0,0.11067268507231459,7.045256518687692,26.837370198394908,22.47665812994361,40.07390757936372,45.19081953889591,Low,0
Feb,Sunday,7,Vegetative/Tillering,-15.773381137002907,0.0,0.0950123989467043,6.564176136812825,27.80186255147778,25.5473806135392,43.02803790058478,44.970055151407195,Low,1
Feb,Sunday,8,Vegetative/Tillering,-16.43864729644064,0.0,0.10929780575004724,6.736656683782056,20.683634975287106,24.699069645871035,43.370533988884276,45.489852286947546,Low,1
Feb,Sunday,9,Vegetative/Tillering,-16.167633411145754,0.0,0.10849733344386733,6.5645883025191525,24.92306221408127,28.83354867700485,44.937408616136366,51.650224691994474,Low,1
Feb,Sunday,10,Vegetative/Tillering,-15.943896402915078,0.0,0.0937095445954631,6.9335488932295695,28.40517106137439,28.480728813780928,39.59866499130814,45.9692195681265,Low,1
Feb,Sunday,11,Vegetative/Tillering,-15.830138102682694,0.0,0.12945223340539186,6.98091830335509,23.98644264754057,28.45783176256683,41.41057161201721,47.73615186497317,Low,1
Feb,Sunday,12,Vegetative/Tillering,-15.145677789733737,0.0,0.13369284571923562,6.651054865702137,27.154671465494403,29.572655512140145,39.59401860240577,44.31769026500529,Low,1
Feb,Sunday,13,Vegetative/Tillering,-16.318884971721804,0.0,0.08512927630534114,6.8874757612318165,21.726643553411826,29.054354189821133,41.988962426640384,44.03622359106041,Low,1
Feb,Sunday,14,Vegetative/Tillering,-15.958715276631327,0.0,0.06196059329346007,6.949152562613754,28.453545619411955,30.6973486939231,39.165130944189606,46.99306389346077,Low,1
Feb,Sunday,15,Vegetative/Tillering,-15.134640623813919,0.0,0.13088347582523502,6.675292856822767,27.010197248853366,28.752116582942136,40.227709808498446,46.115222475720586,Low,1
Feb,Sunday,16,Vegetative/Tillering,-15.643871969911123,0.0,0.1386172192891837,6.704386500232837,26.04796095780134,28.764585992708,40.242998470686814,46.29781918744124,Low,1
Feb,Sunday,17,Vegetative/Tillering,-15.750117634361628,0.0,0.14555758666864319,6.820496385947819,28.408318608543336,28.27029203900255,42.380082832081634,43.22940878846711,Low,1
Feb,Sunday,18,Vegetative/Tillering,-16.011046972748325,0.0,0.13929110335579448,6.581216317775035,26.39644405469498,25.308456370087555,41.50886490170374,46.743365150901624,Low,1
Feb,Sunday,19,Vegetative/Tillering,-16.297430927231055,0.0,0.17504508715079464,6.773207299380156,22.63490830965199,23.940684517231,43.01890481730616,50.80025874991703,Low,1
Feb,Sunday,20,Vegetative/Tillering,-16.283188188908955,0.0,0.15489737604259424,7.178217078435341,23.125792498443875,21.332306712067187,41.17901025356225,44.794488334049774,Low,1
Feb,Sunday,21,Vegetative/Tillering,-15.473966141526258,0.0,0.21379398687454518,6.691532851662361,27.352343869383574,22.06431431283904,39.7607419995716,49.17067135271685,Low,1
Feb,Sunday,22,Vegetative/Tillering,-14.583431322187643,0.0,0.22852265188915308,6.899675439823891,27.251522716623775,24.4342189002187,42.07384869177242,38.266174864508464,Low,0
Feb,Sunday,23,Vegetative/Tillering,-14.783750166003907,0.0,0.05846640943243503,6.861824602335336,23.784512977349568,22.997346531288354,38.74844816982748,44.921220344783464,Low,1
Feb,Monday,0,Vegetative/Tillering,-11.290448046434348,0.0,0.043100147906745406,6.750573901460192,36.296443091279414,22.163215664885115,44.107473447338066,43.349023363559695,Low,0
Feb,Monday,1,Vegetative/Tillering,-9.114793772080434,0.0,0.11974130457536498,6.824113173157871,38.66406962475734,21.88564957105463,41.54360443610548,51.215509305690794,Low,0
Feb,Monday,2,Vegetative/Tillering,-6.458761681973686,0.0,0.13764813504581128,7.092858187164975,51.231535470390604,22.340893283474852,43.013558229098614,50.321944312406195,Low,0
Feb,Monday,3,Vegetative/Tillering,-4.9955712065633,0.0,0.11734402468479972,6.874961877357951,51.864204379774385,22.47904060175491,43.06007201483579,45.53916682467257,Low,0
Feb,Monday,4,Vegetative/Tillering,-3.628479971138235,0.0,0.14462531561202163,6.909671188672776,52.98129795578109,22.039744234283393,47.204636453156624,48.84819287800656,Low,0
Feb,Monday,5,Vegetative/Tillering,-2.342398897001442,0.0,0.11054152736105687,7.058669502976063,56.480977817871626,22.799047356616903,43.544751104688345,51.12927357322747,Low,0
Feb,Monday,6,Vegetative/Tillering,0.03132110429415058,0.041666666666666664,0.09649475088785946,6.736222491221055,59.796375474558126,21.61224200795167,42.61965685920932,51.51797922391437,Low,0
Feb,Monday,7,Vegetative/Tillering,1.023645023861289,0.08333333333333333,0.12658994550174568,6.573228456254241,63.757824283706086,23.3884573316631,40.32288754041864,47.110523347566954,Low,0
Feb,Monday,8,Vegetative/Tillering,1.1708009268279878,0.125,0.14226413025345255,7.038669136307541,68.34256862946857,26.14222627858063,44.80715546479152,42.60285955083508,Low,0
Feb,Monday,9,Vegetative/Tillering,2.0438860709743465,0.16666666666666666,0.2006200838164639,6.740653845691042,72.8688988613232,26.42800501201835,41.58938343876244,45.87865008384271,Low,0
Feb,Monday,10,Vegetative/Tillering,2.1857173793499842,0.20833333333333334,0.15760701010044553,6.835155168096309,70.19851473683788,29.21286566203427,37.82355956222065,50.040361487310605,Low,0
Feb,Monday,11,Vegetative/Tillering,2.2383114971454656,0.25,0.16584388282655196,6.531710849788988,68.68786251590706,29.571326453301804,41.814735333216014,53.37223543464595,Low,0
Feb,Monday,12,Vegetative/Tillering,2.9001184994965508,0.2916666666666667,0.21246055202896613,6.751753296107097,69.59636564748388,28.712095922480817,42.97446938310465,47.989187496071324,Low,0
Feb,Monday,13,Vegetative/Tillering,3.061708290854029,0.3333333333333333,0.1895848333572691,6.458113109218134,68.93510827089695,30.46259930044876,39.94448290704195,46.60794553571872,Low,0
Feb,Monday,14,Vegetative/Tillering,3.300228291664778,0.375,0.24159057656420813,6.691578581184306,75.54007969867493,28.826305997783393,42.0454590846708,54.12340371899752,Low,0
Feb,Monday,15,Vegetative/Tillering,3.37614144839295,0.4166666666666667,0.17222081808159662,6.543812218403751,71.22524207241433,30.137440550943882,42.185551490052696,49.13933163667657,Low,0
Feb,Monday,16,Vegetative/Tillering,3.578808807804945,0.4583333333333333,0.16969748871883159,6.528062013770584,76.32040079885687,28.430680396343764,42.23227631717255,45.05557998526168,Low,0
Feb,Monday,17,Vegetative/Tillering,3.7879798630703556,0.5,0.22536151276740088,6.6252811326930034,75.37819069058897,28.843785788075326,46.10392560914637,47.82773094979377,Low,0
Feb,Monday,18,Vegetative/Tillering,2.903327562523069,0.5416666666666666,0.2067332852423446,6.299142881439145,66.98639328736282,26.70312018843855,38.46532641644587,50.62481911670671,Low,0
Feb,Monday,19,Vegetative/Tillering,3.3157890391559652,0.5833333333333334,0.1726211436859797,6.554118359200069,70.12598890245573,23.306613466665052,48.501407377556696,47.9490645391913,Low,0
Feb,Monday,20,Vegetative/Tillering,2.933534589965057,0.625,0.24036420379558635,6.941958426492956,69.2023927675685,20.758408108926865,42.30149403942638,50.11090146417972,Low,0
Feb,Monday,21,Vegetative/Tillering,2.405456904090073,0.6666666666666666,0.24750921094420975,6.8485161652000865,69.1134038416047,21.7709189945669,44.14063370185739,44.11248158250949,Low,0
Feb,Monday,22,Vegetative/Tillering,2.5842078777810555,0.7083333333333334,0.16263029949510135,6.598176452780695,69.58147040044703,21.3979931177357,42.78350879961357,44.53956464369236,Low,0
Feb,Monday,23,Vegetative/Tillering,2.8138280931731887,0.75,0.2424012258749214,6.853583385461187,76.24566561441195,23.835590469501675,37.22192928470443,46.287859889640806,Low,0
Feb,Tuesday,0,Vegetative/Tillering,2.51855883051586,0.7916666666666666,0.09958934474287122,6.618920422924022,67.39008544428856,22.36674827257588,40.13026703504238,48.61743319380353,Low,0
Feb,Tuesday,1,Vegetative/Tillering,2.9633515078486963,0.8333333333333334,0.23174771703134828,6.895627471024217,71.06998349016564,23.121735043346533,41.72717236108664,50.157788718845865,Low,0
Feb,Tuesday,2,Vegetative/Tillering,2.379747916327415,0.875,0.14947200091869076,6.759480337727478,70.44441048412139,22.14697526995953,46.2811594543509,50.914817278740784,Low,0
Feb,Tuesday,3,Vegetative/Tillering,2.308851197816511,0.9166666666666666,0.21188382381443768,6.720508842788749,69.03809886582124,22.231266009375485,39.147036592750865,55.488201198044614,Low,0
Feb,Tuesday,4,Vegetative/Tillering,2.175598358632231,0.9583333333333334,0.1407452994573225,6.760875071999164,68.94179721628007,22.348898381992875,40.73278771887676,47.47652468383427,Low,0
Feb,Tuesday,5,Vegetative/Tillering,2.3081251267036245,1.0,0.1753060644556528,7.224311650376718,66.94988251547554,23.260231454873956,43.79455252083477,48.537944168902406,Low,0
Feb,Tuesday,6,Vegetative/Tillering,2.570220981500819,1.0416666666666667,0.15590147865855608,6.636551229417882,69.88150274480734,22.624299804539678,44.71856934334881,47.54627855915351,Low,0
Feb,Tuesday,7,Vegetative/Tillering,2.214913026692718,1.0833333333333333,0.16788700124494516,6.803641053974911,69.83858925641127,23.309300396869183,44.62816263049451,52.02138752693252,Low,0
Feb,Tuesday,8,Vegetative/Tillering,2.683932097040922,1.125,0.25114564343858864,6.845985149357483,70.59663820144048,27.1440812234096,40.34798465882886,52.15779264882829,Low,0
Feb,Tuesday,9,Vegetative/Tillering,2.7819253459283932,1.1666666666666667,0.18577031076744063,6.532335696928779,71.31702263805231,27.128666015680817,38.50602591942598,48.20377786867497,Low,0
Feb,Tuesday,10,Vegetative/Tillering,1.9763244279525025,1.2083333333333333,0.24326866753621684,6.401555052857288,71.06839442835846,28.26523576064292,44.9171789296391,54.48728124717533,Low,0
Feb,Tuesday,11,Vegetative/Tillering,1.2416994375149564,1.25,0.13753904629962466,6.5945151337455075,68.35401173386458,27.319146701420124,47.59937182461919,47.550669175216875,Low,0
Feb,Tuesday,12,Vegetative/Tillering,1.473062278889117,1.2916666666666667,0.20903832160546598,6.7889742316438415,67.17793869632875,30.68194297038366,42.264095153872944,51.89771137720074,Low,0
Feb,Tuesday,13,Vegetative/Tillering,1.565460578075202,1.3333333333333333,0.10223727322393195,6.594102227012967,64.91358868361394,30.455810111729505,39.865940546547904,52.959223069167805,Low,0
Feb,Tuesday,14,Vegetative/Tillering,1.6860014904805332,1.375,0.15212222032377665,6.617085475013973,66.34639302773104,30.25436382273611,42.01035903260547,45.918967182391604,Low,0
Feb,Tuesday,15,Vegetative/Tillering,1.8134653885409642,1.4166666666666667,0.1465727852271366,6.837531169137614,67.41305462866347,29.2604912063307,44.482187720154194,50.766997394668934,Low,0
Feb,Tuesday,16,Vegetative/Tillering,2.0293913615838175,1.4583333333333333,0.22455448006749543,6.544816081876355,68.87523093048407,28.169477587638013,42.6005705296701,42.51030156352821,Low,0
Feb,Tuesday,17,Vegetative/Tillering,2.535132974350098,1.5,0.18986203187001505,6.690515232892616,68.62765361544145,27.067254073405525,47.521580924544445,51.383447555750564,Low,0
Feb,Tuesday,18,Vegetative/Tillering,2.0419615969726275,1.5416666666666667,0.09796612898665337,6.446759633415338,66.52924143436559,26.216598609842286,46.07491215821287,46.568902114904006,Low,0
Feb,Tuesday,19,Vegetative/Tillering,1.5921138355473818,1.5833333333333333,0.11394830797335986,6.800232505579485,64.94467582707304,24.666461690077192,43.85301419861276,50.74159070165788,Low,0
Feb,Tuesday,20,Vegetative/Tillering,1.2455313621804331,1.625,0.11569510532623181,6.820958652482808,63.186919751121984,22.19017472930032,37.437031301111915,51.210388336593276,Low,0
Feb,Tuesday,21,Vegetative/Tillering,1.5772656838673942,1.6666666666666667,0.19212340239061076,6.908684283738298,66.8155362337326,23.134149995453406,41.22320911347664,52.123262865557386,Low,0
Feb,Tuesday,22,Vegetative/Tillering,2.302919252961304,1.7083333333333333,0.20574824325200225,6.57167658647136,66.0876753229665,22.31182065518602,41.655933020963005,51.548455041835865,Low,0
Feb,Tuesday,23,Vegetative/Tillering,2.1844701215733626,1.75,0.16409777288569488,6.748385952478449,66.74167692346128,21.971618865501075,41.06015205505602,49.462654147795696,Low,0
Feb,Wednesday,0,Vegetative/Tillering,1.0080682635701361,1.7916666666666667,0.12600386381263837,6.544369348218638,65.13156008687973,22.53373245992589,44.772463815594776,49.5696420554422,Low,0
Feb,Wednesday,1,Vegetative/Tillering,0.36801294059456036,1.8333333333333333,0.15427391194461587,6.748888433513883,61.71139643864407,21.287490865204912,44.83432624310569,50.33486000832684,Low,0
Feb,Wednesday,2,Vegetative/Tillering,0.22131349254200555,1.875,0.08599952907843153,7.040804233870469,64.79065675909821,22.5611746472634,39.17777539553435,47.73082954679048,Low,0
Feb,Wednesday,3,Vegetative/Tillering,0.22918872538030782,1.9166666666666667,0.14174813236277006,6.737645689190999,65.53049906812412,21.1412543155789,46.613794186183455,49.99161345963512,Low,0
Feb,Wednesday,4,Vegetative/Tillering,0.3109515552367642,1.9583333333333333,0.14081191877137728,6.543342155155723,63.147429693017436,21.552818432012987,44.248371118979,49.794094212608954,Low,0
Feb,Wednesday,5,Vegetative/Tillering,0.5872990972220831,2.0,0.1250718416732153,6.678721029185132,64.035463218113,20.7600468746267,45.27292424052584,48.55028709874312,Low,0
Feb,Wednesday,6,Vegetative/Tillering,0.6689802636297791,2.0416666666666665,0.15064323536734453,6.489005073416959,66.18041217298962,22.2349064378628,46.43447900460558,46.16785028810368,Low,0
Feb,Wednesday,7,Vegetative/Tillering,1.3500451058431966,2.0833333333333335,0.1573244300036939,6.497617765312234,65.31211805955431,25.44287443349779,41.89909084197951,47.32849303932271,Low,0
Feb,Wednesday,8,Vegetative/Tillering,1.1544551371428593,2.125,0.16627106074505038,6.846991521788042,64.70522450594827,25.752408584075315,47.97671706794746,42.64555445708601,Low,0
Feb,Wednesday,9,Vegetative/Tillering,0.8946254573458943,2.1666666666666665,0.09567205563684408,6.434002216498576,68.04009805400274,27.87778671841637,43.77461932873848,49.7511353536012,Low,0
Feb,Wednesday,10,Vegetative/Tillering,1.2645607745405658,2.2083333333333335,0.1731215886820187,6.711046601599966,68.30332133632294,30.51150297759415,48.73764167970081,51.42207995408258,Low,0
Feb,Wednesday,11,Vegetative/Tillering,0.6643543567370455,2.25,0.17253990545100567,6.668543747333131,66.29755046085675,29.90599562171543,41.51820269415648,43.81441773839235,Low,0
Feb,Wednesday,12,Vegetative/Tillering,1.001894903076749,2.2916666666666665,0.1562806722966743,6.573391110236438,67.75583701017239,29.56225366178417,48.51473982079267,51.1126202829282,Low,0
Feb,Wednesday,13,Vegetative/Tillering,1.1502853050016897,2.3333333333333335,0.16979968740974474,6.7053288196432295,62.306127281269326,29.87294511781133,41.48804792689733,50.21464793056243,Low,0
Feb,Wednesday,14,Vegetative/Tillering,1.1535851307271665,2.375,0.1449924521588375,6.491096680356999,68.9762754073314,30.174949864032993,51.84634385981677,47.57894392903965,Low,0
Feb,Wednesday,15,Vegetative/Tillering,1.9273481172532794,2.4166666666666665,0.1993803427505385,6.827705463743708,68.90975971457536,29.076435227010613,41.344498709847706,49.44282031437987,Low,0
Feb,Wednesday,16,Vegetative/Tillering,1.5902796745586485,2.4583333333333335,0.16204064134326113,6.564051012358577,69.33823398695222,28.183182259893492,47.36976016136618,53.14784374637666,Low,0
Feb,Wednesday,17,Vegetative/Tillering,2.5026332202569974,2.5,0.14238788562051355,6.620687136916598,70.28064328684951,28.151121542277462,43.112817328922496,48.08536068150794,Low,0
Feb,Wednesday,18,Vegetative/Tillering,2.257009306157262,2.5416666666666665,0.20513279807484566,6.621531894965147,69.01467198413773,26.666994937558233,46.34506715099965,50.71796102271263,Low,0
Feb,Wednesday,19,Vegetative/Tillering,1.5742291264593669,2.5833333333333335,0.10216060949871213,6.894040439303224,66.72753147877837,22.83765348601158,44.078424798623,51.38732309592156,Low,0
Feb,Wednesday,20,Vegetative/Tillering,1.5980545043061782,2.625,0.16984865365774787,6.884692938646404,68.06961956410723,21.720464385679826,40.926308873911864,48.46531506727141,Low,0
Feb,Wednesday,21,Vegetative/Tillering,1.1105571901706157,2.6666666666666665,0.13431613000262113,6.310536842776677,65.54184143860039,22.003796490469284,35.80950952806274,53.04151084731146,Low,0
Feb,Wednesday,22,Vegetative/Tillering,0.8474779409195432,2.7083333333333335,0.12550254728332366,6.815449661176088,67.26969925833713,22.854271156932203,51.72274988857868,51.53043569529734,Low,0
Feb,Wednesday,23,Vegetative/Tillering,1.1500027698766435,2.75,0.1547696754943333,6.449131383209327,63.087093358599546,23.289460470804524,44.41907267684504,49.89105598744469,Low,0
Feb,Thursday,0,Vegetative/Tillering,1.338647655319803,2.7916666666666665,0.1286411047043653,6.683013476594664,65.62960264917898,24.53657434741911,36.26940976620083,57.626851179793746,Low,0
Feb,Thursday,1,Vegetative/Tillering,0.9835769850039713,2.8333333333333335,0.16251663511957343,6.762991755640986,69.95023126096282,22.00246136297387,46.007825819394725,54.250196092962874,Low,0
Feb,Thursday,2,Vegetative/Tillering,1.414341855707629,2.875,0.15734642853446082,6.718493263256374,65.64225952655353,22.042417028526376,47.16875996958948,47.50334778578041,Low,0
Feb,Thursday,3,Vegetative/Tillering,1.8714940526295454,2.9166666666666665,0.1451820630163117,6.8599596197901525,67.51421828018395,22.845856012510172,42.954757649458,50.7458564888344,Low,0
Feb,Thursday,4,Vegetative/Tillering,2.397889253833661,2.9583333333333335,0.22678351629746268,6.914675382521773,67.48977234250063,21.829226624836114,42.97493638628919,57.88535651944346,Low,0
Feb,Thursday,5,Vegetative/Tillering,2.447384490325021,3.0,0.18835200361860796,6.639342699630414,70.0454141225517,22.262230510807587,45.04047445888005,49.26329630914762,Low,0
Feb,Thursday,6,Vegetative/Tillering,2.8669269154514154,3.0416666666666665,0.21375120555614224,6.6360919968558845,68.90809481679901,22.042969512973162,48.70778269228653,51.88458448207895,Moderate,0
Feb,Thursday,7,Vegetative/Tillering,1.766161553521389,3.0833333333333335,0.2137346443703395,6.7751578153306395,67.36756585883724,22.05784433412717,45.39988035946908,54.79623344156573,Moderate,0
Feb,Thursday,8,Vegetative/Tillering,1.5179095672643574,3.125,0.20695398793441197,6.445458378042166,68.84071603350459,25.9446564970617,49.489675913027455,53.34955396926282,Moderate,0
Feb,Thursday,9,Vegetative/Tillering,1.0495314281132797,3.1666666666666665,0.16653077658779858,6.618388519754803,64.62134858984224,27.217029647427633,48.49365751759073,53.709923364301964,Moderate,0
Feb,Thursday,10,Vegetative/Tillering,1.0803819990180803,3.2083333333333335,0.13641651294010887,6.910454459510478,67.67013903617384,29.64663669994976,44.41364567720947,53.56272842129176,Moderate,0
Feb,Thursday,11,Vegetative/Tillering,0.7842918370603742,3.25,0.08956766336270695,6.397558749223344,67.02675904006561,29.587143269248436,40.388428722420485,51.782231816640646,Moderate,0
Feb,Thursday,12,Vegetative/Tillering,0.6993532843278756,3.2916666666666665,0.14471800662498802,6.613719495601537,67.2883600718255,29.17062531480325,44.41998748361094,49.73796401815756,Moderate,0
Feb,Thursday,13,Vegetative/Tillering,1.535373720737105,3.3333333333333335,0.19669479407203616,6.553358040148333,67.46597891960513,30.168520901616382,46.67944720118506,52.80566048122387,Moderate,0
Feb,Thursday,14,Vegetative/Tillering,1.3191808247780736,3.375,0.16538053929821683,7.0459248633056175,73.14855213342095,28.501557022945285,45.27968042913841,50.71180843226939,Moderate,0
Feb,Thursday,15,Vegetative/Tillering,1.3856871530999322,3.4166666666666665,0.03408173708562191,6.586474732673568,68.93471656052401,28.614016675059638,47.00327449507389,50.515371997850224,Moderate,0
Feb,Thursday,16,Vegetative/Tillering,1.144367841747932,3.4583333333333335,0.17906137146262466,6.589063191121471,66.89623806900869,29.138056634266636,47.690259928449166,55.42492971784147,Moderate,0
Feb,Thursday,17,Vegetative/Tillering,1.0705302913289656,3.5,0.17936572770037512,6.519486622052084,64.31742387102605,27.16504606290694,46.692575660247655,50.766260021057896,Moderate,0
Feb,Thursday,18,Vegetative/Tillering,0.973996890072476,3.5416666666666665,0.13380714547139094,6.715416777074021,65.64347428442566,26.584076504538917,44.27401433784303,55.98407600601657,Moderate,0
Feb,Thursday,19,Vegetative/Tillering,1.0916861229954202,3.5833333333333335,0.1818848117087588,6.822405264840043,68.97270064898909,22.58165367094807,46.659650424976036,52.36066585287201,Moderate,0
Feb,Thursday,20,Vegetative/Tillering,1.520436545320187,3.625,0.17998970313677287,6.620336964196357,70.56811694002099,22.181030882141,51.80645269458682,51.32088067131496,Moderate,0
Feb,Thursday,21,Vegetative/Tillering,2.1138878289520515,3.6666666666666665,0.14885445799393027,6.960551254110607,71.52998899036538,21.994590001289772,40.63036131798697,47.174845690227606,Moderate,0
Feb,Thursday,22,Vegetative/Tillering,2.0324059030912225,3.7083333333333335,0.21530568664489952,6.814196262180573,69.94815878087817,23.139678866090566,46.56186240067438,57.018389319846065,Moderate,0
Feb,Thursday,23,Vegetative/Tillering,2.100116375497782,3.75,0.12814121707873058,6.922143715159733,66.02895888860354,22.913210214533297,50.596009855167196,51.703826111863904,Moderate,0
Feb,Friday,0,Vegetative/Tillering,1.2322888315723652,3.7916666666666665,0.1488036573029464,6.710103579187755,67.43181683142502,22.88880172007064,42.47623001174668,47.23971718040642,Moderate,0
Feb,Friday,1,Vegetative/Tillering,0.9769837720530061,3.8333333333333335,0.13892951335430218,6.8021512591034305,63.36195629682123,23.60812803046728,49.00330027553775,55.38598074702005,Moderate,0
Feb,Friday,2,Vegetative/Tillering,1.231914080940978,3.875,0.12190751669691711,6.742934676234104,63.48165140749682,22.080530312570747,49.404151733699884,52.79118713657391,Moderate,0
Feb,Friday,3,Vegetative/Tillering,1.4278580069528786,3.9166666666666665,0.16632923554153575,7.023236708884798,67.40517658584139,23.443064668240574,41.56946153527341,50.58835303641724,Moderate,0
Feb,Friday,4,Vegetative/Tillering,1.3096952883004633,3.9583333333333335,0.19860529369256863,6.810333018537348,67.68966758646063,21.53963507929621,48.13708514325457,55.24462520376462,Moderate,0
Feb,Friday,5,Vegetative/Tillering,1.516623373009919,4.0,0.20158654984039656,6.791421243693888,68.94665029218541,21.510297800187445,45.186052296516614,46.54483567407878,Moderate,0
Feb,Friday,6,Vegetative/Tillering,1.5182188976135265,4.041666666666667,0.1832837199563052,6.6853584813182545,68.13799783504464,22.97719725719867,45.81866261047044,51.13142868085114,Moderate,0
Feb,Friday,7,Vegetative/Tillering,1.8372142114302696,4.083333333333333,0.10657306754494641,6.675355923301159,68.97248607891814,22.951374880923474,45.0251358243409,52.1681606849938,Moderate,0
Feb,Friday,8,Vegetative/Tillering,1.6967288650239472,4.125,0.11565989109489952,6.760725737233154,65.60284410607272,26.30428241567563,49.9380672743039,55.04713653444363,Moderate,0
Feb,Friday,9,Vegetative/Tillering,1.2778485919695475,4.166666666666667,0.15776213399079558,6.848366208139384,66.35688325135759,27.443968969846928,45.663636938801716,58.51729552849543,Moderate,0
Feb,Friday,10,Vegetative/Tillering,1.2186561324914493,4.208333333333333,0.14926817687436228,6.546972531736162,63.410541146710514,29.48713404266814,44.6100593960481,52.304744633960865,Moderate,0
Feb,Friday,11,Vegetative/Tillering,-0.31396328420330155,0.0,0.10256720603755898,6.692256333322872,58.73974985911169,29.53519577125544,44.660873459973374,54.06652715367096,Low,0
Feb,Friday,12,Vegetative/Tillering,-0.15363206526378936,0.0,0.18668631191091914,6.692361571566075,64.61256846305305,30.21926245449101,44.97703013233273,59.78763740364954,Low,0
Feb,Friday,13,Vegetative/Tillering,-1.8425137029057572,0.0,0.12370510536098994,6.715269253032511,57.57171832544426,30.782411994339924,42.761393440208394,52.92850868640152,Low,0
Feb,Friday,14,Vegetative/Tillering,-2.4405425400536114,0.0,0.13898444594167864,6.360486092803969,59.387694908157435,29.644303657406766,44.58359782729157,54.08716430672489,Low,0
Feb,Friday,15,Vegetative/Tillering,-1.9861411685230261,0.0,0.1545762858331956,6.510781325593615,60.94995635130481,29.017785897227174,46.35300887411026,49.82328792290282,Low,0
Feb,Friday,16,Vegetative/Tillering,-1.5915506701674043,0.0,0.12192354573853609,6.431510055203773,58.441643742351836,29.009195411618975,47.21314425994753,57.81458457077158,Low,0
Feb,Friday,17,Vegetative/Tillering,-1.995079115117323,0.0,0.21068717587693295,6.708326874283833,59.89243231282902,27.33948816756536,49.61211717352842,51.13422580445254,Low,0
Feb,Friday,18,Vegetative/Tillering,-2.1411361800686426,0.0,0.08708696941475039,6.567521511733288,57.03895971060798,25.52021877909704,46.72293669862527,53.5880949046168,Low,0
Feb,Friday,19,Vegetative/Tillering,-1.3278862576930597,0.0,0.09878749435370573,6.661842495804799,56.62131523228301,24.088940191892377,44.57659081120939,53.51725613446616,Low,0
Feb,Friday,20,Vegetative/Tillering,-1.4581532078313955,0.0,0.08700109986011227,6.542769791601987,60.24705111008957,23.650647606270663,42.96688001855512,53.1300124717045,Low,0
Feb,Friday,21,Vegetative/Tillering,-0.33526807265402003,0.0,0.17469304002495561,6.709608644190674,61.75360886619883,22.020585274608084,46.883460642419806,51.83088247190811,Low,0
Feb,Friday,22,Vegetative/Tillering,-0.36961669863403523,0.0,0.14807300559765266,6.5802005871400056,61.732741902104046,21.997384309374386,45.647887657726486,53.519982279183196,Low,0
Feb,Friday,23,Vegetative/Tillering,-0.20285843666094605,0.0,0.10095468305484925,6.933787850261881,66.96382598770478,21.009044620270004,45.747048267957474,57.31003535469241,Low,0
Feb,Saturday,0,Vegetative/Tillering,0.34165744601818204,0.041666666666666664,0.09830576302703724,6.86364426982109,61.26826390497829,22.34111764947431,47.6875885514443,59.816918273115796,Low,0
Feb,Saturday,1,Vegetative/Tillering,0.15399196129492113,0.08333333333333333,0.17232096655346418,6.796033668530498,64.63532297785075,22.900506808992315,48.458167243734195,53.67672614852265,Low,0
Feb,Saturday,2,Vegetative/Tillering,-0.5055994823750062,0.0,0.1326590700368601,6.712491075269328,60.29694676801048,23.043958492544693,47.70920567240942,52.99092511080517,Low,0
Feb,Saturday,3,Vegetative/Tillering,-0.6610224536045728,0.0,0.16936462890157183,6.408792770845944,63.73006892988368,22.461574081304427,46.388445690265904,52.09267226476483,Low,0
Feb,Saturday,4,Vegetative/Tillering,-0.7535466743778138,0.0,0.11789477272264554,6.682927804533956,62.28835045384338,23.139666858464707,44.49585458786971,60.829922349264116,Low,0
Feb,Saturday,5,Vegetative/Tillering,-1.4263312957452379,0.0,0.137903736285176,6.6310380573137095,60.83549358857265,22.959984321504194,45.0616456933719,54.43667057907539,Low,0
Feb,Saturday,6,Vegetative/Tillering,-1.5042471242220528,0.0,0.1305079679335401,6.808028956351486,58.00002766666255,23.26536018375381,49.44477947537629,56.90218975725964,Low,0
Feb,Saturday,7,Vegetative/Tillering,-1.7917863814194253,0.0,0.09815610329690759,6.849908146444299,57.668536858016736,24.942609596032565,45.629241284809844,55.85623493653124,Low,0
Feb,Saturday,8,Vegetative/Tillering,-1.2940178302787004,0.0,0.11495495444168469,6.764403092201362,62.24885822202289,27.102052469826265,42.86187162268762,59.63558758004011,Low,0
Feb,Saturday,9,Vegetative/Tillering,-1.2741095361559542,0.0,0.07854938294955795,6.931439437418533,63.983732556680835,27.227163881616868,50.3787240445367,53.495332638127245,Low,0
Feb,Saturday,10,Vegetative/Tillering,-1.409970065988305,0.0,0.13729373883045354,6.596683356422858,61.076687476076444,27.568005425855034,44.07286452330755,51.34691256076767,Low,0
Feb,Saturday,11,Vegetative/Tillering,-1.4591517700978558,0.0,0.14664370612214012,6.551034452289769,58.20319431022229,30.11372593816769,47.005741311421076,58.76321271255097,Low,0
Feb,Saturday,12,Vegetative/Tillering,-1.365943391779159,0.0,0.1546556420036862,6.837335093468772,60.899612904654155,30.798865848912808,48.37348925562836,56.372849444936996,Low,0
Feb,Saturday,13,Vegetative/Tillering,-1.121304838057477,0.0,0.1433290712609852,6.66795400629629,65.66381247733727,31.630996314704912,46.90965512661334,55.25529108913646,Low,0
Feb,Saturday,14,Vegetative/Tillering,-1.6501704414084295,0.0,0.11551264522239414,6.600048392966546,59.74443656205759,31.199455582390353,39.465586312865405,57.95256489936818,Low,0
Feb,Saturday,15,Vegetative/Tillering,-2.1339870243467405,0.0,0.1743189725776945,6.977786872462396,61.302112860355024,31.139128907911005,48.07146398982019,55.397909547204,Low,0
Feb,Saturday,16,Vegetative/Tillering,-1.5920362165702733,0.0,0.15123079707053408,6.779608472868801,58.19845434855392,29.125535044005467,50.87938975037624,58.03933505993261,Low,0
Feb,Saturday,17,Vegetative/Tillering,-1.813510882008506,0.0,0.1685991205579987,6.6650125453655535,59.06340177990682,27.54596688842077,49.259596683999575,54.73106307210585,Low,0
Feb,Saturday,18,Vegetative/Tillering,-2.4576760779736864,0.0,0.17079503465646229,6.617958682305288,58.84070782511424,24.738083415879867,40.5280180540136,56.369455395088046,Low,0
Feb,Saturday,19,Vegetative/Tillering,-2.1726938511009153,0.0,0.11560401206425883,6.985247610396169,59.08019137388353,24.401644699261777,53.28173296900811,55.430561646944554,Low,0
Feb,Saturday,20,Vegetative/Tillering,-1.9139133217952935,0.0,0.1335757809912633,6.820764504042596,57.37383066746898,21.932997314502945,42.92244534419708,53.30137399575777,Low,0
Feb,Saturday,21,Vegetative/Tillering,-2.580913332565389,0.0,0.1471097814224117,6.7787499253557275,55.68677308758188,22.544208010745976,43.66474162106637,53.601107224989605,Low,0
Feb,Saturday,22,Vegetative/Tillering,-2.3522964718253894,0.0,0.07978003743629512,6.8979505987062,59.83105727382438,22.418610549047724,49.24563278061188,53.132427795057865,Low,0
Feb,Saturday,23,Vegetative/Tillering,-1.9161224851648682,0.0,0.08055593896674201,6.9296300111675135,61.284407660904606,22.75238687108011,48.25852435267696,54.77830107162417,Low,0
Feb,Sunday,0,Vegetative/Tillering,-1.8464247673073015,0.0,0.0745240923901723,6.877019565722823,62.09286767470631,22.297135432369192,48.041005315719424,54.172993984003725,Low,0
Feb,Sunday,1,Vegetative/Tillering,-1.657884832314961,0.0,0.11621649690180386,6.924770361324959,63.12893736894982,23.123016152586068,46.09178127341067,56.40224891025962,Low,0
Feb,Sunday,2,Vegetative/Tillering,-2.400235383265037,0.0,0.10833390292759408,6.890800236356983,58.0086739528091,20.196476549699952,51.792570184689446,56.317253916681636,Low,0
Feb,Sunday,3,Vegetative/Tillering,-2.2476194609148363,0.0,0.06975152800966665,6.874475382115546,57.48331480534121,22.526994860126276,47.682022449455076,55.82538533393255,Low,0
Feb,Sunday,4,Vegetative/Tillering,-2.393729716696356,0.0,0.1252275379694537,6.63075030877835,60.45703055748568,23.336991823322048,43.10254897112634,55.86879667434305,Low,0
Feb,Sunday,5,Vegetative/Tillering,-2.595566095630125,0.0,0.11665333791491928,7.080298116589686,58.69677993419087,23.87103880676497,51.49689984993539,53.89710394388674,Low,0
Feb,Sunday,6,Vegetative/Tillering,-2.1584701513363633,0.0,0.16137840595269476,6.546029665321053,56.35476111945754,22.96056907070805,48.45785497890152,54.607559080390686,Low,0
Feb,Sunday,7,Vegetative/Tillering,-1.5103137681910377,0.0,0.19045426776963603,6.785641862263797,57.80797562530369,25.503073889716546,51.14502012186391,51.13597793496797,Low,0
Feb,Sunday,8,Vegetative/Tillering,-0.8160014046220267,0.0,0.13597576191449814,6.482163648884638,62.525457031619744,25.98121870954746,49.517645870367474,55.01282663424483,Low,0
Feb,Sunday,9,Vegetative/Tillering,-0.4424827668524782,0.0,0.09561793175218176,6.684358699875355,62.08349203658606,27.365208475611517,54.97486823861706,52.847971924697134,Low,0
Feb,Sunday,10,Vegetative/Tillering,-0.7724488945600472,0.0,0.14263535320714743,6.573869379568848,61.59326274357449,29.05318437432644,46.87008918462332,55.56213107695783,Low,0
Feb,Sunday,11,Vegetative/Tillering,-0.859933176083096,0.0,0.12032560231621656,6.693233124088319,63.58122710682096,29.5801955169065,47.84827972396366,53.526277193966344,Low,0
Feb,Sunday,12,Vegetative/Tillering,-0.7615055724618864,0.0,0.11159561611764757,6.730788322798765,63.19046091606155,29.548537323040698,49.95949193187937,50.18581800387784,Low,0
Feb,Sunday,13,Vegetative/Tillering,-0.9800801816758213,0.0,0.08984396075870658,6.4909178163905565,63.807554060814894,29.96280780469448,46.888623142579874,60.94360744917119,Low,0
Feb,Sunday,14,Vegetative/Tillering,-1.1755584050143446,0.0,0.10375229862722976,6.667934883519811,56.81558761521883,29.28470097259366,50.20791312649087,54.7339265666358,Low,0
Feb,Sunday,15,Vegetative/Tillering,-1.0419728845795284,0.0,0.11377731460541604,6.913279570755457,61.50606091145153,30.005452619111548,38.95776080203697,58.93014465420925,Low,0
Feb,Sunday,16,Vegetative/Tillering,-1.3322424495688345,0.0,0.14814337372579073,6.446710802803567,61.69199516582921,28.63876530974462,47.58165023252297,53.99502575357829,Low,0
Feb,Sunday,17,Vegetative/Tillering,-1.8882713268188431,0.0,0.1378858953142753,6.552649978728877,55.91497710225941,27.07468952146339,47.491022594000626,59.557791060770626,Low,0
Feb,Sunday,18,Vegetative/Tillering,-2.2264595540236747,0.0,0.18389516500249736,6.886544993012701,56.84670578772324,25.39272290747063,47.38235435953558,52.43325534145437,Low,0
Feb,Sunday,19,Vegetative/Tillering,-2.043859245301674,0.0,0.14360183258462653,6.7580716781552015,56.91376748661814,24.559212548610212,45.16921915447466,55.75257893963888,Low,0
Feb,Sunday,20,Vegetative/Tillering,-2.16584054803823,0.0,0.13485032235968264,6.7947175092011,58.345379026828084,22.999358544488057,50.5183685156389,52.58177645088115,Low,0
Feb,Sunday,21,Vegetative/Tillering,-2.1112099473335997,0.0,0.10928193720845991,6.974455590722681,61.688804063787494,21.470588802795852,46.28666552868419,61.81435797156964,Low,0
Feb,Sunday,22,Vegetative/Tillering,-1.9056382290492435,0.0,0.08368879563536513,6.649394849713615,62.97164705961161,21.344852264179504,48.40082320021595,54.6893463131538,Low,0
Feb,Sunday,23,Vegetative/Tillering,-2.1872430018296303,0.0,0.10005372953513998,6.67194053911498,56.62204168946233,23.138607964496813,47.68850908085693,57.383631382389424,Low,0
Feb,Monday,0,Vegetative/Tillering,-2.063306196828958,0.0,0.09550564680333255,6.677701062897832,59.60117962859765,21.274893409209124,50.201092623561394,57.636860232463775,Low,0
Feb,Monday,1,Vegetative/Tillering,-2.1138709133954916,0.0,0.030368261372386796,6.707628609473729,59.54430551213545,22.81298946705799,52.992882396711664,56.44662759970338,Low,0
Feb,Monday,2,Vegetative/Tillering,-2.871683763519177,0.0,0.084697887609904,6.998586064905534,57.383210510583474,23.66852735900321,49.28531156564011,57.80471632812423,Low,0
Feb,Monday,3,Vegetative/Tillering,-2.3085515372034306,0.0,0.17607734164780908,6.45124976516487,58.75743558019023,23.670387842714508,51.22419107914448,59.908349013329804,Low,0
Feb,Monday,4,Vegetative/Tillering,-2.690843100789014,0.0,0.13290100745356476,6.553061142948602,57.64946156300903,22.965298072505675,49.134610515518766,58.18093149441403,Low,0
Feb,Monday,5,Vegetative/Tillering,-3.5341764945126095,0.0,0.10682166506292162,6.522546333703362,58.393116654782574,22.942047612257696,47.18197541822053,56.916553849863995,Low,0
Feb,Monday,6,Vegetative/Tillering,-3.983250343483569,0.0,0.13394679377490074,7.002157021721117,56.14513220437555,24.176525960157164,48.27532739032018,57.80872401161255,Low,0
Feb,Monday,7,Vegetative/Tillering,-4.360324141101839,0.0,0.0516308415994719,6.66759324763401,50.91491426615905,22.2876509413355,47.849372855731566,61.29801338049863,Low,0
Feb,Monday,8,Vegetative/Tillering,-4.206554412055143,0.0,0.12987342007618485,6.671579723123561,54.99571157282876,25.474601372075956,50.40448639575861,55.468390733969116,Low,0
Feb,Monday,9,Vegetative/Tillering,-4.228810178473977,0.0,0.16471222921016193,6.401240169562264,55.13560232068535,28.041711894131147,49.01995612680756,51.8756994050462,Low,0
Feb,Monday,10,Vegetative/Tillering,-4.286440027814776,0.0,0.11576094185187169,6.639873179688075,53.84247850754811,28.359822253470675,46.317206252313994,53.76916424005349,Low,0
Feb,Monday,11,Vegetative/Tillering,-3.917379295132457,0.0,0.05798036658130011,6.80985530589998,56.36113843268757,30.57457359010498,48.0341132076604,53.95510789723608,Low,0
Feb,Monday,12,Vegetative/Tillering,-3.738591170166085,0.0,0.10551208128281561,6.705888167951037,54.90352926019947,30.142940049206434,44.12224990277174,54.307217575733375,Low,0
Feb,Monday,13,Vegetative/Tillering,-3.6082378866518168,0.0,0.1647741698244092,6.635878544442196,55.24116451418814,30.48039508827008,48.14619043404875,54.393149212876665,Low,0
Feb,Monday,14,Vegetative/Tillering,-3.46575066561154,0.0,0.12905203799141843,6.381500351927819,55.42467949188639,29.954683566057838,48.703917603712746,56.4514177287941,Low,0
Feb,Monday,15,Vegetative/Tillering,-3.2605220929919465,0.0,0.07035914668222518,6.615997491641972,51.638258805219984,29.164742176172904,54.12534460115782,57.12896148890117,Low,0
Feb,Monday,16,Vegetative/Tillering,-4.31765213744725,0.0,0.2028670212714355,6.716065199168266,52.97683808231485,28.191963889226116,52.74535618253343,57.10209598031384,Low,0
Feb,Monday,17,Vegetative/Tillering,-4.447097306100696,0.0,0.07611670193142035,6.520273753948916,51.49046531644919,27.57985145233929,45.59777620706085,54.6847218828537,Low,0
Feb,Monday,18,Vegetative/Tillering,-5.3771871011557515,0.0,0.1114976396435375,6.851984139331786,48.22185500084108,25.22641794028217,49.30530825799534,58.995166836153686,Low,0
Feb,Monday,19,Vegetative/Tillering,-5.178073194311992,0.0,0.08369148997717288,6.898046367719459,53.940660903130265,24.91773137844354,49.357930942366245,57.846556221113005,Low,0
Feb,Monday,20,Vegetative/Tillering,-5.020251918283595,0.0,0.08373992947802396,6.673879521347029,52.45981043318828,22.897580739682258,48.00868794170563,60.46368826031036,Low,0
Feb,Monday,21,Vegetative/Tillering,-4.404164247235565,0.0,0.10417471094926953,6.894331797587268,52.870343644745546,23.25453315277587,48.19993442535635,58.62731926778346,Low,0
Feb,Monday,22,Vegetative/Tillering,-3.80023466478697,0.0,0.14226525559461273,6.7706689647247895,53.24983010230642,21.471860515205602,47.63815077012342,55.636587270194745,Low,0
Feb,Monday,23,Vegetative/Tillering,-3.712224062102141,0.0,0.16516860058268606,7.003753555245623,55.183001420212335,21.015418762570846,54.318125460649924,59.77413742574791,Low,0
Feb,Tuesday,0,Vegetative/Tillering,-4.0958196226808905,0.0,0.10648411397886391,7.143072347878036,55.65290509220089,22.371651395494588,48.35144723969817,58.392298549115466,Low,0
Feb,Tuesday,1,Vegetative/Tillering,-3.969544686094405,0.0,0.08464497560352764,6.545229605889301,52.31916106627955,24.694040490847616,50.6228114307978,59.7032798805347,Low,0
Feb,Tuesday,2,Vegetative/Tillering,-4.3050158112815735,0.0,0.1367523760830933,6.900187687301265,53.158305308371,23.387967022475657,42.0129095988125,59.50940767007667,Low,0
Feb,Tuesday,3,Vegetative/Tillering,-4.346436503017964,0.0,0.13777872526252155,7.018421977611371,54.80468539045923,21.93144295319463,52.07070515019957,57.397533750133974,Low,0
Feb,Tuesday,4,Vegetative/Tillering,-3.9298832496221103,0.0,0.12841317174437078,6.597058393123494,50.196277942738675,22.714609707545073,53.15276442175731,57.96650928440984,Low,0
Feb,Tuesday,5,Vegetative/Tillering,-4.261510779326536,0.0,0.12965089345173564,6.664622236831317,53.15723460480551,22.957069525954946,46.44390991269813,57.37989675319783,Low,0
Feb,Tuesday,6,Vegetative/Tillering,-3.9314883270061403,0.0,0.11606017437797114,6.687747781207537,53.20584527409019,21.28028940741371,48.06433974973474,55.57596761272951,Low,0
Feb,Tuesday,7,Vegetative/Tillering,-3.707063424270025,0.0,0.12343527990945585,6.709836354560325,54.33538806624187,25.2508681668782,50.95451056037914,52.34659638844417,Low,0
Feb,Tuesday,8,Vegetative/Tillering,-4.253440062240098,0.0,0.11364221049817502,6.662672249708033,52.288486737879964,25.712130611483712,49.65838208323734,55.973819451415785,Low,0
Feb,Tuesday,9,Vegetative/Tillering,-3.8632023079949573,0.0,0.1574585304462993,6.667453168062331,54.50356367122669,27.29037373918358,50.99910877155767,58.20624747449929,Low,0
Feb,Tuesday,10,Vegetative/Tillering,-3.6616435739029307,0.0,0.1979960825247057,6.8336077052807,58.55930986347839,28.648679587291323,48.73827680627569,60.422295531392635,Low,0
Feb,Tuesday,11,Vegetative/Tillering,-3.7686091354732456,0.0,0.12628786030975175,6.313778144240507,53.807493127007106,30.49838305466567,55.18979616115457,59.698308304454095,Low,0
Feb,Tuesday,12,Vegetative/Tillering,-4.262193857063879,0.0,0.11976997132100237,6.49364502054115,53.854156761234904,29.570277570893463,47.59077960358297,57.00930059586273,Low,0
Feb,Tuesday,13,Vegetative/Tillering,-4.742956003088411,0.0,0.1289551477991524,6.797945693775189,56.10639842940604,29.009423996172437,57.67472413914465,56.0078917487826,Low,0
Feb,Tuesday,14,Vegetative/Tillering,-5.023534766706837,0.0,0.0969727369655848,6.755507893775138,50.34348540315848,30.432787531774622,53.32577175204741,57.25864785510112,Low,0
Feb,Tuesday,15,Vegetative/Tillering,-4.788865067609082,0.0,0.14677424298866873,6.502745037959777,55.636074535596144,27.94782447428085,52.09634586215297,55.2708171743872,Low,0
Feb,Tuesday,16,Vegetative/Tillering,-5.269034972704321,0.0,0.1354411743178395,6.7874148163001236,50.864962078763845,28.388768983635806,46.4785670969281,52.42015926495856,Low,0
Feb,Tuesday,17,Vegetative/Tillering,-5.059964374579384,0.0,0.10528354271850583,6.926649784526205,54.919877952739334,28.312417846756926,52.32904715108492,53.84547177089646,Low,0
Feb,Tuesday,18,Vegetative/Tillering,-5.637503794577992,0.0,0.15157233866648676,6.709035051859996,51.47039314290546,26.309345035747455,51.411815292041844,61.14518672873704,Low,0
Feb,Tuesday,19,Vegetative/Tillering,-5.665558936267164,0.0,0.12066464189208856,6.556231231165039,50.51687527812365,24.98905232423073,43.241168791981224,62.351545596929554,Low,0
Feb,Tuesday,20,Vegetative/Tillering,-5.543618884861338,0.0,0.08604801765339687,6.9269225497541305,50.064053312559615,22.871281092162263,45.38619907833633,59.59318576816181,Low,0
Feb,Tuesday,21,Vegetative/Tillering,-4.379996352426824,0.0,0.1323061555898036,7.058099163709357,51.7399258744172,24.303267591026728,50.67288377924649,57.56295177020803,Low,0
Feb,Tuesday,22,Vegetative/Tillering,-5.089233352515678,0.0,0.12829473761897642,6.62442862091276,51.43742305389108,21.904408297874546,49.20010083500257,54.225882401708226,Low,0
Feb,Tuesday,23,Vegetative/Tillering,-4.405160705897391,0.0,0.15361463511387188,6.779162793186906,54.72233722388631,22.69350534160666,48.05056537134751,57.305503269521154,Low,0
Feb,Wednesday,0,Vegetative/Tillering,-4.5547091207774795,0.0,0.14910414325261973,6.978360459934215,52.54247524814071,22.02450362302988,53.73684758336639,60.43584811918428,Low,0
Feb,Wednesday,1,Vegetative/Tillering,-4.553040347551425,0.0,0.11617707842799334,6.786157953454396,51.93945755575287,23.1404410159319,47.848662134742035,60.980953181234966,Low,0
Feb,Wednesday,2,Vegetative/Tillering,-4.6715581378695346,0.0,0.10347695722552644,6.463100558571151,51.78669540075757,22.325740099159603,49.13427717095183,60.6282775020375,Low,0
Feb,Wednesday,3,Vegetative/Tillering,-4.616464698101804,0.0,0.12006103125202298,6.836064050828115,54.40543795172178,23.750075903555235,48.55891063594914,61.93017016922816,Low,0
Feb,Wednesday,4,Vegetative/Tillering,-4.830582692545022,0.0,0.13271581078840297,6.607059236926702,54.356924448091654,21.950347235678418,52.030507773639194,63.76363066052804,Low,0
Feb,Wednesday,5,Vegetative/Tillering,-4.286348168444698,0.0,0.13693140322177672,6.5312594138724736,51.87846336819599,23.50070122057359,45.341625400536984,57.89369412064971,Low,0
Feb,Wednesday,6,Vegetative/Tillering,-4.676371439763565,0.0,0.13054942728476412,6.458762687256029,50.93953282967246,22.849511624435177,49.00698444444879,65.91953012025775,Low,0
Feb,Wednesday,7,Vegetative/Tillering,-4.2985435152278395,0.0,0.11682333197848808,6.964835333524109,53.94221340278741,24.12919861638093,45.331704338011946,53.856406129081456,Low,0
Feb,Wednesday,8,Vegetative/Tillering,-4.777977382406365,0.0,0.15488859570081284,6.568051605828437,55.08791841173923,26.280023783228405,49.56137357427432,56.960471386112005,Low,0
Feb,Wednesday,9,Vegetative/Tillering,-4.935225647471912,0.0,0.09639943370673532,6.758921563571218,53.94743906269253,27.571929924893222,52.669147029272565,59.40625063353688,Low,0
Feb,Wednesday,10,Vegetative/Tillering,-5.535877205356443,0.0,0.2067791208254188,6.782995563445107,47.710190282784716,28.914415603945688,52.72268948574134,60.27881480654604,Low,0
Feb,Wednesday,11,Vegetative/Tillering,-5.377111589240133,0.0,0.1467074633053816,6.700368606895578,50.06678024583996,29.41725408474384,48.317205001697594,58.452160865683524,Low,0
Feb,Wednesday,12,Vegetative/Tillering,-4.807709286129575,0.0,0.08053801088904965,6.721685453024156,50.10029060391,29.613152491410595,52.099965858747794,57.66683515063339,Low,0
Feb,Wednesday,13,Vegetative/Tillering,-5.015822400200842,0.0,0.12648302658277455,6.72948450917146,50.92700119568746,30.106943104029977,49.94450973326519,64.4127135350124,Low,0
Feb,Wednesday,14,Vegetative/Tillering,-5.260405828589484,0.0,0.1470439231311246,6.704938973869731,54.083846003455946,28.82790731509601,54.58325491923523,57.547443559762975,Low,0
Feb,Wednesday,15,Vegetative/Tillering,-5.893874878245663,0.0,0.10777208130681017,6.521826643284434,46.509498994644375,30.256309609245452,50.11011141557816,56.357815101923904,Low,0
Feb,Wednesday,16,Vegetative/Tillering,-6.048049334175247,0.0,0.06766995833481526,6.544996500582656,45.74695101141902,27.641520682003854,41.58085791315034,63.1333141322055,Low,0
Feb,Wednesday,17,Vegetative/Tillering,-6.799110209753564,0.0,0.08363276204403866,6.685771310488113,45.52502718972424,27.18880077068131,53.184043026132926,61.029131727899,Low,0
Feb,Wednesday,18,Vegetative/Tillering,-7.140729874411536,0.0,0.1389732530520943,6.694322882159297,46.93686950656429,26.36450594612529,49.12270240228274,61.64304305436926,Low,0
Feb,Wednesday,19,Vegetative/Tillering,-6.920004336732974,0.0,0.058588423460106995,6.817377279156827,48.133499233122365,24.82668484533044,49.67740014355171,59.39592809393883,Low,0
Feb,Wednesday,20,Vegetative/Tillering,-6.233783035392167,0.0,0.06927293998538922,6.996467835331775,49.41381758478187,20.95527845053021,51.50777041672151,55.466283272930234,Low,0
Feb,Wednesday,21,Vegetative/Tillering,-4.9652567551621285,0.0,0.1387892161426874,6.839880141805208,53.93475459407293,22.301521539819937,46.2258762607758,59.11779928708147,Low,0
Feb,Wednesday,22,Vegetative/Tillering,-5.392284097721336,0.0,0.11221077741036098,6.625398994165525,47.032346977000934,22.74279575955906,50.72396072463595,55.12203101322205,Low,0
Feb,Wednesday,23,Vegetative/Tillering,-4.837861386759925,0.0,0.09564768636383211,6.383642760037341,54.26580574849405,22.416612887409862,52.10349098465656,59.51201766398684,Low,0
Feb,Thursday,0,Vegetative/Tillering,-5.040127731988349,0.0,0.10268437484371135,6.62233740344964,50.77950280313538,23.450259966138837,52.492192568389214,61.737674001117696,Low,0
Feb,Thursday,1,Vegetative/Tillering,-5.379144712891382,0.0,0.06852151655044882,6.5447284177242,52.053041308670416,21.71755448006832,49.603206246899745,62.79271588562388,Low,0
Feb,Thursday,2,Vegetative/Tillering,-5.396152505365375,0.0,0.13695587006592308,6.669996497137339,47.90238313359669,20.73576709584784,54.37579589056374,59.8731964171644,Low,0
Feb,Thursday,3,Vegetative/Tillering,-5.567436060235655,0.0,0.09177097557438942,6.810760945794515,50.14806684945257,23.02326081341482,48.40751215226217,61.974390777631456,Low,0
Feb,Thursday,4,Vegetative/Tillering,-5.685137246047283,0.0,0.10124867353956452,6.798510324846383,50.32821215066455,21.94533110430521,49.523435102865,57.844552815825494,Low,0
Feb,Thursday,5,Vegetative/Tillering,-6.014893144940055,0.0,0.13213747978055124,7.132449458219909,51.375758527140704,20.9681675219312,50.99199569341857,62.520745310336004,Low,0
Feb,Thursday,6,Vegetative/Tillering,-6.742213007113486,0.0,0.11101803625910243,6.865731828061591,44.14817953771211,22.24819008754682,52.28640507781555,61.79061150686647,Low,0
Feb,Thursday,7,Vegetative/Tillering,-7.4348597173199265,0.0,0.09533713416279824,7.079055903210708,45.71784177550198,25.139613852395875,50.42637004493203,58.10352267345028,Low,0
Feb,Thursday,8,Vegetative/Tillering,-7.0468394701887025,0.0,0.0503696551346625,6.868693075437832,44.417114689262824,24.835467818690304,55.08576069700479,61.4300732756084,Low,0
Feb,Thursday,9,Vegetative/Tillering,-7.13940430817827,0.0,0.13285990460537353,6.8694514861244915,47.3764217487887,29.23171517802768,52.28585864080346,62.82846969181816,Low,0
Feb,Thursday,10,Vegetative/Tillering,-7.372883265434143,0.0,0.12276475386629407,6.628507392346504,47.35951323587031,27.95934658411491,51.62697389109961,60.30078147712079,Low,0
Feb,Thursday,11,Vegetative/Tillering,-7.3134254985934755,0.0,0.10189143898108194,6.474302934602928,48.52211928839183,29.652359626519953,52.18040847736952,58.04788509444019,Low,0
Feb,Thursday,12,Vegetative/Tillering,-6.921081970533912,0.0,0.08369103130866037,6.593700459208194,45.819344362101866,29.1991173631765,53.598717792885104,60.548556179331435,Low,0
Feb,Thursday,13,Vegetative/Tillering,-6.872904409062864,0.0,0.12044668675287337,6.654239160293608,48.859482389626706,30.40828827895681,52.12232467942306,61.48529353387668,Low,0
Feb,Thursday,14,Vegetative/Tillering,-7.219678068838054,0.0,0.13681651161840191,6.548420025278381,48.894575809742776,30.067425040047645,45.97144950055276,58.029118040127244,Low,0
Feb,Thursday,15,Vegetative/Tillering,-6.680995096992397,0.0,0.12342156084635064,6.50642702627493,44.17911782750731,28.39115582135448,54.66852659208662,57.585056819596616,Low,0
Feb,Thursday,16,Vegetative/Tillering,-6.06671310741272,0.0,0.17733229321722538,6.724176083112162,50.164578382406376,30.890313434904968,51.7590256242283,61.40822252130659,Low,0
Feb,Thursday,17,Vegetative/Tillering,-6.031408698523375,0.0,0.14466710759117601,6.527028779889671,50.94164163110411,26.966648679654917,53.45455842166525,62.162461546104204,Low,0
Feb,Thursday,18,Vegetative/Tillering,-5.787118456180818,0.0,0.11624509186140855,6.45471395133223,49.09346293239117,25.45049986709564,50.182169421900525,65.47856003602475,Low,0
Feb,Thursday,19,Vegetative/Tillering,-5.454625794793008,0.0,0.14583975646337974,6.536568556871431,47.987350937446564,24.930396175133435,45.91985036173928,61.76848322254949,Low,0
Feb,Thursday,20,Vegetative/Tillering,-5.214124291480949,0.0,0.12170317974368776,6.712919953512434,52.87201321266505,23.826403906678774,44.563271140377,57.08146241422654,Low,0
Feb,Thursday,21,Vegetative/Tillering,-5.231706048806632,0.0,0.12158174640829289,6.584992318186334,48.54488782774857,23.27614949440344,48.566896631926696,65.20362551247922,Low,0
Feb,Thursday,22,Vegetative/Tillering,-5.243766586345561,0.0,0.16537273290588578,6.750232978878986,50.55825732374885,21.41405590157873,52.951882710572654,62.74163453661521,Low,0
Feb,Thursday,23,Vegetative/Tillering,-5.277729695016835,0.0,0.08856797426508184,6.882388066836321,50.753200616352935,22.54612720759573,55.29367286489284,55.09098886249555,Low,0
Feb,Friday,0,Vegetative/Tillering,-6.177460602371759,0.0,0.12081583768192355,6.902851218224023,50.105170657715774,20.869902014092006,53.20591367582776,58.72635830266194,Low,0
Feb,Friday,1,Vegetative/Tillering,-6.1294196753539865,0.0,0.16163985009273618,6.647105875388055,47.53612966012537,23.096364065057884,49.14331777187751,60.073187281070986,Low,0
Feb,Friday,2,Vegetative/Tillering,-7.001728318922489,0.0,0.1308146695361212,6.561787771995355,45.32668465693032,21.06684948917563,49.94762756906906,63.39732881373697,Low,0
Feb,Friday,3,Vegetative/Tillering,-7.489218987912587,0.0,0.10708314551209278,6.682901192156453,45.72370538653601,21.732438941112612,56.38234929595353,55.35344592228857,Low,0
Feb,Friday,4,Vegetative/Tillering,-6.956499915416859,0.0,0.06028440821190406,6.894929483809415,48.81718115823903,22.37243879677495,48.367657388375356,61.00430229311724,Low,0
Feb,Friday,5,Vegetative/Tillering,-6.701971599669057,0.0,0.04053785702322017,6.93159024249433,51.99016816210055,22.73100524891281,58.6053186445431,63.25470547197201,Low,0
Feb,Friday,6,Vegetative/Tillering,-6.190177456467862,0.0,0.19266634164162622,6.843526401266748,45.628611704919585,22.166252301283745,57.92811257747389,54.216802294560544,Low,0
Feb,Friday,7,Vegetative/Tillering,-6.54328683084459,0.0,0.13079791374377842,6.948201972983623,48.426795641546136,25.37043441303682,58.70416620960966,63.16897938155424,Low,0
Feb,Friday,8,Vegetative/Tillering,-7.248114519426566,0.0,0.09955744013198083,7.027386457851073,43.93145510090766,26.424661578694288,53.44210446245334,63.46944196306301,Low,0
Feb,Friday,9,Vegetative/Tillering,-7.451738104221471,0.0,0.13223099111954445,6.607338499664866,47.65345103628195,27.878698218121233,51.27542554720452,59.18545199196262,Low,0
Feb,Friday,10,Vegetative/Tillering,-7.482891796983318,0.0,0.08683140515938276,6.96538941864522,43.66397059262157,27.64613113815651,53.36903879845461,58.418865162510585,Low,0
Feb,Friday,11,Vegetative/Tillering,-7.531871000953736,0.0,0.10840795529113069,6.60146740733865,44.074213161346385,30.942245261255675,55.02575485315583,59.14634944377201,Low,0
Feb,Friday,12,Vegetative/Tillering,-7.112063956490809,0.0,0.08706708624524623,6.853093197776334,45.25250478629406,29.53197118203178,50.34767228262905,54.6218386227115,Low,0
Feb,Friday,13,Vegetative/Tillering,-7.436439938154781,0.0,0.07053542454024235,6.763567535165252,45.50014627098892,31.765033946389675,48.99639028652152,60.48660859803158,Low,0
Feb,Friday,14,Vegetative/Tillering,-7.406233945612908,0.0,0.04632552689567272,6.2797467943896015,46.37143372424644,31.792179342995045,51.44819051790802,61.85107397271575,Low,0
Feb,Friday,15,Vegetative/Tillering,-7.993702753861925,0.0,0.06408199127199081,6.488685973176522,45.28251617794841,29.99287616911037,49.983076667402905,58.253741340100554,Low,0
Feb,Friday,16,Vegetative/Tillering,-7.8591879490980885,0.0,0.1557450717378111,6.450839239995819,44.62641382979901,29.455262337887778,56.022659435951084,63.732207289729395,Low,0
Feb,Friday,17,Vegetative/Tillering,-7.949644265240095,0.0,0.0854591313576489,6.418282795240975,41.76107171854261,24.896582604424374,50.45071145881206,61.55850128497174,Low,0
Feb,Friday,18,Vegetative/Tillering,-8.367921181445626,0.0,0.1387212239131008,6.885425677302996,44.87256146515088,25.69006798054816,52.58692439979203,61.952127703716954,Low,0
Feb,Friday,19,Vegetative/Tillering,-8.494676905621198,0.0,0.1534826586445825,7.109325434167819,43.00685809918308,25.036899983586142,55.24912156182353,60.29709167612254,Low,0
Feb,Friday,20,Vegetative/Tillering,-8.57554758066263,0.0,0.12058028898226103,6.719399825934401,45.24215538643909,23.114608214651266,56.13952693103752,63.15969320338931,Low,0
Feb,Friday,21,Vegetative/Tillering,-8.676000070960807,0.0,0.10955014756876252,6.945259879823146,41.26212227073419,21.3992213295201,52.92567784556417,64.52848504797304,Low,0
Feb,Friday,22,Vegetative/Tillering,-7.833567613116949,0.0,0.12465580221846824,7.047632221662749,41.49488827381734,22.1400223681057,53.45288870983976,60.2832867271558,Low,0
Feb,Friday,23,Vegetative/Tillering,-7.938662092640257,0.0,0.10541828717165602,6.84481109209531,44.37915897229723,20.345907595839083,49.24902811748958,63.20466276057072,Low,0
Feb,Saturday,0,Vegetative/Tillering,-8.237369315917089,0.0,0.16213682417198205,6.767362734233219,46.32221901836752,22.705394272138204,56.26916994077172,64.43006864457017,Low,0
Feb,Saturday,1,Vegetative/Tillering,-9.315675076069903,0.0,0.18567868559505724,6.755251113821146,41.46426409066433,20.86833727901854,56.990569726891806,63.544676524603815,Low,0
Feb,Saturday,2,Vegetative/Tillering,-9.68974054047755,0.0,0.17074341406298343,6.860069864683444,39.84528310450817,23.27938227423006,47.58894078274264,66.69263548526628,Low,0
Feb,Saturday,3,Vegetative/Tillering,-9.717278340204578,0.0,0.04469528678292514,6.920127230677255,38.43783794819415,23.321179888573926,58.48883746160687,60.683775818248385,Low,0
Feb,Saturday,4,Vegetative/Tillering,-9.923424498736654,0.0,0.10470406343989602,6.8656922848599296,43.19931413639367,21.9955065484748,51.09802159938906,61.44612921240763,Low,0
Feb,Saturday,5,Vegetative/Tillering,-9.165412953072016,0.0,0.12014556985734047,6.847563042481587,39.44380372285761,22.79202074436327,54.98389266440582,60.55760155909375,Low,0
Feb,Saturday,6,Vegetative/Tillering,-9.207843805236898,0.0,0.136207028614789,6.770263662471294,39.95038635217497,22.201321020751593,53.43268517444766,64.3125541118526,Low,0
Feb,Saturday,7,Vegetative/Tillering,-8.591982061489022,0.0,0.059543991180428316,6.460537772671963,44.01931144459439,24.348694187662407,53.01887246166827,61.81878433812618,Low,0
Feb,Saturday,8,Vegetative/Tillering,-8.619268909439123,0.0,0.0589794718870862,6.900165014360998,39.101713237572525,24.928262374345945,52.58044606516941,60.76062715263287,Low,0
Feb,Saturday,9,Vegetative/Tillering,-8.661537170116462,0.0,0.16573764123688875,6.463353790767401,45.26149212248317,27.860912513461795,50.22231000392934,66.65786906686135,Low,0
Feb,Saturday,10,Vegetative/Tillering,-8.76474703443745,0.0,0.10043082384865773,6.814238860441977,43.71299334578483,27.316703675564707,54.771484031943935,67.02376453515188,Low,0
Feb,Saturday,11,Vegetative/Tillering,-8.823658669843194,0.0,0.06794077815413688,6.826750494798394,44.121681335998545,28.118806813355846,52.34186599373295,61.67826773434605,Low,0
Feb,Saturday,12,Vegetative/Tillering,-8.115255371359376,0.0,0.08137257172969638,6.456069011529855,45.139621132636805,30.076880644120994,49.27173303602683,59.08147982490098,Low,0
Feb,Saturday,13,Vegetative/Tillering,-9.3359932462838,0.0,0.13366661251592754,6.550005777046407,40.77136917400613,30.206005376310976,50.0949859346529,67.15879362587238,Low,0
Feb,Saturday,14,Vegetative/Tillering,-10.254516443468141,0.0,0.09121083097377762,7.038481449021714,36.76286311536561,30.392264681895988,49.32266120892585,63.676826344366134,Low,0
Feb,Saturday,15,Vegetative/Tillering,-10.39832591430266,0.0,0.12845689747644176,6.662246022918057,38.263866923223695,29.06314495103029,51.62622834909395,63.551805939032306,Low,0
Feb,Saturday,16,Vegetative/Tillering,-10.278824650880486,0.0,0.08574454230387238,6.440788460536195,36.88034821438156,30.13820519237271,54.655297925297084,62.762502523988935,Low,0
Feb,Saturday,17,Vegetative/Tillering,-9.876939240768245,0.0,0.05895299554155929,6.844287227052746,40.76765644230898,27.491402406373425,51.066645848203365,60.499205678247726,Low,0
Feb,Saturday,18,Vegetative/Tillering,-9.630645174614992,0.0,0.16985330571274637,6.582932832960526,42.00001124202022,26.032375335753446,56.12632467020987,61.46678636015326,Low,0
Feb,Saturday,19,Vegetative/Tillering,-9.802962543119982,0.0,0.13393664689511414,6.40211135735462,42.92650715890846,24.312954573576146,52.84235656174791,64.19430010609452,Low,0
Feb,Saturday,20,Vegetative/Tillering,-9.314780036576497,0.0,0.10831871985666594,6.858398600220987,41.88806319332213,23.177327895158463,52.331785234475895,61.38109909866459,Low,0
Feb,Saturday,21,Vegetative/Tillering,-8.882137798981866,0.0,0.10175233974114367,6.604971584185224,44.03201999563389,22.835813931587573,53.25029629088821,63.58245882062888,Low,0
Feb,Saturday,22,Vegetative/Tillering,-8.880679149718866,0.0,0.17127151291763323,6.829384686803539,41.59208056621444,22.728614319766624,57.38546479526897,62.533413942892075,Low,0
Feb,Saturday,23,Vegetative/Tillering,-8.517236961015836,0.0,0.1407035515935054,6.621758983883187,42.1020770175456,22.963787283892472,49.08598392417308,59.85778254749627,Low,0
Feb,Sunday,0,Vegetative/Tillering,-8.658055640151384,0.0,0.16013845610725158,6.926067130613109,43.66801024527028,20.915308290362248,59.06910091425743,67.75074327368205,Low,0
Feb,Sunday,1,Vegetative/Tillering,-9.141835301594687,0.0,0.09957075628787801,6.831346870236097,40.786649530738934,20.945521879531377,56.98048032677391,65.18299898557154,Low,0
Feb,Sunday,2,Vegetative/Tillering,-8.979383004043651,0.0,0.12177332890628526,6.311730158931001,42.48785236795055,22.314153003758847,54.03503051488781,64.52453585641582,Low,0
Feb,Sunday,3,Vegetative/Tillering,-9.093767468261216,0.0,0.13407696205987862,6.848009343919009,39.55257369750224,22.216860893854477,57.64907705431034,65.08546971869015,Low,0
Feb,Sunday,4,Vegetative/Tillering,-9.233524069101911,0.0,0.10074758117401555,6.717765642753951,39.57628686920282,22.838847875238567,53.13258144377706,59.21568739494583,Low,0
Feb,Sunday,5,Vegetative/Tillering,-8.686593448676392,0.0,0.11665637618487261,7.031643972768142,43.92299432521323,22.391013521746803,54.95703512598093,62.464967661532626,Low,0
Feb,Sunday,6,Vegetative/Tillering,-9.980285045926959,0.0,0.09957363810408626,6.841030033609403,41.3206960405875,22.84049194756337,52.4757564773748,59.87966531559956,Low,0
Feb,Sunday,7,Vegetative/Tillering,-10.629594872803047,0.0,0.13396707191257762,6.901228043035521,36.01765996733932,23.158691256001486,56.999425491655884,64.00963221614496,Low,0
Feb,Sunday,8,Vegetative/Tillering,-11.089120259915871,0.0,0.07375120426522969,6.59704054196703,38.22733999721475,25.837474256613508,51.978233184292996,64.512697177751,Low,0
Feb,Sunday,9,Vegetative/Tillering,-11.121384704877695,0.0,0.14001895067364706,6.575936709485212,35.74320536222298,26.29007302450364,53.94589663299478,64.05126372895167,Low,0
Feb,Sunday,10,Vegetative/Tillering,-11.110386744811752,0.0,0.13087496206100188,6.673796047300478,36.868082164852424,28.93913820724136,56.137416454975586,66.64438955000657,Low,0
Feb,Sunday,11,Vegetative/Tillering,-11.676469231048179,0.0,0.11288420150224374,6.626387253537176,38.31036267706566,28.080122909328697,57.244568924464545,59.95453613116079,Low,0
Feb,Sunday,12,Vegetative/Tillering,-11.941006875463527,0.0,0.13573310009782294,6.8965455587535045,36.45655796693343,30.45307137628729,51.63653487469335,61.69978923574112,Low,0
Feb,Sunday,13,Vegetative/Tillering,-12.125249023666488,0.0,0.10722708376934581,6.646905562000566,35.99114631924481,29.19980049528231,56.3594147053611,64.73378666536499,Low,0
Feb,Sunday,14,Vegetative/Tillering,-10.80229554114125,0.0,0.09654542405354496,6.444018069059771,41.39207141817493,29.867601062877153,51.15404475662147,64.35775830978787,Low,0
Feb,Sunday,15,Vegetative/Tillering,-9.969760743395621,0.0,0.13903041541760375,6.50905503909036,38.16481553375091,30.298693096378752,47.64900752317321,60.40933983445539,Low,0
Feb,Sunday,16,Vegetative/Tillering,-10.257638944285986,0.0,0.14054549018040302,6.854035857471176,36.90991658372854,28.811555850622973,51.85580905830764,66.68924133661493,Low,0
Feb,Sunday,17,Vegetative/Tillering,-10.488434560434394,0.0,0.10224554164168381,6.691697824494317,36.88351251450027,26.046390235890428,56.60397992822895,67.55597197287936,Low,0
Feb,Sunday,18,Vegetative/Tillering,-11.042117742930532,0.0,0.09924316977149296,6.693149559211264,36.48991531015349,25.308154837185246,54.06334936306646,64.7618841848595,Low,0
Feb,Sunday,19,Vegetative/Tillering,-11.858132532582015,0.0,0.11359592806838403,6.959022792690167,30.331380693219376,22.95406465126907,52.49500608473142,59.92523817026742,Low,0
Feb,Sunday,20,Vegetative/Tillering,-11.748947528912028,0.0,0.10067980215150939,6.632554727999464,34.88766945721751,21.019193200315847,54.26643497047303,64.09722978013792,Low,0
Feb,Sunday,21,Vegetative/Tillering,-12.04369872182452,0.0,0.17337916884587942,6.373131308169473,33.50598160383133,22.46913054090718,54.167199019050265,64.54877308145683,Low,0
Feb,Sunday,22,Vegetative/Tillering,-11.876185862239213,0.0,0.13107664999679725,6.616635423533084,36.56467346542149,22.82323867484808,55.96569564659298,63.01831087574665,Low,0
Feb,Sunday,23,Vegetative/Tillering,-12.402216829027534,0.0,0.12051100817415253,6.8151637648897525,34.439518368354,22.727484736572553,49.264870226723055,67.06602823686941,Low,0
Feb,Monday,0,Vegetative/Tillering,-12.620272756981072,0.0,0.08735462592088399,6.724731404560587,32.009952127706754,22.8571014519038,54.692941129496454,64.60598668173921,Low,0
Feb,Monday,1,Vegetative/Tillering,-12.385348022685202,0.0,0.1458646306462824,6.4961405985954315,34.95508643628132,22.365471319291345,55.37283181462458,70.15718921847456,Low,0
Feb,Monday,2,Vegetative/Tillering,-12.07358275828428,0.0,0.09859382850194547,6.963046398268279,35.96992749976527,22.156287825000025,50.90388950843724,66.85362636966718,Low,0
Feb,Monday,3,Vegetative/Tillering,-11.772248336190211,0.0,0.0971538441121636,6.819181282219948,33.709512413560674,21.51654453835015,50.8627527362961,65.58603365823843,Low,0
Feb,Monday,4,Vegetative/Tillering,-12.287396144986587,0.0,0.1470415132076805,6.8521786011094346,33.02420074126735,22.0229362625996,53.90587474305284,67.19690179333439,Low,0
Feb,Monday,5,Vegetative/Tillering,-11.746699518417076,0.0,0.1335562952347164,6.8682610273849205,30.857194781603056,21.317921291739065,55.02557284981038,68.72304651616275,Low,0
Feb,Monday,6,Vegetative/Tillering,-12.024734627087295,0.0,0.03237933368025549,6.553282622072542,32.459316946251924,21.698867578298465,55.0361380751666,67.1434633769428,Low,0
Feb,Monday,7,Vegetative/Tillering,-11.6206331300114,0.0,0.11447802326824918,6.803623570437295,34.12554136712548,24.226308968000946,53.33095455597027,64.70624579162377,Low,0
Feb,Monday,8,Vegetative/Tillering,-11.56757442928033,0.0,0.12439318671916672,6.889564305332746,35.88615372293925,25.751825042907726,53.20799622109863,63.246032665189915,Low,0
Feb,Monday,9,Vegetative/Tillering,-12.144317929265798,0.0,0.1081141345476594,6.870535328788932,32.46287161104245,29.814700845185687,53.8144710355622,62.09056499017138,Low,0
Feb,Monday,10,Vegetative/Tillering,-12.173380164007897,0.0,0.12561272829914316,6.829032167776227,33.256983632282825,27.553015381740234,55.895565284046235,58.79403555870041,Low,0
Feb,Monday,11,Vegetative/Tillering,-11.90348890168585,0.0,0.05666091989818463,6.762623259048255,32.480965272788765,29.482671966553927,58.733863020379964,65.33141678407705,Low,0
Feb,Monday,12,Vegetative/Tillering,-11.57264381201404,0.0,0.02091427902307462,6.364232608213951,36.06788264822885,29.03543760849161,48.338809340667645,63.926659238036095,Low,0
Feb,Monday,13,Vegetative/Tillering,-11.640078143169864,0.0,0.08585861165704052,6.658840193011694,36.41524164556214,30.064771299224038,56.869006363905484,64.06051198345169,Low,0
Feb,Monday,14,Vegetative/Tillering,-10.957144480133389,0.0,0.12987864926185025,6.491865385825003,38.00758394451951,29.89674875176244,54.66654501641957,67.4679771691672,Low,0
Feb,Monday,15,Vegetative/Tillering,-10.615890416026682,0.0,0.00712653200176884,6.889410394287257,38.04658526534648,30.258654964205864,56.57716684329652,64.61565205675355,Low,0
Feb,Monday,16,Vegetative/Tillering,-10.89907313272605,0.0,0.09047588764661725,6.891919529202321,34.26007848845469,28.2699186283699,58.55663001178297,69.6335924539481,Low,0
Feb,Monday,17,Vegetative/Tillering,-10.69445622194872,0.0,0.052703366078021466,6.533256873047991,36.593397739537366,27.209862734824945,52.734621772550284,63.46308375448536,Low,0
Feb,Monday,18,Vegetative/Tillering,-9.987503060318993,0.0,0.11150815396140283,6.721696693788477,38.715379310597456,25.50181554296269,57.83291403369175,62.468455427281775,Low,0
Feb,Monday,19,Vegetative/Tillering,-9.365842704787914,0.0,0.18852647402845474,6.811716808685208,40.21538688266776,23.034326076404746,51.23787140701622,61.75174239745687,Low,0
Feb,Monday,20,Vegetative/Tillering,-10.261137695050946,0.0,0.11239884018675644,6.946842654809544,39.0232319678574,21.853318102565513,55.38279769830177,66.70271097757742,Low,0
Feb,Monday,21,Vegetative/Tillering,-10.887644327820452,0.0,0.11623740041341962,6.479846955604864,40.22073635797295,22.069450627932945,54.27244969199206,67.7745484729085,Low,0
Feb,Monday,22,Vegetative/Tillering,-10.331138445673133,0.0,0.14937308292758814,6.378257072908349,40.32946015575368,22.43406070672511,55.138838404022174,63.40984609268654,Low,0
Feb,Monday,23,Vegetative/Tillering,-10.985165447143633,0.0,0.12074572952337008,6.77703436450465,35.160567367157896,22.82215782977986,52.03289714545151,62.23587657801611,Low,0
Feb,Tuesday,0,Vegetative/Tillering,-11.809419127858114,0.0,0.11247528804337313,6.324035130088954,36.51419984373379,22.18732279223118,57.2106503681506,69.91944055515208,Low,0
Feb,Tuesday,1,Vegetative/Tillering,-12.129239008895858,0.0,0.15243260734507513,6.808444148933948,35.670431113981415,22.173258988814922,60.65886179654434,62.46774529921118,Low,0
Feb,Tuesday,2,Vegetative/Tillering,-11.984576861720209,0.0,0.1365160502679132,6.904122157146738,33.12488058596837,20.998349473210357,52.98442938755086,68.61930044466673,Low,0
Feb,Tuesday,3,Vegetative/Tillering,-12.085199720109566,0.0,0.13010190165482585,6.992892569291922,36.19325251700792,22.80678761380508,56.46893656498967,64.66629659919289,Low,0
Feb,Tuesday,4,Vegetative/Tillering,-12.41062347702464,0.0,0.11514269466013871,6.673163489419721,33.39375038325034,21.818281690279967,58.46761936323704,67.08648839277546,Low,0
Feb,Tuesday,5,Vegetative/Tillering,-12.696234765862387,0.0,0.10788773533455279,6.79692221744557,30.20912958190138,22.97269859058382,55.00977781550365,68.78605430580156,Low,0
Feb,Tuesday,6,Vegetative/Tillering,-12.957346910960707,0.0,0.1521009809831082,6.878349491764608,33.312772862968586,23.428151958283358,59.98117876466997,67.28439047421855,Low,0
Feb,Tuesday,7,Vegetative/Tillering,-13.2588006441679,0.0,0.10822380830422895,6.540797866730974,32.11280210122609,24.00483545029611,54.61093497574385,65.35560984302742,Low,0
Feb,Tuesday,8,Vegetative/Tillering,-12.100431847758063,0.0,0.16309385077746047,6.901851290270372,34.003608307008996,25.02742088832775,55.551115890403615,69.5839931530353,Low,0
Feb,Tuesday,9,Vegetative/Tillering,-12.004876508093627,0.0,0.08334987717987512,6.751638225674965,34.6133902106087,27.349559524400828,52.920537410720286,66.81650346232412,Low,0
Feb,Tuesday,10,Vegetative/Tillering,-11.667685555811723,0.0,0.17018243840770225,6.569890458600567,34.05938370827494,28.90861345815915,56.27977107120937,75.30002376495553,Low,0
Feb,Tuesday,11,Vegetative/Tillering,-12.008645638774908,0.0,0.13652140290809464,6.697993478867278,35.899511474534435,29.330334942221974,55.90906883649691,61.83086333168682,Low,0
Feb,Tuesday,12,Vegetative/Tillering,-12.178149087413477,0.0,0.08610127769317978,6.64157190411838,34.185540921189805,29.723192569951127,57.8077037345346,61.79393256690921,Low,0
Feb,Tuesday,13,Vegetative/Tillering,-12.574022973335607,0.0,0.13781425220933075,6.790525924516246,33.655242551891,30.82582576855793,53.991381878733115,68.57940141983431,Low,0
Feb,Tuesday,14,Vegetative/Tillering,-13.798461841115596,0.0,0.09723939855889521,6.589029895015402,31.097975430180313,30.572485917209946,53.85401312634828,66.01437208483624,Low,0
Feb,Tuesday,15,Vegetative/Tillering,-14.288462923552427,0.0,0.12116998190216165,6.713790500343831,26.89851775462153,29.305719230957624,57.287476353699944,68.07527348828319,Low,0
Feb,Tuesday,16,Vegetative/Tillering,-14.912325098365034,0.0,0.10296805019991621,6.591136324819368,25.921853720159813,27.30639892753569,60.09157147022369,63.347797775309765,Low,0
Feb,Tuesday,17,Vegetative/Tillering,-15.651365983493651,0.0,0.11534807425534226,6.527767974587887,21.516832720382816,27.72802096317343,57.78703074289295,66.22908187303494,Low,1
Feb,Tuesday,18,Vegetative/Tillering,-15.81411961757202,0.0,0.15295007778334535,6.764892780170962,26.675597434807965,25.232208158187362,61.44223674583343,67.23704370279042,Low,1
Feb,Tuesday,19,Vegetative/Tillering,-14.818276514211702,0.0,0.13814790782513403,6.586182214957456,25.51171631839838,24.32664033194676,57.56592241366586,64.73447289071241,Low,0
Feb,Tuesday,20,Vegetative/Tillering,-14.573182655807795,0.0,0.08061221128808226,6.91916556568064,28.789501045852596,22.49592578534323,57.45787856756311,66.67332426460815,Low,0
Feb,Tuesday,21,Vegetative/Tillering,-13.75386495656165,0.0,0.08261662454195465,6.906144224916394,31.23270055413115,20.86384205836587,57.93787864200976,62.689934547804526,Low,0
Feb,Tuesday,22,Vegetative/Tillering,-13.434915036370958,0.0,0.12947714635928667,6.6381814176451615,32.460909590494744,22.43986534752926,60.36451226733749,67.0808071453708,Low,0
Feb,Tuesday,23,Vegetative/Tillering,-12.981590926250561,0.0,0.13201154944135218,6.8091810874326795,29.936147949326536,22.786626020299565,59.61271019835156,69.70737006092635,Low,0
Feb,Wednesday,0,Vegetative/Tillering,-13.492160733351431,0.0,0.09639442572145157,6.6306831889561515,30.988491003675183,22.88472193224839,53.545365300673694,64.19772175537172,Low,0
Feb,Wednesday,1,Vegetative/Tillering,-13.277387056974396,0.0,0.17569604190437133,6.486690305942543,34.97483190483695,22.46889260087705,59.20174566283022,64.04678330662207,Low,0
Feb,Wednesday,2,Vegetative/Tillering,-12.988720352553415,0.0,0.14847232280443587,6.6931007023869284,35.75570051384044,20.793251164840328,57.59606951739553,70.26646932592709,Low,0
Feb,Wednesday,3,Vegetative/Tillering,-13.317731441311846,0.0,0.09810482721153221,6.752492997984672,33.51209072890547,23.39666484974931,56.217894952333225,64.00257214317637,Low,0
Feb,Wednesday,4,Vegetative/Tillering,-13.081609516854362,0.0,0.09472106394644025,6.865796298473925,32.77912343718721,22.703818134034066,51.48121253362774,69.39316911285441,Low,0
Feb,Wednesday,5,Vegetative/Tillering,-12.8706582165368,0.0,0.11202653752003636,6.818221219437106,30.600207502620925,21.412344536503618,52.17951726921917,67.43003788153277,Low,0
Feb,Wednesday,6,Vegetative/Tillering,-13.189653634619074,0.0,0.10838509561240442,6.949709587186979,33.282074527696324,21.744789567873383,55.70659833966071,66.24711180959778,Low,0
Feb,Wednesday,7,Vegetative/Tillering,-13.723606443695074,0.0,0.1639655122806122,6.570787886558724,30.247302077638142,24.34014683908613,52.40622547469577,70.95797873668167,Low,0
Feb,Wednesday,8,Vegetative/Tillering,-14.215312935035438,0.0,0.15445830405482103,6.6488458311621255,30.504305506460636,26.38989726757907,55.76872954373826,69.61203618770925,Low,0
Feb,Wednesday,9,Vegetative/Tillering,-14.074182286876567,0.0,0.12122743297254868,7.003897784371063,28.456275601792004,26.972548129791704,58.943023758285875,67.99095573739636,Low,0
Feb,Wednesday,10,Vegetative/Tillering,-13.854731214647545,0.0,0.14372669463112253,6.325554507684139,29.902778859166034,29.2900721856475,55.057131029631535,61.91000037030723,Low,0
Feb,Wednesday,11,Vegetative/Tillering,-14.181612223981816,0.0,0.14880413292205924,6.608920162734233,29.792425382596495,28.14853747993921,57.05038780825372,69.07230095766931,Low,0
Feb,Wednesday,12,Vegetative/Tillering,-14.106811997916505,0.0,0.12203912548932871,6.47952424807403,30.136207387988105,29.340456088579558,53.5901441251628,64.61451685211915,Low,0
Feb,Wednesday,13,Vegetative/Tillering,-13.81038767404479,0.0,0.13409165377791815,6.64647565535237,31.342515011213,28.723508792126335,57.6963018549125,66.73821179359192,Low,0
Feb,Wednesday,14,Vegetative/Tillering,-13.545836466968023,0.0,0.14079656439322988,6.592451964514117,29.831602510226944,29.456499183158833,58.3244061744087,67.31000183774049,Low,0
Feb,Wednesday,15,Vegetative/Tillering,-12.908310428704409,0.0,0.13706620032771094,6.759049788493396,29.833486066889012,30.78921269085463,52.53119722895758,72.03485996972911,Low,0
Feb,Wednesday,16,Vegetative/Tillering,-12.491529727870997,0.0,0.09274186600334731,6.704355313982522,36.7698987329092,30.275893647412563,54.54434111020604,66.65856152179364,Low,0
Feb,Wednesday,17,Vegetative/Tillering,-13.163215965086556,0.0,0.09628015849288783,6.4642299752143355,36.88679002183898,27.550590789454226,52.998489197777936,63.734737076534195,Low,0
Feb,Wednesday,18,Vegetative/Tillering,-12.534340824571215,0.0,0.10989918684098825,6.62660092862088,34.31242344343384,25.33532654712562,58.32764439045356,70.96577593747548,Low,0
Feb,Wednesday,19,Vegetative/Tillering,-12.98839179055837,0.0,0.0952667502333589,6.75281109789283,29.67987551319969,23.977855550969757,57.29201968164455,69.10599720416224,Low,0
Feb,Wednesday,20,Vegetative/Tillering,-12.664848307950033,0.0,0.06844147995775215,6.9042834804370266,31.557973827234168,22.75367191266642,56.650864617293266,69.1991061790125,Low,0
Feb,Wednesday,21,Vegetative/Tillering,-12.818412684281066,0.0,0.14365831863321643,7.233562901462055,33.75404469582738,21.124615318688733,56.41515538557605,71.01271167548964,Low,0
Feb,Wednesday,22,Vegetative/Tillering,-13.156391017676242,0.0,0.13212428444041507,6.91024823212375,34.60689278093959,21.917000659215034,57.76850630629778,71.59968878824914,Low,0
Feb,Wednesday,23,Vegetative/Tillering,-14.063230884199202,0.0,0.07312216982976089,6.5774062974076895,27.322464608838203,23.522914459560198,57.82855447603422,65.06233150704284,Low,0
Feb,Thursday,0,Vegetative/Tillering,-14.249727034453116,0.0,0.11156791508953623,6.772531374860085,29.05198947561472,21.53843194453731,56.21326751855938,65.01210895147902,Low,0
Feb,Thursday,1,Vegetative/Tillering,-15.021950016751624,0.0,0.11354999639615805,6.818439013897224,27.83918408868404,21.775780080590767,55.793209588388756,70.5957564421376,Low,1
Feb,Thursday,2,Vegetative/Tillering,-14.537236802721592,0.0,0.1263680549978479,6.683226319466389,30.339788576039926,22.38555492478515,57.523014414889396,67.83341504131565,Low,0
Feb,Thursday,3,Vegetative/Tillering,-13.86296316679421,0.0,0.08213271429733195,6.858123697954162,29.541686210893143,22.601513807603766,57.130795306000806,68.06013832575863,Low,0
Feb,Thursday,4,Vegetative/Tillering,-14.31646746828554,0.0,0.07261020174019556,6.375527172642306,26.012848693470854,21.87499676304042,63.88204667514796,65.68540985108625,Low,0
Feb,Thursday,5,Vegetative/Tillering,-14.207089267548174,0.0,0.13819035736118684,6.875518359240016,30.645380876790185,22.436571506601563,56.54831598288676,69.94932487280246,Low,0
Feb,Thursday,6,Vegetative/Tillering,-14.573667399439463,0.0,0.0663113295705982,6.683829989557641,30.772790171687767,22.861351626991553,58.56899593634314,69.49491126786033,Low,0
Feb,Thursday,7,Vegetative/Tillering,-14.846986171035773,0.0,0.11185677774308679,6.706888124334884,27.702050266023825,25.724328930661432,59.09777946484945,68.10083811671365,Low,0
Feb,Thursday,8,Vegetative/Tillering,-14.455594690010356,0.0,0.10858729849846206,6.99015401288388,29.61705292658801,25.74507440939264,61.901572871842575,65.01872771424449,Low,0
Feb,Thursday,9,Vegetative/Tillering,-14.492649863404745,0.0,0.11568504886206252,6.475478699951433,27.768657868974472,27.329880562597417,55.2664462247616,71.51245840534945,Low,0
Feb,Thursday,10,Vegetative/Tillering,-13.73448170810357,0.0,0.1288451167412248,6.713815264100771,28.845698311099646,29.85161373652785,61.718943487425015,69.12884460393558,Low,0
Feb,Thursday,11,Vegetative/Tillering,-14.094121195619806,0.0,0.17594997162339926,6.818254610372446,31.726960491606903,29.143418256580876,57.25781327703748,71.28419265872391,Low,0
Feb,Thursday,12,Vegetative/Tillering,-13.749387323063957,0.0,0.06401777297931849,6.706436449422862,31.27646212027543,29.114940871244844,65.20403568893921,63.2320520261344,Low,0
Feb,Thursday,13,Vegetative/Tillering,-13.871463639658469,0.0,0.15068035539564623,6.363317397298461,31.18922446362344,30.57519918052717,58.78780665767845,68.63164121574151,Low,0
Feb,Thursday,14,Vegetative/Tillering,-13.674003070165824,0.0,0.03207447328540179,6.890040943151365,33.686622927591245,31.03536331752492,54.0132126119474,66.69733631166729,Low,0
Feb,Thursday,15,Vegetative/Tillering,-14.073656262863668,0.0,0.16877989020860615,6.626382441156169,27.613540300490047,29.8715886513791,57.10852398207135,68.57995155089495,Low,0
Feb,Thursday,16,Vegetative/Tillering,-14.246225552190849,0.0,0.048499573081199523,6.589262056980358,28.20500613842312,28.552039333706443,61.70880807198476,70.84760974695139,Low,0
Feb,Thursday,17,Vegetative/Tillering,-14.429203280501259,0.0,0.20527381233121772,6.663550025459844,29.18577882446637,26.204203716362,57.94462346323368,69.41445174882489,Low,0
Feb,Thursday,18,Vegetative/Tillering,-14.912484967356132,0.0,0.10635812596829958,6.656723031868108,26.5814096028228,25.799374516725766,57.521123777208686,68.5348889185509,Low,0
Feb,Thursday,19,Vegetative/Tillering,-14.652275191297093,0.0,0.16516340712705624,6.521142287714487,29.90081261143188,25.14169141270358,59.856991491603054,68.52153442090766,Low,0
Feb,Thursday,20,Vegetative/Tillering,-14.428924301235117,0.0,0.15794546081938027,6.821375510472388,28.49578323522775,21.387706334768623,56.66500692799734,64.59017038906654,Low,0
Feb,Thursday,21,Vegetative/Tillering,-14.254567963077282,0.0,0.1047228818043457,6.67231002466112,27.303971273620146,22.179202260957382,57.06780047265119,66.22316319879683,Low,0
Feb,Thursday,22,Vegetative/Tillering,-13.669938348427966,0.0,0.10740877736343396,6.902284705772869,30.823691314148206,22.06501221427331,54.865976470205354,71.29280219468751,Low,0
Feb,Thursday,23,Vegetative/Tillering,-13.194768396746182,0.0,0.09069943629037035,6.8784146436983855,32.17323338942274,21.816836343489804,62.88646234289917,67.22574125369118,Low,0
Feb,Friday,0,Vegetative/Tillering,-10.949925931633828,0.0,0.14755795582555012,7.0665204180632575,39.08954188987147,22.573338403615203,54.9321661622574,72.53854761192481,Low,0
Feb,Friday,1,Vegetative/Tillering,-8.670080624699688,0.0,0.10517861635235362,6.733461371297846,43.478088307015604,22.729644193004805,59.10839997929047,71.7534273387013,Low,0
Feb,Friday,2,Vegetative/Tillering,-7.146089647407927,0.0,0.09133557651822431,6.627096121954411,47.27167762894065,22.721261523834748,60.0396536442458,71.885512775919,Low,0
Feb,Friday,3,Vegetative/Tillering,-5.534178972241126,0.0,0.13880466041846534,6.524043096835893,50.85855383463574,21.5935521891079,58.55904664024462,70.51978597449128,Low,0
Feb,Friday,4,Vegetative/Tillering,-4.420545923445419,0.0,0.08859882455079879,7.191428613825471,52.51424474114713,21.058213044533055,54.83841161353053,68.59747941686373,Low,0
Feb,Friday,5,Vegetative/Tillering,-2.4590074895636733,0.0,0.1084856197886799,6.892905778134535,56.165943794824656,22.584910749224584,55.603707916866604,69.30961984961974,Low,0
Feb,Friday,6,Vegetative/Tillering,-1.3357822733704259,0.0,0.12374870527052678,6.658310442685429,60.871799247229724,21.97026476681388,60.167550755069854,71.28846475146675,Low,0
Feb,Friday,7,Vegetative/Tillering,-0.6332554972573918,0.0,0.09751496787585562,7.0328806554370855,61.31393727481498,25.625817375399944,56.26036207421154,64.37346468932685,Low,0
Feb,Friday,8,Vegetative/Tillering,0.6012638744794503,0.041666666666666664,0.11782739302978852,6.9463040640532,68.3226785396327,27.35367766975242,52.38394833253461,72.79694098156952,Low,0
Feb,Friday,9,Vegetative/Tillering,0.141258229922533,0.08333333333333333,0.17725586778794436,6.434937995802275,66.52338434136051,28.9554702503867,59.7609349683673,68.43720139199881,Low,0
Feb,Friday,10,Vegetative/Tillering,-0.194064089956002,0.0,0.11285176799001988,6.558711075401138,64.29992444880881,27.877563138916468,55.982513860132656,69.47178960199481,Low,0
Feb,Friday,11,Vegetative/Tillering,0.7702144106967601,0.041666666666666664,0.12666841667499257,6.6381078346819375,66.1054484642582,30.03824621261303,60.49365782071076,69.49334365113782,Low,0
Feb,Friday,12,Vegetative/Tillering,1.2558951948520294,0.08333333333333333,0.14526800003889545,6.45681690305081,66.33823036568252,30.871185311255775,57.99513610532715,69.58791854976036,Low,0
Feb,Friday,13,Vegetative/Tillering,1.7463885694800638,0.125,0.17956563883446897,6.6303904458735134,65.16908510405788,30.98168338683552,57.850563014458594,66.40339578985453,Low,0
Feb,Friday,14,Vegetative/Tillering,1.446815923259508,0.16666666666666666,0.11998516918790249,6.792289576227669,66.5400137691789,29.8909049420995,58.756714549051225,70.06681258419741,Low,0
Feb,Friday,15,Vegetative/Tillering,1.7654582918423714,0.20833333333333334,0.1790889963121028,6.406221802518113,67.93989996723221,30.606082865591613,55.184520009818854,71.17341158000251,Low,0
Feb,Friday,16,Vegetative/Tillering,2.9437381208796056,0.25,0.20254715967406356,6.735789620902747,71.02388443900037,28.630031848837458,56.12364073720717,64.57637122150976,Low,0
Feb,Friday,17,Vegetative/Tillering,3.421474247376435,0.2916666666666667,0.14293391774181674,6.9108485858556135,72.65061092773509,27.46540331481822,57.820227853736014,66.43553560596924,Low,0
Feb,Friday,18,Vegetative/Tillering,3.5361357980579995,0.3333333333333333,0.2712023410707567,6.815302595795912,73.82938631109457,24.61580315151875,55.16697122568829,71.9271633907395,Low,0
Feb,Friday,19,Vegetative/Tillering,3.3624721612944932,0.375,0.25519027865907457,6.72882436442995,70.18562504372105,24.670979447308902,60.74145297838493,71.46199286024499,Low,0
Feb,Friday,20,Vegetative/Tillering,3.2380330305865996,0.4166666666666667,0.1729311231185957,6.6597416238391425,69.90512805898982,22.16667062914207,57.67786305853573,70.43435308822694,Low,0
Feb,Friday,21,Vegetative/Tillering,2.3582211238863264,0.4583333333333333,0.13967059927775327,6.920849190632677,72.0614440568135,22.74682308968042,54.25169019504728,67.98212976181915,Low,0
Feb,Friday,22,Vegetative/Tillering,2.6858083559567625,0.5,0.19512701129480256,6.562208015433698,71.48790323268253,22.563090959843695,56.92291306363292,71.47653152565017,Low,0
Feb,Friday,23,Vegetative/Tillering,3.243880451729626,0.5416666666666666,0.15119179621914558,6.818406287077156,70.50377119988445,22.519749261331018,58.903607694765725,66.68024827286055,Low,0
Feb,Saturday,0,Vegetative/Tillering,2.491452935705146,0.5833333333333334,0.2300362267722076,6.782016394819197,69.26506470778787,22.33842914202665,58.16172863946434,70.54207655925055,Low,0
Feb,Saturday,1,Vegetative/Tillering,2.268438500822826,0.625,0.1603150817692369,6.970045787901822,68.73882450862499,23.004279787728365,60.699447659187065,67.61918432442016,Low,0
Feb,Saturday,2,Vegetative/Tillering,1.865242470647035,0.6666666666666666,0.22339430425698448,6.67436693345022,68.03973017411565,22.215885970491946,61.22210904853792,70.48041180961278,Low,0
Feb,Saturday,3,Vegetative/Tillering,1.6150931638150918,0.7083333333333334,0.13152321113185797,6.704744922892674,68.32158977763345,21.210842064437614,66.70510082785934,68.30943948573662,Low,0
Feb,Saturday,4,Vegetative/Tillering,1.866226542180716,0.75,0.1627285905596827,6.5465118560098565,73.04892919343338,22.830164485099147,62.951932604082174,72.7749438186923,Low,0
Feb,Saturday,5,Vegetative/Tillering,1.1250486664632113,0.7916666666666666,0.1924786578917881,6.865294235727013,66.57962992183701,21.72779558007069,54.590888966909986,71.96837124362945,Low,0
Feb,Saturday,6,Vegetative/Tillering,1.703707994863485,0.8333333333333334,0.15127931808422806,6.71647929036638,68.91409548852288,21.315590525854287,58.41930254500397,69.4589777160398,Low,0
Feb,Saturday,7,Vegetative/Tillering,2.2624984669853627,0.875,0.18608567268578502,6.6072660920263795,65.55704290838459,23.337372804336436,58.7000761226561,73.61116470784853,Low,0
Feb,Saturday,8,Vegetative/Tillering,2.2859322062206835,0.9166666666666666,0.21539136160284755,6.583382034751699,68.01643730937197,26.072735816426,61.225212767273916,68.49462827482753,Low,0
Feb,Saturday,9,Vegetative/Tillering,1.2949755445793292,0.9583333333333334,0.13291272783528743,6.7998934387774135,69.06557131242361,27.285703372393986,56.69924178789486,70.79720549549644,Low,0
Feb,Saturday,10,Vegetative/Tillering,1.1005350310815922,1.0,0.10335250760787063,6.510114528509759,66.94591485730905,26.92350543600596,57.90624350740499,69.34836334796401,Low,0
Feb,Saturday,11,Vegetative/Tillering,1.9246925747308508,1.0416666666666667,0.11706244349750604,6.490812733471999,59.34103300962438,29.275826188777216,55.766764372272036,72.74134608677787,Low,0
Feb,Saturday,12,Vegetative/Tillering,0.8158826323851183,1.0833333333333333,0.16081721203995358,6.807197932431613,66.80616472235668,31.1098082774344,57.693202829525475,72.49402280564503,Low,0
Feb,Saturday,13,Vegetative/Tillering,0.9433358395985391,1.125,0.15719063953488013,6.632388844401896,69.60033480429404,30.013963463253297,57.80510335824377,74.14030801535674,Low,0
Feb,Saturday,14,Vegetative/Tillering,0.6665129161889215,1.1666666666666667,0.1738210339625612,6.833849484656487,61.107815826613816,30.042042054712514,58.560982561430826,71.09287778810989,Low,0
Feb,Saturday,15,Vegetative/Tillering,1.3113539558019527,1.2083333333333333,0.14319228373065818,6.591558791848134,69.6860248452157,30.417144093081074,55.94046178924073,63.4864247710117,Low,0
Feb,Saturday,16,Vegetative/Tillering,1.1922723231841288,1.25,0.09973100406358425,6.673306689113988,60.817542314390046,29.266043266307868,62.446077218202674,69.80824549233094,Low,0
Feb,Saturday,17,Vegetative/Tillering,1.570547586225656,1.2916666666666667,0.07691735893578623,6.71792907967365,69.1453120970484,28.18031928499124,60.916641588500156,74.79856593002388,Low,0
Feb,Saturday,18,Vegetative/Tillering,1.9668725572246002,1.3333333333333333,0.26955050263292457,7.007791122712965,68.20319688531457,23.628027024897502,55.15351068185665,70.0729300610752,Low,0
Feb,Saturday,19,Vegetative/Tillering,2.8812261060479454,1.375,0.21047295830001125,6.964427320181785,65.71500022402584,25.5419859024042,59.57791881750229,66.09157614552254,Low,0
Feb,Saturday,20,Vegetative/Tillering,2.7548397762063237,1.4166666666666667,0.1936587058680384,6.976820861649484,71.00389111737475,22.884120348342343,54.80423536077235,72.0087463026156,Low,0
Feb,Saturday,21,Vegetative/Tillering,2.914478386033917,1.4583333333333333,0.20261435126183153,6.634149886443339,72.79642762478551,24.34418113121932,63.5267671780799,72.19556509752877,Low,0
Feb,Saturday,22,Vegetative/Tillering,2.224420890826267,1.5,0.1255136590825214,6.608633589880312,69.56638414562619,21.749139175380574,64.34232511946988,69.06741922035206,Low,0
Feb,Saturday,23,Vegetative/Tillering,2.8467503808271952,1.5416666666666667,0.16334823983697325,6.93497887061875,71.5018561881045,20.964239515480873,59.33278811833436,70.26854390393618,Low,0
Feb,Sunday,0,Reproductive/Flowering,2.602276345879274,1.5833333333333333,0.24607346312667533,7.024605124933444,68.92211100543214,22.380774765380142,57.84206449793599,69.96509349052464,Low,0
Feb,Sunday,1,Reproductive/Flowering,2.4946004168267133,1.625,0.20540716542549547,6.989486839738459,65.76426148994207,22.15470213619427,58.40719201721327,73.38975758112363,Low,0
Feb,Sunday,2,Reproductive/Flowering,2.6561448507888286,1.6666666666666667,0.15967770325274294,6.771379898516638,71.25847568656731,22.897931186891856,59.038773753172585,72.22483195825129,Low,0
Feb,Sunday,3,Reproductive/Flowering,2.111934848553601,1.7083333333333333,0.1298598347309267,6.894981397942311,72.06815147542125,23.234942675669085,60.0795182922262,69.16889542449314,Low,0
Feb,Sunday,4,Reproductive/Flowering,2.457945727559556,1.75,0.1633993493759291,6.912092307293877,71.65823145459785,22.305164684096404,64.51140894221898,72.05947376527782,Low,0
Feb,Sunday,5,Reproductive/Flowering,3.0928235140056377,1.7916666666666667,0.1862805151973402,6.806573198998045,66.94702477441085,22.182433563349818,63.26680543092719,70.25077240241541,Low,0
Feb,Sunday,6,Reproductive/Flowering,3.3369484426186298,1.8333333333333333,0.2751438223201004,6.805229614618466,68.47888744786286,22.7931758556129,63.313013511202286,75.7359850678219,Low,0
Feb,Sunday,7,Reproductive/Flowering,2.69840212225976,1.875,0.18087069489768556,6.770923592538057,68.28422960982874,23.950104539096518,60.911734812018544,74.31757766635437,Low,0
Feb,Sunday,8,Reproductive/Flowering,2.8036468874804843,1.9166666666666667,0.14845685974235667,6.587031360526452,67.04280162739288,25.574084232223033,56.939164828174846,71.7776349735156,Low,0
Feb,Sunday,9,Reproductive/Flowering,3.275997561852128,1.9583333333333333,0.19984885631995025,6.566121165752778,71.45077398755718,28.192626365810096,58.08982987110511,72.2859937198199,Low,0
Feb,Sunday,10,Reproductive/Flowering,2.4930629585081716,2.0,0.19157842035593434,6.541669622749258,70.27018271078066,29.6374741452671,60.58216378945729,74.61777390317829,Low,0
Feb,Sunday,11,Reproductive/Flowering,2.16937157130908,2.0416666666666665,0.129415159067169,6.367888521104502,65.84598520465707,30.449923938309826,56.796699709467724,71.64930735985442,Low,0
Feb,Sunday,12,Reproductive/Flowering,2.7564041731624926,2.0833333333333335,0.20298589803490386,6.687617194013601,71.66962693414105,30.039839527274168,61.31194885165632,73.97931464449206,Low,0
Feb,Sunday,13,Reproductive/Flowering,2.975668401098499,2.125,0.23670376835696744,6.6752492607422775,71.84381205067642,28.663168809797455,62.815370564231046,75.77679865717171,Low,0
Feb,Sunday,14,Reproductive/Flowering,3.2162620369017487,2.1666666666666665,0.20526004583632046,6.798815667997961,70.1227106388768,30.055858428340308,62.036036175874976,70.8561281687101,Low,0
Feb,Sunday,15,Reproductive/Flowering,4.064409782887854,2.2083333333333335,0.19371296425745754,6.904783606940074,72.90953950696287,28.976366933077713,61.915568418754994,76.1986960856316,Low,0
Feb,Sunday,16,Reproductive/Flowering,4.1601059188259075,2.25,0.20549218265569247,6.922984908004338,69.58465185387611,28.525871844535768,54.801152050130796,75.47112555959797,Low,0
Feb,Sunday,17,Reproductive/Flowering,4.322710329397046,2.2916666666666665,0.17000849905176102,6.965433096985318,73.20998047797877,26.826045700695783,64.40006739001329,72.70473033928566,Low,0
Feb,Sunday,18,Reproductive/Flowering,5.0,2.3333333333333335,0.24031576680641126,6.588783244659459,75.51476994826065,25.829478028567983,55.69784400990395,70.97355332859938,Low,0
Feb,Sunday,19,Reproductive/Flowering,4.983570662026663,2.375,0.25546656503971354,6.5048911254383315,75.79806477932037,23.323746968265258,59.94175235846253,72.67361217855121,Low,0
Feb,Sunday,20,Reproductive/Flowering,4.380688280929169,2.4166666666666665,0.1981350665529375,6.959777453292398,74.77140569827037,21.3504260506253,62.25563063135822,71.47208109363883,Low,0
Feb,Sunday,21,Reproductive/Flowering,4.421552068532154,2.4583333333333335,0.29842830699927086,7.010986721085311,74.60020845093831,23.353153186056712,61.475792577954465,70.10140369349054,Low,0
Feb,Sunday,22,Reproductive/Flowering,4.471880742162655,2.5,0.2595268008948566,7.068589531858288,73.70382638665902,21.59927390930588,56.566491018862116,73.41402132165088,Low,0
Feb,Sunday,23,Reproductive/Flowering,4.092413378674067,2.5416666666666665,0.1595631276036562,6.864170338241551,73.8941819939264,22.375265300205083,57.10502313128891,69.52452258501924,Low,0
Feb,Monday,0,Reproductive/Flowering,3.5511968468600164,2.5833333333333335,0.1467507316237359,6.406014111272113,74.02693641908452,23.13861187728227,62.161214867220345,72.43486352503463,Low,0
Feb,Monday,1,Reproductive/Flowering,4.602441411450172,2.625,0.20062020219162066,6.831713053903291,74.35486324086114,23.10644330098366,62.83253504130847,72.46774576548192,Low,0
Feb,Monday,2,Reproductive/Flowering,4.625979175521759,2.6666666666666665,0.29071096862461854,6.867316177764709,75.23753980291558,23.01087856393228,57.97838846616151,69.86810135807264,Low,0
Feb,Monday,3,Reproductive/Flowering,4.179761901595919,2.7083333333333335,0.25567630740923064,6.9986141056525275,73.15908643850197,22.61729321160123,62.47777791689493,74.92743005778884,Low,0
Feb,Monday,4,Reproductive/Flowering,4.545499116183747,2.75,0.29046740474913374,7.02552012521454,73.11568004588185,22.95420264682948,56.754179560917805,72.71040489892303,Low,0
Feb,Monday,5,Reproductive/Flowering,4.403644287203585,2.7916666666666665,0.23044843220978606,6.924131955018087,75.1145056231238,23.473470506084922,63.173167771911366,76.52835827523597,Low,0
Feb,Monday,6,Reproductive/Flowering,4.2186374361520595,2.8333333333333335,0.21813380942512176,6.6660645271788015,72.51427795842453,22.715018075196298,58.648474534698906,72.66961749281683,Low,0
Feb,Monday,7,Reproductive/Flowering,4.424681352940457,2.875,0.18695420181138958,6.586977799467534,74.89152904904148,22.685405594199167,61.541540373754614,72.2647620611896,Low,0
Feb,Monday,8,Reproductive/Flowering,3.7626141876099695,2.9166666666666665,0.2263042920623371,6.827264357106629,72.58678479328401,25.42324334802039,61.03780692311348,71.01964321288118,Low,0
Feb,Monday,9,Reproductive/Flowering,3.925478675385442,2.9583333333333335,0.21127108104254033,6.551065063039685,72.31327946788477,27.920014472247537,64.7819719837338,73.37882301507324,Low,0
Feb,Monday,10,Reproductive/Flowering,4.757541324310768,3.0,0.23072500644090405,6.956105052539976,74.26181351405252,28.127975112776717,62.02639008610101,73.39294558051421,Low,0
Feb,Monday,11,Reproductive/Flowering,4.810247620106074,3.0416666666666665,0.29688796993950123,6.34249685345486,74.02835230342322,30.878835854786267,59.50269443607845,75.13566683808375,Moderate,0
Feb,Monday,12,Reproductive/Flowering,4.463817506588664,3.0833333333333335,0.227173341564457,6.762681398707219,70.92155967163477,30.12387943492144,62.37877811663252,73.44879747583335,Moderate,0
Feb,Monday,13,Reproductive/Flowering,4.094303546263519,3.125,0.26894193919825693,6.7133683101973345,74.09211870135583,30.443199017087547,67.72723971766293,78.5160442388864,Moderate,0
Feb,Monday,14,Reproductive/Flowering,3.808248061781327,3.1666666666666665,0.15962358840454172,6.609168719995751,73.10288899883183,31.074218656575976,63.5203687638605,74.42179316030187,Moderate,0
Feb,Monday,15,Reproductive/Flowering,3.622461895732299,3.2083333333333335,0.3046454755435098,6.504432005244567,73.89324905465449,29.43647102537192,61.122498958798914,70.8141575386098,Moderate,0
Feb,Monday,16,Reproductive/Flowering,3.3991690458031174,3.25,0.19191475998364002,6.309820163235347,70.5950919053139,28.77067348832679,58.79916108598607,70.60255914258595,Moderate,0
Feb,Monday,17,Reproductive/Flowering,3.7845951623860716,3.2916666666666665,0.23936631987424273,6.595609578475879,76.3737956406799,28.08221720206916,59.45052549817685,74.61824367211429,Moderate,0
Feb,Monday,18,Reproductive/Flowering,2.922107743207979,3.3333333333333335,0.2233722454983274,6.649977226073779,69.75358668799988,24.668253420273516,63.33997876490569,70.73542971358245,Moderate,0
Feb,Monday,19,Reproductive/Flowering,3.3498823163561577,3.375,0.1863395723457637,6.953708664466615,69.78949827486538,23.92692894174047,58.64259228303498,74.76836096135165,Moderate,0
Feb,Monday,20,Reproductive/Flowering,3.1639046109667057,3.4166666666666665,0.22776366842623452,6.626011145565028,69.10600122663476,23.038322636303295,61.3080662832374,75.52034761251605,Moderate,0
Feb,Monday,21,Reproductive/Flowering,3.3522362367161436,3.4583333333333335,0.23429101709824696,6.857586508661371,68.07752216165942,22.427480118674076,65.61285673701823,75.58060544044334,Moderate,0
Feb,Monday,22,Reproductive/Flowering,2.847578603985495,3.5,0.1662294075630355,6.526663829635547,73.39944443435145,23.548867049661983,61.75117717907096,71.10828187443582,Moderate,0
Feb,Monday,23,Reproductive/Flowering,3.5304194462997485,3.5416666666666665,0.18371497831112746,6.882230755233288,74.71514145265672,21.114261313450466,58.0626046261077,75.58492793736883,Moderate,0
Feb,Tuesday,0,Reproductive/Flowering,4.092996455895126,3.5833333333333335,0.22391065021934417,6.394368957822113,74.5246818199178,21.022998585643094,68.73354355801783,75.2856397625413,Moderate,0
Feb,Tuesday,1,Reproductive/Flowering,4.460774821867366,3.625,0.22747708237769743,7.144792073828053,72.41368195693012,22.990749213298173,67.48734489383773,72.9594890148802,Moderate,0
Feb,Tuesday,2,Reproductive/Flowering,3.675426697698842,3.6666666666666665,0.26064522079720476,6.741093158597193,75.94355943759547,23.06764577194622,63.70352967513728,74.08066380208571,Moderate,0
Feb,Tuesday,3,Reproductive/Flowering,4.064919674278869,3.7083333333333335,0.2462163783300495,6.27618386969016,72.55236889522598,22.22039999453453,66.02726623401726,75.65736606545224,Moderate,0
Feb,Tuesday,4,Reproductive/Flowering,4.216750954101333,3.75,0.22295394892132517,6.642875361598674,73.08215062738991,22.69531552003658,61.39906095659708,72.79703892210568,Moderate,0
Feb,Tuesday,5,Reproductive/Flowering,3.4476641248056556,3.7916666666666665,0.22740433167490998,6.610313314312966,74.64891206040573,22.971165582105126,64.37336343299636,75.23381529772415,Moderate,0
Feb,Tuesday,6,Reproductive/Flowering,3.4993573246359966,3.8333333333333335,0.13585107539301572,6.668594094734287,73.21627874808813,21.723909435318603,60.929380584457746,78.09317153801504,Moderate,0
Feb,Tuesday,7,Reproductive/Flowering,3.7171181847400896,3.875,0.1913920705413913,6.693019217182042,76.8232899208854,23.589688771611076,58.13375491013514,76.8893069925568,Moderate,0
Feb,Tuesday,8,Reproductive/Flowering,3.9856907568823328,3.9166666666666665,0.22971600421321942,6.603261149556903,73.56310233715566,25.997850856299372,69.97576783252204,74.68413215045264,Moderate,0
Feb,Tuesday,9,Reproductive/Flowering,4.038409898323932,3.9583333333333335,0.2599980400243341,6.544252982385949,72.39812215682,28.086189582784844,57.980385800130094,75.0645231883696,Moderate,0
Feb,Tuesday,10,Reproductive/Flowering,4.124886650139903,4.0,0.23011409296645036,6.488483773860341,72.17611819341617,27.696886318657853,63.09267439317372,73.13400932164626,Moderate,0
Feb,Tuesday,11,Reproductive/Flowering,4.719509778844233,4.041666666666667,0.2890261094703238,6.8190562037428855,71.1328311148449,29.424392837671338,63.05763005553452,73.2044256485825,Moderate,0
Feb,Tuesday,12,Reproductive/Flowering,5.0,4.083333333333333,0.2753778950308842,6.879018900861159,74.94280845438759,29.979033992091036,63.74801675256856,70.63617592790813,Moderate,0
Feb,Tuesday,13,Reproductive/Flowering,3.585285693156369,4.125,0.1925406124864122,6.606036202556955,74.39387234123004,30.70936728403421,61.93094720142446,75.10694096697351,Moderate,0
Feb,Tuesday,14,Reproductive/Flowering,3.4122983464375203,4.166666666666667,0.2004063860525561,6.656813433972477,72.88718437676219,30.16746460144752,61.96225047031568,76.18541274565854,Moderate,0
Feb,Tuesday,15,Reproductive/Flowering,3.322135383263349,4.208333333333333,0.21734814359993374,6.47256978402268,71.51374093295284,29.146044076177066,62.615235200170986,74.30205795245904,Moderate,0
Feb,Tuesday,16,Reproductive/Flowering,2.522456827093906,4.25,0.1673591763273749,6.6808561584353034,67.56402749739271,29.628504484350163,63.63960544402236,72.28585617883105,Moderate,0
Feb,Tuesday,17,Reproductive/Flowering,2.6606648820171346,4.291666666666667,0.24011177827750915,6.749920790744089,70.3393417528666,26.931512429573214,62.194550915709314,74.64448785548628,Moderate,0
Feb,Tuesday,18,Reproductive/Flowering,3.2974127961194637,4.333333333333333,0.1636299052027565,6.688822357913662,73.43941812107745,25.6123928225233,61.99491656252532,77.8335780861905,Moderate,0
Feb,Tuesday,19,Reproductive/Flowering,2.7957891023588086,4.375,0.20095845332382373,6.840563955554779,71.07133235860111,22.881969362914813,58.23667017118188,76.72412080225699,Moderate,0
Feb,Tuesday,20,Reproductive/Flowering,3.0096238056535807,4.416666666666667,0.22098123361751654,6.8410060912913355,71.05656747283531,21.804099298523283,68.24104740909213,74.40548075685089,Moderate,0
Feb,Tuesday,21,Reproductive/Flowering,2.6378076758005413,4.458333333333333,0.17497454726387499,6.580936997047627,68.23682311535889,22.78786086107124,63.807097447907104,79.59774267103262,Moderate,0
Feb,Tuesday,22,Reproductive/Flowering,2.437954190532611,4.5,0.16209087812059159,6.987776328994953,71.0854536855023,22.631481565083888,62.826720283912465,81.22595914139131,Moderate,0
Feb,Tuesday,23,Reproductive/Flowering,3.2450856060245377,4.541666666666667,0.1984642947748635,6.732304469349887,65.02439581697053,22.85461359205261,60.326598116981174,73.27881013032435,Moderate,0
Feb,Wednesday,0,Reproductive/Flowering,3.042922602130781,4.583333333333333,0.22449301300075064,7.0718661009137085,71.56870566284417,22.815785828756535,60.08915742145047,75.06237141290757,Moderate,0
Feb,Wednesday,1,Reproductive/Flowering,3.3338911910972766,4.625,0.18585259986395705,6.827498137659918,76.64198282052266,24.04517122903612,65.67995934414262,77.41041158143737,Moderate,0
Feb,Wednesday,2,Reproductive/Flowering,2.545898272116214,4.666666666666667,0.1462352152610801,7.140617269396293,66.59340907841523,21.776712938042472,62.6204128447464,73.39464241548995,Moderate,0
Feb,Wednesday,3,Reproductive/Flowering,3.5584636489257804,4.708333333333333,0.24923205841790044,7.007856535396377,71.55757384801915,21.07946100525217,64.9631937537187,77.79991891698012,Moderate,0
Feb,Wednesday,4,Reproductive/Flowering,3.8702075836995333,4.75,0.2307305661452339,6.830375769018213,72.77267622062942,21.53455760314278,59.04354959889656,75.93075256698702,Moderate,0
Feb,Wednesday,5,Reproductive/Flowering,3.7898839582771453,4.791666666666667,0.25002210902406174,6.6551595860384465,71.670555871752,21.812078531334727,67.7405645319299,76.60617955705062,Moderate,0
Feb,Wednesday,6,Reproductive/Flowering,4.063596133618297,4.833333333333333,0.24816651393481787,6.662284777780894,75.32537920580188,21.59553845070647,65.80413230622833,74.23848872233584,Moderate,0
Feb,Wednesday,7,Reproductive/Flowering,3.4039042973733857,4.875,0.28139373322420347,6.844994729050358,72.61427234240674,24.2300961497664,62.85681192170608,73.70782494096765,Moderate,0
Feb,Wednesday,8,Reproductive/Flowering,3.998231774315245,4.916666666666667,0.2589798156041102,6.735539787521574,73.4003570034512,26.84819383738608,64.50287625526873,70.71341966854453,Moderate,0
Feb,Wednesday,9,Reproductive/Flowering,3.823634409215858,4.958333333333333,0.19024807556477774,6.577555592422918,74.27126770445662,28.5946456732458,65.32301307860446,79.38903557447742,Moderate,0
Feb,Wednesday,10,Reproductive/Flowering,3.717294310153842,5.0,0.22939173660695147,6.826954310651485,72.45500776251271,29.033098661221523,59.089058348756595,78.03069944095061,Moderate,0
Feb,Wednesday,11,Reproductive/Flowering,3.4846102132078594,5.041666666666667,0.1876031500936724,6.650042308730347,78.22279348934589,31.295768715582565,68.13348067416376,77.36048084898108,Moderate,0
Feb,Wednesday,12,Reproductive/Flowering,3.2317716521232462,5.083333333333333,0.18489987556875698,6.815181893971109,71.55894583240926,29.889324852201455,64.54978299424891,76.54789871053202,Moderate,0
Feb,Wednesday,13,Reproductive/Flowering,3.5755432628487522,5.125,0.15995106754968336,6.500880616497749,72.47186802781643,29.06898476639806,60.9876931374019,69.91651398139635,Moderate,0
Feb,Wednesday,14,Reproductive/Flowering,3.6619252885968274,5.166666666666667,0.20153417084959185,6.8271504139649934,68.86768459348583,31.016965751765124,59.81022503000632,73.79933039578313,Moderate,0
Feb,Wednesday,15,Reproductive/Flowering,3.9041941795464985,5.208333333333333,0.23668105458737698,6.781001071035209,71.78316537630475,28.111875429820103,66.06129322415215,75.03688094924449,Moderate,0
Feb,Wednesday,16,Reproductive/Flowering,3.8075141393560443,5.25,0.2128770938042202,6.907677797979376,74.93278929805413,28.025649441584395,63.73347759168102,72.97371745206325,Moderate,0
Feb,Wednesday,17,Reproductive/Flowering,3.954371709342765,5.291666666666667,0.18038139861986494,6.8717523671168195,70.3195784017029,27.779008200808107,64.54780270879628,71.44327844599404,Moderate,0
Feb,Wednesday,18,Reproductive/Flowering,3.6595777352685106,5.333333333333333,0.15818376674532175,6.710745916939054,67.96787221604052,25.76416472890144,63.179993663668846,73.23367621008671,Moderate,0
Feb,Wednesday,19,Reproductive/Flowering,4.5995858154770515,5.375,0.30890425312874614,6.7226965037639035,74.60363689952007,24.002405261353307,60.09176893247185,75.79994070482684,Moderate,0
Feb,Wednesday,20,Reproductive/Flowering,3.7039398691311023,5.416666666666667,0.22397912308473006,7.11199005906021,75.1309447008646,21.430367973743994,64.62585336978437,75.80058078713309,Moderate,0
Feb,Wednesday,21,Reproductive/Flowering,4.21446185077795,5.458333333333333,0.19651912533345275,6.724702304184447,73.69947089925934,22.36635808845333,62.50739458254864,77.94589041817763,Moderate,0
Feb,Wednesday,22,Reproductive/Flowering,4.711795544493475,5.5,0.25395730970193753,6.899549115925959,74.13606010153165,23.177929990990233,63.03492662052059,80.83503258556578,Moderate,0
Feb,Wednesday,23,Reproductive/Flowering,4.152290572369847,5.541666666666667,0.30042877703245924,6.707985726407414,69.74852149820568,22.390974333228815,70.23100811711674,77.39148713357832,Moderate,0
Feb,Thursday,0,Reproductive/Flowering,5.0,5.583333333333333,0.2667161825876063,6.451698756130916,76.40450824540439,21.710819296287152,66.60720741329413,76.4361257903572,Moderate,0
Feb,Thursday,1,Reproductive/Flowering,5.0,5.625,0.14745262458400135,6.570924423922096,76.82255021776609,21.376969231522136,66.78029472927378,81.37581628015423,Moderate,0
Feb,Thursday,2,Reproductive/Flowering,5.0,5.666666666666667,0.33783020907954303,6.859655894270624,71.9365350017978,21.727324333635536,72.16156938231268,72.92015893017025,Moderate,0
Feb,Thursday,3,Reproductive/Flowering,5.0,5.708333333333333,0.1802763731898368,6.898370700899947,77.76906489739444,22.688867001931488,65.15372161654035,71.67789225345774,Moderate,0
Feb,Thursday,4,Reproductive/Flowering,4.999090954138762,5.75,0.23776685576527992,6.846410186511313,77.02920934171725,22.649881809887766,64.35912260934793,74.65819147433827,Moderate,0
Feb,Thursday,5,Reproductive/Flowering,4.748614613879676,5.791666666666667,0.19904621484584215,6.992751995457978,77.1613069584059,21.734594319523467,61.96237795182628,78.90546861974576,Moderate,0
Feb,Thursday,6,Reproductive/Flowering,4.804847336280304,5.833333333333333,0.21422110955794513,6.873830941005928,76.19868379073942,20.606392462414355,62.64234442531796,77.29640063005519,Moderate,0
Feb,Thursday,7,Reproductive/Flowering,5.0,5.875,0.2549543389743923,6.6055900876210405,76.80736541762263,24.491177682588248,57.858688700355366,74.05419073615852,Moderate,0
Feb,Thursday,8,Reproductive/Flowering,5.0,5.916666666666667,0.17251417719204867,6.842555832758873,76.54144179740348,25.127903993760263,66.37127001641973,75.05726366151279,Moderate,0
Feb,Thursday,9,Reproductive/Flowering,4.578843326391139,5.958333333333333,0.23131248766764284,6.724316906996162,76.2261686263411,27.914168398082094,60.1992370080688,73.77129124877261,Moderate,0
Feb,Thursday,10,Reproductive/Flowering,4.82959743876962,6.0,0.28089692076518813,6.588528096918452,71.45351831479925,28.02476414604204,66.70820794586726,73.77122897525689,Moderate,0
Feb,Thursday,11,Reproductive/Flowering,5.0,6.041666666666667,0.21548658863943573,6.7656670155597824,72.49788113275697,28.792430580283504,63.87092194911828,80.75264443687821,Moderate,0
Feb,Thursday,12,Reproductive/Flowering,5.0,6.083333333333333,0.19634002290202454,6.672332217534207,74.02798419962046,30.296960823262257,64.3841761442931,76.51641257812422,Moderate,0
Feb,Thursday,13,Reproductive/Flowering,5.0,6.125,0.24012432142454904,6.519682510079961,75.24035965665489,32.2611593840211,63.872896209566804,81.29895522079728,Low,0
Feb,Thursday,14,Reproductive/Flowering,4.868475952811643,6.166666666666667,0.22986994666849292,6.618879451403446,75.96061613336431,30.773647290347846,68.1582232866489,74.64996405376135,Moderate,0
Feb,Thursday,15,Reproductive/Flowering,4.230495961931111,6.208333333333333,0.20492943058657137,6.921566188658824,74.30255361509236,29.691726382584033,67.62832707980928,78.10281253307024,Moderate,0
Feb,Thursday,16,Reproductive/Flowering,3.7014042386869668,6.25,0.1709429933030577,6.927308810559801,74.61758179576077,28.916733088849014,63.913325783036136,77.44270665079141,Moderate,0
Feb,Thursday,17,Reproductive/Flowering,2.8962188179765906,6.291666666666667,0.21057693079092907,6.756935559183477,72.74791576030451,25.962025725681393,61.30298777076011,79.07420393249747,Moderate,0
Feb,Thursday,18,Reproductive/Flowering,3.0446750586555456,6.333333333333333,0.21695109936684923,6.748585124174635,69.06244992418573,24.94819761633842,66.77166731599611,77.51137126203507,Moderate,0
Feb,Thursday,19,Reproductive/Flowering,3.0298382325036375,6.375,0.1584483201066139,6.522355356598316,71.24876397810968,22.1464243796128,61.07627508575422,79.33770848318117,Moderate,0
Feb,Thursday,20,Reproductive/Flowering,2.861531168129322,6.416666666666667,0.15908440164210147,7.065602233671012,68.67201170806669,23.758899115661297,59.33541612664551,78.26049403127449,Moderate,0
Feb,Thursday,21,Reproductive/Flowering,1.5925401013577947,6.458333333333333,0.16459072232414526,6.945087907376365,66.94560216655157,23.596908823324597,65.49504960546318,74.14682027521239,Moderate,1
Feb,Thursday,22,Reproductive/Flowering,1.2800916258053274,6.5,0.11822828261206485,6.9075124604122,67.21580264002978,22.68925482097193,67.65546976540968,78.70678691106848,Moderate,1
Feb,Thursday,23,Reproductive/Flowering,2.0888749581139834,6.541666666666667,0.17847504334723718,6.3658020896866745,61.695875746530184,22.483092082467365,62.78474449661837,76.61725242314415,Moderate,0
Mar,Friday,0,Reproductive/Flowering,1.9936507639496168,6.583333333333333,0.22122289760030261,6.8028601571480145,73.10724991275845,21.133727998001937,66.11355306470429,76.13111771876792,Moderate,1
Mar,Friday,1,Reproductive/Flowering,2.385788045152273,6.625,0.17755090728581582,6.756623432025572,70.35870866316041,22.199560031799447,63.652978564786906,79.80786110841869,Moderate,0
Mar,Friday,2,Reproductive/Flowering,1.9467692753420893,6.666666666666667,0.12619265902317878,6.878273076353261,66.9808397099942,23.808913502723115,67.06598004605746,80.37681303618471,Moderate,1
Mar,Friday,3,Reproductive/Flowering,2.852587276133992,6.708333333333333,0.205038304309611,6.694112461583408,74.20094897318205,22.48013279855657,68.18508905923665,76.86400375589498,Moderate,0
Mar,Friday,4,Reproductive/Flowering,2.927147855236066,6.75,0.1869607808477151,6.741942918632909,69.83029251159417,21.923282827030484,64.11140435655393,77.19650437090827,Moderate,0
Mar,Friday,5,Reproductive/Flowering,3.191495699408772,6.791666666666667,0.1945318961730233,6.90946617693189,71.42462845023718,20.96854347199711,61.81719052683242,74.60511591337166,Moderate,0
Mar,Friday,6,Reproductive/Flowering,4.336587207838303,6.833333333333333,0.2450509807467152,6.621067225191268,72.93357767801668,23.479244582184645,60.52890819216539,73.56109884707473,Moderate,0
Mar,Friday,7,Reproductive/Flowering,4.955493409494337,6.875,0.26807364433459985,6.647685810523896,78.69716785767308,24.09910043082839,67.67706529738075,77.46714592406408,Moderate,0
Mar,Friday,8,Reproductive/Flowering,4.662505047371391,6.916666666666667,0.23780520197585045,6.780688552703221,74.48004270107957,24.4406828302502,61.490300524876524,80.05305287203552,Moderate,0
Mar,Friday,9,Reproductive/Flowering,4.273753489825875,6.958333333333333,0.22472002616082198,6.9540748385647335,74.05597657706112,26.623505869212632,66.01607272360711,76.63975243064972,Moderate,0
Mar,Friday,10,Reproductive/Flowering,4.049732746066463,7.0,0.29346727081823026,6.8439102310123365,75.62692289661041,27.607621445857735,67.23222120532755,81.64240082636705,Moderate,0
Mar,Friday,11,Reproductive/Flowering,4.2212065066416224,7.041666666666667,0.267549552627796,6.863912390568103,74.80117453086204,29.477356122649773,63.39609436434838,77.56023168708708,Moderate,0
Mar,Friday,12,Reproductive/Flowering,4.0791867352989035,7.083333333333333,0.2511537825147535,6.66879260802158,73.18135203444923,30.340294473144844,64.40136744946014,77.57039335385785,Moderate,0
Mar,Friday,13,Reproductive/Flowering,3.813858593895471,7.125,0.21993867295319366,6.932027649052277,74.87404257006406,29.97242634857718,67.89713034252033,77.35018739032378,Moderate,0
Mar,Friday,14,Reproductive/Flowering,4.411949953569174,7.166666666666667,0.19509773558290527,6.3371462549701025,79.16564634742193,30.796060574644095,62.47541863799572,80.52689810116087,Moderate,0
Mar,Friday,15,Reproductive/Flowering,4.204534276491321,7.208333333333333,0.2645718804199728,7.031816168278283,74.22570316117802,29.645792735597304,62.170865184897714,75.67564024090747,Moderate,0
Mar,Friday,16,Reproductive/Flowering,5.0,7.25,0.2500502951351308,7.057624089012977,75.73352017574513,29.479501767961942,64.1968263363728,77.75051624835268,Moderate,0
Mar,Friday,17,Reproductive/Flowering,4.8797420075832605,7.291666666666667,0.22179263470577185,6.788533495630561,75.55263498543799,27.077163152405294,68.73373798622913,76.70448678470063,Moderate,0
Mar,Friday,18,Reproductive/Flowering,5.0,7.333333333333333,0.2364900841244307,6.838072318940151,78.12085900166304,28.282330386549383,69.73219328381082,76.66899657081247,Moderate,0
Mar,Friday,19,Reproductive/Flowering,5.0,7.375,0.21118361018166482,6.750106377085979,74.30160452993415,23.703576492871345,64.6036509386778,78.16080252786249,Moderate,0
Mar,Friday,20,Reproductive/Flowering,5.0,7.416666666666667,0.28200651650450514,6.749992654547869,74.94336488057668,21.652336006595302,62.763635115865604,77.78960843971147,Moderate,0
Mar,Friday,21,Reproductive/Flowering,4.814316877915925,7.458333333333333,0.26426421985716064,6.6792339390355675,71.97947460874494,21.553959559923396,68.09234384775876,80.7020949133017,Moderate,0
Mar,Friday,22,Reproductive/Flowering,4.22792086484336,7.5,0.23205515777457628,6.770584125791055,71.27927435034411,22.206247418756554,59.89211325501858,78.045981166167,Moderate,0
Mar,Friday,23,Reproductive/Flowering,4.32649749031201,7.541666666666667,0.22666494218091582,6.897577458699415,72.84799397135289,20.999371127307374,65.64283256244428,79.4604310291225,Moderate,0
Mar,Saturday,0,Reproductive/Flowering,4.66193680077772,7.583333333333333,0.21272500931569852,6.848919338363482,74.57677433374569,22.61065027506225,65.6682592214824,79.70272119973751,Moderate,0
Mar,Saturday,1,Reproductive/Flowering,4.536363207779072,7.625,0.15885653766292857,7.1573271981392,77.92543835021,20.850756984348155,69.68148353057316,82.78023083385699,Moderate,0
Mar,Saturday,2,Reproductive/Flowering,3.8431953579023386,7.666666666666667,0.16662744256445614,6.792984367155772,73.79565446881605,22.504336739245783,69.98505561891514,78.51487091145076,Moderate,0
Mar,Saturday,3,Reproductive/Flowering,3.2239799752439544,7.708333333333333,0.17460691249792373,6.525100879887051,69.4133949202059,21.29399860472292,62.97241432615819,78.52190484941457,Moderate,0
Mar,Saturday,4,Reproductive/Flowering,2.66914664251143,7.75,0.15547484269230089,7.077426432708776,68.4499909712992,22.069965274095924,66.30303410642493,81.13342980277456,Moderate,0
Mar,Saturday,5,Reproductive/Flowering,2.0436665272252728,7.791666666666667,0.18121928504219412,6.549848745123653,71.15429703180196,22.858632319305887,64.08818697327538,78.48082622868556,Moderate,0
Mar,Saturday,6,Reproductive/Flowering,2.3521216251649237,7.833333333333333,0.20720532159818933,6.648536181202507,71.3983125976542,24.21823014710108,64.92001784527979,80.51681254519221,Moderate,0
Mar,Saturday,7,Reproductive/Flowering,3.07272472789861,7.875,0.192322745535929,6.812022259617779,70.93083916740507,23.29276705502559,67.65216332367393,85.11561934717535,Moderate,0
Mar,Saturday,8,Reproductive/Flowering,3.1752414066620784,7.916666666666667,0.24869312789580217,6.80170427550639,70.23552644491133,25.72581595339935,64.79531763372421,76.82345167658356,Moderate,0
Mar,Saturday,9,Reproductive/Flowering,2.2444692012054945,7.958333333333333,0.14871030984460532,6.450562430466759,71.13659175430246,26.783911475049432,66.38177636958409,83.10000949930425,Moderate,0
Mar,Saturday,10,Reproductive/Flowering,2.3652013058861785,8.0,0.17438623321096475,6.559128663427314,67.18982888067745,27.9337556016956,68.6718164958393,78.04031676255714,Moderate,0
Mar,Saturday,11,Reproductive/Flowering,2.4697957077874637,8.041666666666666,0.17996034141997075,6.410797572782288,70.21157049480495,29.010772279243717,70.34548517138779,82.61502998586022,Moderate,0
Mar,Saturday,12,Reproductive/Flowering,3.563523746298667,8.083333333333334,0.24731461516667133,6.761903204228599,76.59777497290347,30.83367647796414,66.66604043442837,80.98594797139774,Moderate,0
Mar,Saturday,13,Reproductive/Flowering,2.8925362277930295,8.125,0.19601945356770198,6.875740049617283,70.8527983112062,29.984555308615697,66.15329622112043,80.77165248162213,Moderate,0
Mar,Saturday,14,Reproductive/Flowering,2.7835762347323674,8.166666666666666,0.19426431787784368,6.412961050194559,68.62936400483449,31.97387345607127,62.47812952155447,78.89342546543054,Moderate,0
Mar,Saturday,15,Reproductive/Flowering,3.623161035836749,8.208333333333334,0.1526595168706415,6.842985776329589,73.01632389135128,29.91553434793514,70.55739536233217,78.64457516002541,Moderate,0
Mar,Saturday,16,Reproductive/Flowering,3.7722734996401135,8.25,0.18281010266862643,6.862715524016364,71.61343896110559,27.821643330804978,67.28710320348446,77.46581438322941,Moderate,0
Mar,Saturday,17,Reproductive/Flowering,3.946615727284724,8.291666666666666,0.2570237227615335,6.587823943778623,70.18364605797652,27.06955426915381,66.20867537346008,79.28652343707454,Moderate,0
Mar,Saturday,18,Reproductive/Flowering,3.8929525221256074,8.333333333333334,0.14468683382723876,6.377566888730163,74.24515810684568,25.204592320908475,66.05514766659009,78.81105471767329,Moderate,0
Mar,Saturday,19,Reproductive/Flowering,3.945383395935627,8.375,0.26563932773346266,6.547745580634831,75.20458895134496,24.795222394007883,66.88196042066578,79.74837896611356,Moderate,0
Mar,Saturday,20,Reproductive/Flowering,4.196818764344544,8.416666666666666,0.24240872622201168,6.6893939902352,72.95055169028176,21.063976274747798,68.11537146964221,75.74419557948842,Moderate,0
Mar,Saturday,21,Reproductive/Flowering,3.7066470615564215,8.458333333333334,0.18650293004617913,7.070467168990884,71.64148159954286,21.302238895651353,68.48665159039179,79.32744613289721,Moderate,0
Mar,Saturday,22,Reproductive/Flowering,4.054642833447213,8.5,0.19224435666192527,6.76267908992207,71.30801201802966,21.901763105000686,70.63240568741983,82.42746579732771,Moderate,0
Mar,Saturday,23,Reproductive/Flowering,3.3527593459560867,8.541666666666666,0.27017741914359295,6.5874506028040845,71.24675122935948,22.92135743451066,66.52806552553785,81.63095467004186,Moderate,0
Mar,Sunday,0,Reproductive/Flowering,3.5274386252964267,8.583333333333334,0.2575851688591904,6.788691016593476,70.84111593486504,23.361448219858218,71.96260365779622,80.52625444101668,Moderate,0
Mar,Sunday,1,Reproductive/Flowering,3.6230127844437976,8.625,0.20639489260707253,6.527145912954921,70.17316530925861,23.479433752618274,69.8731698384477,86.87479525556246,Moderate,0
Mar,Sunday,2,Reproductive/Flowering,3.359259104935217,8.666666666666666,0.2086921881542137,6.863098590797772,75.34655951264372,22.798841215958024,66.5196058564916,79.02536673769835,Moderate,0
Mar,Sunday,3,Reproductive/Flowering,3.4097026886258868,8.708333333333334,0.18262621958378766,6.6018901437673785,72.61627208620115,22.308688370913583,61.69787881467004,80.2520698929534,Moderate,0
Mar,Sunday,4,Reproductive/Flowering,3.1909364883042013,8.75,0.2044908514315187,6.6174852170179275,72.3030377879888,23.010700649851195,66.95668679289096,76.84246250757464,Moderate,0
Mar,Sunday,5,Reproductive/Flowering,2.805570148341993,8.791666666666666,0.16655262460862447,6.858197576126921,72.00016749388563,21.45939950605463,71.37543341467098,79.45966172097681,Moderate,0
Mar,Sunday,6,Reproductive/Flowering,2.798963693847974,8.833333333333334,0.18722508650010308,7.114052949568594,71.75958529875474,20.899274222387017,64.37421060960338,84.93828532341745,Moderate,0
Mar,Sunday,7,Reproductive/Flowering,2.4539442562801743,8.875,0.24471013469877034,7.140534597835465,68.56324630947898,24.504477533799705,66.94738794238768,79.55504704445119,Moderate,0
Mar,Sunday,8,Reproductive/Flowering,2.7943861640283494,8.916666666666666,0.18651316247144384,6.549701301271361,70.75163203961098,25.041527179221383,67.19565672796534,76.64917201710993,Moderate,0
Mar,Sunday,9,Reproductive/Flowering,2.4165818609739578,8.958333333333334,0.143733780679772,6.59545076575418,68.76173549781616,27.310673029137483,69.52637977549362,82.6487472082366,Moderate,0
Mar,Sunday,10,Reproductive/Flowering,2.9194500607835767,9.0,0.14516322984011532,6.774415509220087,71.3836073954339,28.725353472442492,65.53656535665013,81.44177560552195,Moderate,0
Mar,Sunday,11,Reproductive/Flowering,2.4880436049159305,9.041666666666666,0.18665021163065507,6.876163383837137,70.15468642371457,29.781246590561988,64.09184875463414,82.54536516506329,Moderate,0
Mar,Sunday,12,Reproductive/Flowering,2.3811847882162476,9.083333333333334,0.15289828929815852,6.25909508795009,68.4495229699906,30.924656528274628,68.41000645367122,79.72612230439282,Moderate,0
Mar,Sunday,13,Reproductive/Flowering,2.2503652509591188,9.125,0.18489024124336675,6.662610725143633,66.24227915645828,31.040660150633386,64.46983894288721,77.95094033849412,Moderate,0
Mar,Sunday,14,Reproductive/Flowering,3.0034301438185196,9.166666666666666,0.13840314533596387,6.569857913950668,71.00070645909547,30.33042335118874,61.19348394357369,80.00969174224444,Moderate,0
Mar,Sunday,15,Reproductive/Flowering,3.193232166933252,9.208333333333334,0.22398955888348718,6.327739103391886,70.7552182250252,29.229138718843828,72.22111577328361,81.85586246596138,Moderate,0
Mar,Sunday,16,Reproductive/Flowering,3.1047642076321824,9.25,0.16051333467804937,6.441071876641094,67.17068960289971,28.715861530685295,69.48109198641268,80.28793264980823,Moderate,0
Mar,Sunday,17,Reproductive/Flowering,3.3434906015568875,9.291666666666666,0.20520766911362906,6.607011346041681,72.53970098151397,26.885950081529934,72.35016335625158,81.43863793320541,Moderate,0
Mar,Sunday,18,Reproductive/Flowering,2.3744653610405635,9.333333333333334,0.1675210214156151,6.737752801966809,71.1294010909829,25.688926775335528,69.32203825904662,79.12670428039357,Moderate,0
Mar,Sunday,19,Reproductive/Flowering,2.471599729668312,9.375,0.24193360692146826,6.900212921689823,74.48855230162185,26.24970621051484,68.74109476507738,81.53149132232751,Moderate,0
Mar,Sunday,20,Reproductive/Flowering,3.4783219027414543,9.416666666666666,0.21296016863856984,6.838471384304169,71.06557755993818,22.520751760706833,67.80860690026108,80.46121515509934,Moderate,0
Mar,Sunday,21,Reproductive/Flowering,3.5125645319607126,9.458333333333334,0.2759056314830286,6.9420291584857265,70.85273108360758,22.735196013630038,66.14191515531319,78.70406520952531,Moderate,0
Mar,Sunday,22,Reproductive/Flowering,3.523166423612414,9.5,0.22770514459249505,6.790151148240871,69.73675735579131,21.81061548077571,68.2363197457153,80.81862538772545,Moderate,0
Mar,Sunday,23,Reproductive/Flowering,3.7601987619356403,9.541666666666666,0.26389417632932777,6.637743848554182,72.94176084161957,23.191058733143894,65.04030254687771,79.50201963513813,Moderate,0
Mar,Monday,0,Reproductive/Flowering,4.133093294756106,9.583333333333334,0.21601939514410043,6.734676739231335,73.82406026853137,22.98321793813074,64.39231248256236,83.20957783636298,Moderate,0
Mar,Monday,1,Reproductive/Flowering,3.1645823548998377,9.625,0.21120716560465724,6.892859891888596,69.47240498218612,22.988882043724068,66.60332254923678,83.84955894474734,Moderate,0
Mar,Monday,2,Reproductive/Flowering,2.485293908407898,9.666666666666666,0.22478487332586095,6.960157495517779,69.11484561617128,22.54691299740277,71.47447687405419,82.92051114554675,Moderate,0
Mar,Monday,3,Reproductive/Flowering,2.7629320744976993,9.708333333333334,0.2207469000628842,6.737847275650906,66.17370564501576,23.202352076613415,63.90277993922426,77.5791981378147,Moderate,0
Mar,Monday,4,Reproductive/Flowering,2.59316237599958,9.75,0.2034138241364494,6.594374030411436,71.57634319806547,23.392348157307786,63.95045004759971,79.25473978225992,Moderate,0
Mar,Monday,5,Reproductive/Flowering,3.3641613768467646,9.791666666666666,0.19262631527359864,6.833896281675511,70.03262878508792,22.601479135479437,69.37392748813848,80.07522450056597,Moderate,0
Mar,Monday,6,Reproductive/Flowering,3.296650308639867,9.833333333333334,0.19685908043276146,6.864286921799604,71.34264803790973,22.283310112799743,66.35476388669001,79.67588155583975,Moderate,0
Mar,Monday,7,Reproductive/Flowering,2.508210799847547,9.875,0.22252343830230614,6.961327071533426,66.66631907703855,24.870824263742325,69.0564851354784,80.30954922917921,Moderate,0
Mar,Monday,8,Reproductive/Flowering,2.1251902700745293,9.916666666666666,0.22023665045748814,6.613481137851881,67.43574944925571,25.12276966769267,70.56957229563834,83.97978785183541,Moderate,0
Mar,Monday,9,Reproductive/Flowering,1.1212576557084768,9.958333333333334,0.1272812458679234,6.590468241376512,65.63183606666527,26.788550190377606,68.98459745277364,83.41330276301386,Moderate,1
Mar,Monday,10,Reproductive/Flowering,1.3797250921319795,10.0,0.12846156320087554,6.819803661775579,66.78875852719509,28.58701158543632,65.70326326396467,80.60703834232508,Moderate,1
Mar,Monday,11,Reproductive/Flowering,1.6107728551745535,10.041666666666666,0.12862463878990626,6.616316977891328,68.32531988346395,28.189665288468834,71.44880142558583,83.14615081664577,Moderate,1
Mar,Monday,12,Reproductive/Flowering,1.690556436048262,10.083333333333334,0.191303432451762,6.569009354373181,70.43548561348827,30.836499516305327,69.82636804781055,82.48877179783035,Moderate,1
Mar,Monday,13,Reproductive/Flowering,2.422991969354864,10.125,0.14804317346168344,6.8941751432748335,70.78060261199039,29.60466889002734,67.68048356256874,81.58451963915701,Moderate,0
Mar,Monday,14,Reproductive/Flowering,3.094907020077695,10.166666666666666,0.22598879471270356,6.418760533665591,72.85210593447896,29.797230480253184,67.53525155830472,84.53722842317924,Moderate,0
Mar,Monday,15,Reproductive/Flowering,3.046597014478427,10.208333333333334,0.21526408737119612,7.041434656159459,73.7040410546345,29.412127266675537,68.72197761843097,80.01342589810814,Moderate,0
Mar,Monday,16,Reproductive/Flowering,2.113326037301425,10.25,0.1537549363797333,6.572309405885581,69.71139825256881,28.66108131700068,66.6640488992251,81.79856550982521,Moderate,0
Mar,Monday,17,Reproductive/Flowering,2.5442067378125772,10.291666666666666,0.23834024443010876,6.862191175598157,69.5326817795122,27.087995793731437,62.70638591583983,79.03951641082816,Moderate,0
Mar,Monday,18,Reproductive/Flowering,2.8852298973476755,10.333333333333334,0.14095168565014896,6.706033464726089,72.44277556614453,25.792173075156185,69.85047323878503,79.15934302970037,Moderate,0
Mar,Monday,19,Reproductive/Flowering,3.0694935528014615,10.375,0.2548209798115862,6.7997332307909115,73.01280309864681,24.10746536573818,69.67222905961353,78.26475410444789,Moderate,0
Mar,Monday,20,Reproductive/Flowering,3.535295097812472,10.416666666666666,0.21954338269390417,6.734937801534408,73.281839910682,22.0173752338983,60.696802102909835,79.20202378883857,Moderate,0
Mar,Monday,21,Reproductive/Flowering,2.9778329084331174,10.458333333333334,0.12187450022777371,6.940337130857601,67.73754378616728,21.756444433888987,69.13202842797178,81.87441806955538,Moderate,0
Mar,Monday,22,Reproductive/Flowering,3.9366762250357934,10.5,0.2741326928796513,6.701379015584211,71.26510263389662,23.240179139484482,72.86945061666914,80.91045621856183,Moderate,0
Mar,Monday,23,Reproductive/Flowering,3.4374169314069185,10.541666666666666,0.2399628609328726,6.6989975034950815,71.20009242731564,20.691475438186636,64.2170849404794,80.9919884406502,Moderate,0
Mar,Tuesday,0,Reproductive/Flowering,3.7896288782503347,10.583333333333334,0.19975331303680205,7.105745110564712,74.1543513492726,22.210427872792415,68.28012612732786,82.11667553785367,Moderate,0
Mar,Tuesday,1,Reproductive/Flowering,3.008756506019303,10.625,0.1614536928670337,6.787790679125075,70.67832277630521,21.999880422492627,67.95405305759782,87.29643989598019,Moderate,0
Mar,Tuesday,2,Reproductive/Flowering,2.6897114859050775,10.666666666666666,0.13232545111328348,6.650224301175764,72.22904483307332,22.71003318938119,73.48123580311265,80.0216329613405,Moderate,0
Mar,Tuesday,3,Reproductive/Flowering,3.526466001182908,10.708333333333334,0.29270226569293645,6.526074927374086,74.59399166032755,21.211565762784794,71.86284113247089,79.75435003400231,Moderate,0
Mar,Tuesday,4,Reproductive/Flowering,3.454091085452356,10.75,0.17403391154064438,7.118676469681399,74.18815954244008,21.975171727005115,65.86475156046271,80.75102685189974,Moderate,0
Mar,Tuesday,5,Reproductive/Flowering,3.8921138712869494,10.791666666666666,0.17307724711214134,6.678756749045931,75.25215442004925,22.293112212808197,69.52635557007558,82.68484624672085,Moderate,0
Mar,Tuesday,6,Reproductive/Flowering,3.9991478542304373,10.833333333333334,0.22935586570801617,7.1351649996057604,71.02396704083563,23.231058888296367,75.40801639683258,84.15151161480097,Moderate,0
Mar,Tuesday,7,Reproductive/Flowering,3.935666349926263,10.875,0.16106538741151755,6.817980051578016,73.91087023873457,24.420915445086855,66.62587630257659,84.411052368047,Moderate,0
Mar,Tuesday,8,Reproductive/Flowering,4.537140951941734,10.916666666666666,0.1990743298529839,6.764730145890761,73.17408020274934,24.899279344245375,68.466538649022,85.2261791242578,Moderate,0
Mar,Tuesday,9,Reproductive/Flowering,4.326392979854677,10.958333333333334,0.26298374629198334,6.738477830620639,70.58521048893282,26.97293703989334,70.04052191046286,82.59398616822784,Moderate,0
Mar,Tuesday,10,Reproductive/Flowering,3.4401658142714604,11.0,0.22225151617546482,7.071293774941713,71.18145569013983,29.338492941872794,66.66983635084223,81.87378053356632,Moderate,0
Mar,Tuesday,11,Reproductive/Flowering,3.106066692105212,11.041666666666666,0.18412871871175193,6.288568691747032,73.60403399230702,28.6221310504809,73.78960925497823,86.94823507071409,Moderate,0
Mar,Tuesday,12,Reproductive/Flowering,3.415553633126245,11.083333333333334,0.20602957438075442,6.699408855270001,72.61881273973992,30.11150788275669,67.08199509914944,75.90406239096703,Moderate,0
Mar,Tuesday,13,Reproductive/Flowering,3.598973089141676,11.125,0.19448785867154178,6.609247796074905,76.1731541571518,30.36770363797898,64.33289461262741,83.0214808894437,Moderate,0
Mar,Tuesday,14,Reproductive/Flowering,2.8617406440558937,11.166666666666666,0.18937359277348095,6.626156237942279,70.72263783627037,29.865796849517977,66.92505388325114,83.93960069456818,Moderate,0
Mar,Tuesday,15,Reproductive/Flowering,2.596794587876237,11.208333333333334,0.15825646630731813,6.663285847843665,74.62791251808878,31.739352369458484,70.45906025855851,87.54879333927562,Moderate,0
Mar,Tuesday,16,Reproductive/Flowering,2.4253334936471154,11.25,0.16032496115771794,6.640082252707904,69.6758428357872,28.2994666921862,66.10547762273724,78.71316790369521,Moderate,0
Mar,Tuesday,17,Reproductive/Flowering,2.3702951216969534,11.291666666666666,0.1578836432283337,6.730522561958433,69.23366888438018,27.722730542364108,69.40659816660131,81.81423923725994,Moderate,0
Mar,Tuesday,18,Reproductive/Flowering,1.8665926897886818,11.333333333333334,0.14125968742976563,6.729760621560614,65.42104227964984,25.233029016765038,70.187651320425,79.47055783055401,Moderate,1
Mar,Tuesday,19,Reproductive/Flowering,1.7714723490763367,11.375,0.20082369360148528,6.507399039948013,69.97265911836875,24.577365865250034,64.87319787376104,78.36889241439265,Moderate,1
Mar,Tuesday,20,Reproductive/Flowering,1.6494562570534246,11.416666666666666,0.18819051514679247,6.835071435643735,66.45444475904726,23.071630077481547,66.80889334721732,82.35326910176727,Moderate,1
Mar,Tuesday,21,Reproductive/Flowering,2.227374115680668,11.458333333333334,0.1430516384983335,6.9128203697468775,67.55160259881615,21.90462877060312,69.5469125786142,84.94731772736435,Moderate,0
Mar,Tuesday,22,Reproductive/Flowering,2.7514463294309843,11.5,0.14698237549678464,6.679959610631167,72.6659323181595,22.331238547825173,70.60723648001054,85.87950730416108,Moderate,0
Mar,Tuesday,23,Reproductive/Flowering,2.784247003960656,11.541666666666666,0.18410149258944486,7.123839651319023,72.4986381470975,21.6587761840873,66.88364794069709,81.53490131429773,Moderate,0
Mar,Wednesday,0,Reproductive/Flowering,2.7143345152643352,11.583333333333334,0.2632934288217425,7.031010759964135,72.27850557105576,21.459476950360088,69.8553169307441,85.72881560132898,Moderate,0
Mar,Wednesday,1,Reproductive/Flowering,2.9062757567549524,11.625,0.15668721178949463,6.916344868660808,69.75067954810191,23.204436346000165,68.54819125076273,83.56820325417006,Moderate,0
Mar,Wednesday,2,Reproductive/Flowering,2.65273835245425,11.666666666666666,0.18067560517171485,6.933250745275647,69.76462031527969,21.93179924329308,71.58355051240179,85.45393444780629,Moderate,0
Mar,Wednesday,3,Reproductive/Flowering,2.296228778413447,11.708333333333334,0.18051093394045437,6.811255799411877,68.89124027280057,20.444110137193544,70.95824073749682,86.94868811914806,Moderate,0
Mar,Wednesday,4,Reproductive/Flowering,2.0903924502044293,11.75,0.16845733516353048,6.961137704974273,70.08197824183543,23.7872849251949,68.27955095441298,83.57692390162687,Moderate,0
Mar,Wednesday,5,Reproductive/Flowering,2.0557019488768185,11.791666666666666,0.1553552031242384,7.069235974047929,71.54081401429283,21.733323741549913,70.83533155358847,86.75493595606251,Moderate,0
Mar,Wednesday,6,Reproductive/Flowering,1.789640466127542,11.833333333333334,0.20516881068013795,6.9252757988311275,68.53143022910291,22.177901565001577,68.16220488462191,81.02993178036414,Moderate,1
Mar,Wednesday,7,Reproductive/Flowering,2.155647967936144,11.875,0.1897972510014245,6.627830608333085,72.62333729376145,25.467892676045967,70.77208586306944,85.70377629242259,Moderate,0
Mar,Wednesday,8,Reproductive/Flowering,2.7209645504131905,11.916666666666666,0.2176273000914074,6.719367197544556,71.82470375705778,25.732676237590354,70.81388363603376,86.64668318197121,Moderate,0
Mar,Wednesday,9,Reproductive/Flowering,2.156783510274276,11.958333333333334,0.19454788599517847,6.80727686893907,68.20668163642944,27.232249133108375,76.51313958570553,86.3880230165578,Moderate,0
Mar,Wednesday,10,Reproductive/Flowering,2.3869417388830922,12.0,0.21096173473528684,6.848587381366749,70.88608298557737,27.647113424103814,68.39121327368767,81.09994671918876,Moderate,0
Mar,Wednesday,11,Reproductive/Flowering,2.4627809207796316,12.041666666666666,0.237023727173583,6.674430841629401,72.82255476728866,28.2748839835173,68.97619453910953,83.5479725014033,Moderate,0
Mar,Wednesday,12,Reproductive/Flowering,2.7679705003620447,12.083333333333334,0.23578580134664284,6.559854747234062,74.13970716755158,30.041314285777684,67.45830519882364,84.81793782555754,Moderate,0
Mar,Wednesday,13,Reproductive/Flowering,2.8582500514547204,12.125,0.272824389872225,6.93767854043911,72.73358281268949,30.665247819259918,66.30152890663243,85.17013110100348,Moderate,0
Mar,Wednesday,14,Reproductive/Flowering,2.2757753682818254,12.166666666666666,0.21950132905629738,6.463199797026239,69.01320979119238,30.418843624023207,68.03061851922274,84.35218987341973,Moderate,0
Mar,Wednesday,15,Reproductive/Flowering,1.8507433999585046,12.208333333333334,0.14283794782049988,6.505094152803415,67.50839765178857,29.19774207884398,71.39530208566372,87.63546570521211,Moderate,1
Mar,Wednesday,16,Reproductive/Flowering,2.0587446881921143,12.25,0.2011245386680069,6.443929122801418,69.59312625878385,28.645858099221794,71.61238459404792,80.82338497332478,Moderate,0
Mar,Wednesday,17,Reproductive/Flowering,2.682441480242533,12.291666666666666,0.2119262682705242,6.55426359618851,73.28580854312418,25.893150418607497,70.28703953406199,83.46187291504208,Moderate,0
Mar,Wednesday,18,Reproductive/Flowering,1.7578153560392271,12.333333333333334,0.2311557055841073,6.943809024938968,68.58629509892305,26.214203529496846,68.51270535841027,79.84306974990275,Moderate,1
Mar,Wednesday,19,Reproductive/Flowering,2.116267801616282,12.375,0.13905614695673693,6.978785513960378,69.48810646761669,24.284292147466548,67.91987504220758,85.61562202550974,Moderate,0
Mar,Wednesday,20,Reproductive/Flowering,2.8091849669840046,12.416666666666666,0.20975791202335292,6.739862873066075,70.3448396293958,23.953928715346287,66.64950846861393,85.44904861860071,Moderate,0
Mar,Wednesday,21,Reproductive/Flowering,2.8086891950353072,12.458333333333334,0.16637976780903915,6.866121835443072,69.58507194282231,22.380983717143238,67.729337197111,92.43400841429064,Moderate,0
Mar,Wednesday,22,Reproductive/Flowering,3.1348638309422627,12.5,0.2163106744170613,6.7862962082534475,70.69940418097359,21.62086451828314,65.51461582260318,86.62839914596458,Moderate,0
Mar,Wednesday,23,Reproductive/Flowering,2.8632196749963117,12.541666666666666,0.18406435861391765,6.562927848937534,70.64257919048222,22.334421492728946,73.473574935627,84.89091285288339,Moderate,0
Mar,Thursday,0,Reproductive/Flowering,2.904954130822234,12.583333333333334,0.20940526141723695,7.180067858981588,73.908089906453,22.11276015998733,75.81145445896615,85.89765435585126,Moderate,0
Mar,Thursday,1,Reproductive/Flowering,2.2778316024784764,12.625,0.12758395354911206,7.01911169928735,68.48736828888674,22.722766295016317,64.49241173950023,84.46888939010056,Moderate,0
Mar,Thursday,2,Reproductive/Flowering,1.4247806893429966,12.666666666666666,0.18338244408803134,6.840347788218645,67.02469780624595,22.39651364938015,71.16779091355184,85.58663590157795,Moderate,1
Mar,Thursday,3,Reproductive/Flowering,2.1805042356644915,12.708333333333334,0.18172468892312582,6.637934174382023,67.00245484478177,21.367042639157884,71.1180758660681,85.95103907065138,Moderate,0
Mar,Thursday,4,Reproductive/Flowering,1.9707211699809013,12.75,0.1745947801115392,6.756015731567767,69.66299294090047,21.066405369444784,70.92642636877041,80.34851832172278,Moderate,1
Mar,Thursday,5,Reproductive/Flowering,2.033463041420196,12.791666666666666,0.23909456653016148,6.649083502312809,71.11366965684505,22.585326562106413,68.52176703636098,85.75270064293417,Moderate,0
Mar,Thursday,6,Reproductive/Flowering,1.6701792016497816,12.833333333333334,0.14836756110187074,6.777842428874293,70.75742577587297,23.48149163285539,73.36754187626708,85.51294058760352,Moderate,1
Mar,Thursday,7,Reproductive/Flowering,1.3454981125192327,12.875,0.1656167426800002,6.805006484744505,67.13592451943758,24.21864577889189,71.5314319047357,89.64544985848205,Moderate,1
Mar,Thursday,8,Reproductive/Flowering,1.6176366565094003,12.916666666666666,0.16395039087910895,6.653646794172984,68.53103654218103,26.49670779607663,73.4023652618915,84.93123726716045,Moderate,1
Mar,Thursday,9,Reproductive/Flowering,1.5938060195151842,12.958333333333334,0.16677652109630525,6.428108218403248,67.01803380249636,28.173165738232747,68.0874640617616,83.34655328209286,Moderate,1
Mar,Thursday,10,Reproductive/Flowering,2.0615601258806726,13.0,0.2493021398095141,7.0636243373831595,69.50378166150267,28.843085336379975,66.15045158602622,85.93174687186658,Moderate,0
Mar,Thursday,11,Reproductive/Flowering,2.4855661300082184,13.041666666666666,0.18437240148468667,6.72128744813569,70.09328901701817,28.931157752930226,71.60471658874607,85.44628684636993,Moderate,0
Mar,Thursday,12,Reproductive/Flowering,2.778269212653141,13.083333333333334,0.1696019373342393,6.739726513552632,70.28437488487053,30.330669765491038,67.41116882254525,84.93391510885829,Moderate,0
Mar,Thursday,13,Reproductive/Flowering,2.9802997455894773,13.125,0.2599890914803897,6.566356435855297,70.92822677396902,31.340658310080386,73.46379881750163,82.06294463967515,Moderate,0
Mar,Thursday,14,Reproductive/Flowering,3.744853473426299,13.166666666666666,0.20285223004529382,6.372362963183724,73.39149290301042,30.59833573713452,63.92013605686951,84.8703679196433,Moderate,0
Mar,Thursday,15,Reproductive/Flowering,3.2018085587982776,13.208333333333334,0.14386397881764001,6.644785696176155,70.59603567142473,30.181347217482276,68.89438031529343,83.81243698608164,Moderate,0
Mar,Thursday,16,Reproductive/Flowering,3.1826994259897687,13.25,0.17363795592473444,6.630425815386496,70.65348503821936,28.259614866390777,68.45223445704082,84.71921291938584,Moderate,0
Mar,Thursday,17,Reproductive/Flowering,3.6958015600968515,13.291666666666666,0.16876447671092135,6.832200657423422,75.78464777157555,27.201035407073483,69.30287007450352,87.09079972464443,Moderate,0
Mar,Thursday,18,Reproductive/Flowering,4.194732255885408,13.333333333333334,0.1618695150761294,6.8893276422444085,78.98845095181775,25.75108806422017,71.08329721588963,83.57413081855202,Moderate,0
Mar,Thursday,19,Reproductive/Flowering,3.416645732368228,13.375,0.192710618156321,6.88849385030337,69.29121586061567,24.114097069621074,71.4887072080042,84.70733545916781,Moderate,0
Mar,Thursday,20,Reproductive/Flowering,3.2516201363060975,13.416666666666666,0.19883294462308232,6.940748520672939,68.78494591838253,23.30936665280989,72.2192128069441,86.6134290840204,Moderate,0
Mar,Thursday,21,Reproductive/Flowering,3.8691995780853703,13.458333333333334,0.25804846648164603,7.129700930085845,70.87177333178859,20.497261017329468,72.5649590928689,84.58691095636058,Moderate,0
Mar,Thursday,22,Reproductive/Flowering,4.027947234492998,13.5,0.24272773728449723,6.846681853461417,72.96049653270609,22.39943064366547,69.78542319798473,91.7833816346654,Moderate,0
Mar,Thursday,23,Reproductive/Flowering,4.035520852619852,13.541666666666666,0.24132222209999965,6.975687804254108,74.97681106836217,22.311402899444115,76.62611308511939,85.88258291894931,Moderate,0
Mar,Friday,0,Reproductive/Flowering,3.8688898212074774,13.583333333333334,0.18545989534826676,6.882227916987761,73.9678414549945,21.27779908684468,75.36127100187097,83.35359075264374,Moderate,0
Mar,Friday,1,Reproductive/Flowering,3.6635169628799686,13.625,0.24256058824074328,6.426807421404925,72.63650298447287,22.91241377326997,70.26403535301591,84.36007647564224,Moderate,0
Mar,Friday,2,Reproductive/Flowering,3.801123166467419,13.666666666666666,0.2637212284356412,6.757755351419551,73.6805666934376,21.79539984644406,70.78937892357406,84.108496361865,Moderate,0
Mar,Friday,3,Reproductive/Flowering,3.6863457991971034,13.708333333333334,0.22596862618404323,6.624971320549556,70.96305760481631,22.08937388051747,70.20085662189925,84.39576761746075,Moderate,0
Mar,Friday,4,Reproductive/Flowering,3.6898322526249467,13.75,0.22703392008605106,6.796347616633736,71.86735186279462,23.854025526203234,72.28989584158174,87.80077862888187,Moderate,0
Mar,Friday,5,Reproductive/Flowering,3.7522555204973855,13.791666666666666,0.1695421575229354,6.622373487529076,72.46522415244215,23.182978919631246,68.28418650957146,83.69205969258142,Moderate,0
Mar,Friday,6,Reproductive/Flowering,3.467107559805677,13.833333333333334,0.24358294226132837,6.879003716935719,68.65262546578991,22.834589551316093,68.83138761722815,85.63031894249526,Moderate,0
Mar,Friday,7,Reproductive/Flowering,3.764801085167694,13.875,0.276449096335842,6.922188222374636,70.21290219495728,24.45978901936604,64.69790126375688,89.31520060398503,Moderate,0
Mar,Friday,8,Reproductive/Flowering,5.0,13.916666666666666,0.2563033339666393,6.943427719858866,73.25686787744468,25.71432589498419,70.00401961368047,85.15890294695268,Moderate,0
Mar,Friday,9,Reproductive/Flowering,4.106876116623678,13.958333333333334,0.20186939817272997,6.969530777666879,74.88471912726438,28.96242022716595,74.39427755192202,88.13704974035741,Moderate,0
Mar,Friday,10,Reproductive/Flowering,4.198519096181854,14.0,0.21929315744497185,6.371744875393793,74.0671557279813,29.27138596489643,70.7436969395516,82.2509076988075,Moderate,0
Mar,Friday,11,Reproductive/Flowering,3.7776230160479103,14.041666666666666,0.1997258503757572,6.461933328528865,73.78841763866286,28.98311101204715,70.91151417556101,85.53179569802334,High,0
Mar,Friday,12,Reproductive/Flowering,4.004886953684865,14.083333333333334,0.20750643598151133,7.203691611398754,69.43241870923876,29.054341474880466,72.03447743156653,84.24346986473134,High,0
Mar,Friday,13,Reproductive/Flowering,3.9487715099564977,14.125,0.24139869497820454,6.831787213550846,70.00991825179239,30.828470401591417,68.19328770161462,87.20776072481408,Moderate,0
Mar,Friday,14,Reproductive/Flowering,4.210578146881697,14.166666666666666,0.23504569758050442,6.700954714885184,74.93181843302906,30.129727993551832,71.27585863793271,83.87138801406158,Moderate,0
Mar,Friday,15,Reproductive/Flowering,4.611726933469069,14.208333333333334,0.27043095454572463,6.691672745711204,69.01080535699367,28.439600409662418,73.87098848649647,91.63247553387932,High,0
Mar,Friday,16,Reproductive/Flowering,4.506539420993644,14.25,0.24564507459207885,6.667677361638212,76.76495332558436,28.972520792313503,72.11968949983594,82.35987109812122,High,0
Mar,Friday,17,Reproductive/Flowering,4.834017066352749,14.291666666666666,0.21060734756958233,6.357210169344315,71.45500667220101,27.147696686620655,74.13449419378513,89.29778619303018,High,0
Mar,Friday,18,Reproductive/Flowering,3.54962062485846,14.333333333333334,0.19121629478673285,6.579421733367334,73.70577928351025,26.27060185336244,74.99239571880598,88.65402604734395,High,0
Mar,Friday,19,Reproductive/Flowering,4.217346905952322,14.375,0.2057342351012331,6.7247390383394325,71.84446332477164,24.508559643315238,73.18776928491343,87.23298622465833,High,0
Mar,Friday,20,Reproductive/Flowering,4.249561062685112,14.416666666666666,0.219712573885482,6.655319390675656,75.79675398078743,21.888388782764927,69.05989892745983,86.5944164671133,High,0
Mar,Friday,21,Reproductive/Flowering,4.601303791716387,14.458333333333334,0.2978475739924203,6.663956384528015,80.95945092795232,22.881275811539364,70.16759390913923,91.09573000997477,Low,0
Mar,Friday,22,Reproductive/Flowering,3.8799771756974084,14.5,0.28542091510010226,7.24342151694813,68.26558996143153,21.976675933892082,76.99446655889992,92.63574305686137,High,0
Mar,Friday,23,Reproductive/Flowering,3.4465517911673462,14.541666666666666,0.23544483679481415,6.7367720349962195,73.16247859452292,22.028694501455224,72.14250553998549,85.94016661265137,High,0
Mar,Saturday,0,Reproductive/Flowering,3.5260067727690663,14.583333333333334,0.21230690220840331,6.833323858367468,68.34609082745827,21.9491828747029,72.64286976931719,88.05067343446036,High,0
Mar,Saturday,1,Reproductive/Flowering,3.533680907589562,14.625,0.16068419500708525,6.8069598381669945,72.83437202264996,23.279779542245016,69.52012197887812,86.27524945561763,High,0
Mar,Saturday,2,Reproductive/Flowering,3.6871464451315186,14.666666666666666,0.21987895182884087,6.886344578408807,71.93560714121186,22.150542089556513,71.82561653315403,84.73303150518828,High,0
Mar,Saturday,3,Reproductive/Flowering,4.189925997509731,14.708333333333334,0.19709789456244642,6.67449478397661,73.81538703894704,23.4729545444514,74.24912075845836,88.81403188566144,High,0
Mar,Saturday,4,Reproductive/Flowering,3.347722460757524,14.75,0.2607613278987453,6.97992980620472,69.71116135316157,23.801787896149488,72.1445371314894,88.28030600746344,High,0
Mar,Saturday,5,Reproductive/Flowering,3.8608902640124243,14.791666666666666,0.1603085574576435,6.865580824491466,74.32721885262282,21.78402469051644,70.54186529544805,83.63069678403738,High,0
Mar,Saturday,6,Reproductive/Flowering,3.869392486531752,14.833333333333334,0.2301917638298479,6.580237356505924,69.88982629173543,20.038203748242452,71.23784151115774,88.79625496297416,High,0
Mar,Saturday,7,Reproductive/Flowering,3.779606066399425,14.875,0.1838917734422227,6.718287653544653,75.05432908515611,24.990775106267535,75.67547595404828,88.36409963264,High,0
Mar,Saturday,8,Reproductive/Flowering,3.1271946064157423,14.916666666666666,0.19784683366847206,6.6979259163532925,70.18676644217742,25.57249239505235,74.10334243799271,86.15313828114601,High,0
Mar,Saturday,9,Reproductive/Flowering,3.4467074945652687,14.958333333333334,0.2294800740250187,6.673180678775023,68.96671663215047,26.669969284364274,73.7021206805867,85.98994334780292,High,0
Mar,Saturday,10,Reproductive/Flowering,2.398619912362164,15.0,0.2157344019164275,6.781793263777827,72.44656143635059,28.158677374821863,73.42264641684598,88.71569941852552,High,0
Mar,Saturday,11,Reproductive/Flowering,2.8635725628989053,15.041666666666666,0.1894651570398673,6.787987035760361,70.23788884533907,29.25089988612653,68.55091012229433,91.67845413795162,High,0
Mar,Saturday,12,Reproductive/Flowering,2.287524778130212,15.083333333333334,0.20383069870960882,6.737314888356374,72.80533140839657,31.21217777000958,72.9170472602478,88.6522390741385,Moderate,0
Mar,Saturday,13,Reproductive/Flowering,2.4749452366598224,15.125,0.158687177465072,6.7159608295821505,71.88258082661027,30.502928991454013,75.30402243169037,89.6074606281319,Moderate,0
Mar,Saturday,14,Reproductive/Flowering,2.5466269267298833,15.166666666666666,0.19225951663530982,6.659895254354995,68.01561321457885,31.201302201541097,71.31723537633926,85.57575901590036,Moderate,0
Mar,Saturday,15,Reproductive/Flowering,3.1780430909918067,15.208333333333334,0.23452833678012044,6.275610833680153,70.95732381650684,29.97812703864215,75.03228418708247,86.62056902605956,High,0
Mar,Saturday,16,Reproductive/Flowering,3.1065869874112657,15.25,0.20928815642018123,6.826786664000114,71.19788464911419,28.38226728058385,73.73568015556367,89.17629193221512,High,0
Mar,Saturday,17,Reproductive/Flowering,2.8082720911699743,15.291666666666666,0.17167977290618364,6.794644247334628,73.29245941878081,27.050632652302465,74.5830185276701,84.26038778837734,High,0
Mar,Saturday,18,Reproductive/Flowering,2.6344427852191368,15.333333333333334,0.1760945867657583,6.5408126164960745,70.69769811126015,26.295356913540147,72.25280945967124,88.17425424575877,High,0
Mar,Saturday,19,Reproductive/Flowering,3.2873876757398914,15.375,0.23773265408267516,6.790832190484646,71.74231566396865,24.81150797511668,74.75975668365247,88.88980758299364,High,0
Mar,Saturday,20,Reproductive/Flowering,3.5223517924822714,15.416666666666666,0.1698442332195713,6.881542414366029,71.55388512776084,23.172434148560697,67.70595515973808,87.55991475009606,High,0
Mar,Saturday,21,Reproductive/Flowering,3.31734081757119,15.458333333333334,0.16988249074901893,6.99083793387702,71.36050389046159,22.165769190899404,72.19943716052013,88.45468008109567,High,0
Mar,Saturday,22,Reproductive/Flowering,3.2183122141271925,15.5,0.22151341194659058,6.866626789494445,73.8331334852619,22.51516468512358,74.23904458323256,87.80079961945943,High,0
Mar,Saturday,23,Reproductive/Flowering,2.546136680175911,15.541666666666666,0.16828339119543487,6.827754840315882,69.61813873401714,22.84223232740426,72.98889857873786,86.10084599318043,High,0
Mar,Sunday,0,Ripening/Maturation,0.4419020464455876,15.583333333333334,0.08019051428890057,6.951901597461376,63.77057036887307,22.06782797925051,76.28687096801211,85.90889975105286,High,0
Mar,Sunday,1,Ripening/Maturation,-2.32178806419862,0.0,0.16727865334646688,6.735317076770692,56.798694314695936,21.467047972957786,72.52870352441157,88.62838329342189,Low,0
Mar,Sunday,2,Ripening/Maturation,-3.556518214473747,0.0,0.08151398992420324,6.860710832327535,53.856825977590674,21.7299831466383,71.35763418098483,92.11543167515067,Low,0
Mar,Sunday,3,Ripening/Maturation,-4.888666604437101,0.0,0.11301994953381266,6.667967050353887,48.96300815726543,22.18217164596161,68.08277500251292,91.41511849398448,Low,0
Mar,Sunday,4,Ripening/Maturation,-5.010278614111093,0.0,0.09831677747095158,6.968781921701191,49.97458070948042,22.904765711376243,72.1811004988813,87.99083592790974,Low,0
Mar,Sunday,5,Ripening/Maturation,-6.679159130712203,0.0,0.10958107800609228,6.472019269486934,50.46685863759135,23.382181996457682,74.55062484045989,87.93890557009091,Low,0
Mar,Sunday,6,Ripening/Maturation,-7.663863682269669,0.0,0.0890383189822031,6.940160257851873,44.6935286414178,21.290162233012303,75.28302554124733,87.75488569307421,Low,0
Mar,Sunday,7,Ripening/Maturation,-7.656951824737262,0.0,0.1449997733192712,6.760528241225043,46.53213895774277,23.677291460506527,68.80244325503193,87.7552069936938,Low,0
Mar,Sunday,8,Ripening/Maturation,-7.929006875246361,0.0,0.1238788233507419,6.902873020801385,39.512870463607065,25.559779915289862,76.5259753789799,89.57354022442215,Low,0
Mar,Sunday,9,Ripening/Maturation,-9.020181992533573,0.0,0.1544278758323812,6.552021632718839,42.988185835851176,27.99869204071518,70.07673753661086,91.49787015508268,Low,0
Mar,Sunday,10,Ripening/Maturation,-9.55466005969971,0.0,0.09867911259603973,6.705589592715431,40.24611044798247,28.20716343143344,72.63655557611601,94.51118975407977,Low,0
Mar,Sunday,11,Ripening/Maturation,-10.126014696633828,0.0,0.1946557619482224,6.684828940022709,38.2346846822978,29.238965075261376,71.29355085502738,86.77954786536833,Low,0
Mar,Sunday,12,Ripening/Maturation,-10.50408138766661,0.0,0.05333729250736195,6.754926602273066,38.652124584442404,29.044829235734408,74.25174965149716,90.48211753395194,Low,0
Mar,Sunday,13,Ripening/Maturation,-11.283187211685371,0.0,0.0645202782227197,6.462512961091684,35.42870018433105,30.761725852778607,73.28222415262553,90.21000267418181,Low,0
Mar,Sunday,14,Ripening/Maturation,-11.690824072153639,0.0,0.181357969670075,6.7763391552885235,31.194272387054557,30.045304037777345,75.03390566610952,88.02980061797406,Low,0
Mar,Sunday,15,Ripening/Maturation,-12.73046939209368,0.0,0.13659145836062347,6.344346333218441,34.79136934131904,29.059514915235674,78.53141384357315,86.28914354403452,Low,0
Mar,Sunday,16,Ripening/Maturation,-12.852422257534252,0.0,0.13194851290696263,6.565957810516496,33.140221704614184,28.422041280158563,74.19355741902024,89.54259940877837,Low,0
Mar,Sunday,17,Ripening/Maturation,-12.820493092816685,0.0,0.1350946357561304,6.407240876468721,32.10293166774425,28.26451481641488,71.26996108409726,94.15386613385432,Low,0
Mar,Sunday,18,Ripening/Maturation,-13.099551684400984,0.0,0.13999225445526572,6.885947086149144,30.12870521329276,25.04216038628459,74.38320708266667,89.52678442796325,Low,0
Mar,Sunday,19,Ripening/Maturation,-13.962306603725054,0.0,0.13049187021518827,6.832295943450111,27.0507491188456,23.481839766767635,78.83541774021212,86.8860876488732,Low,0
Mar,Sunday,20,Ripening/Maturation,-13.527768474594714,0.0,0.08619334279312131,6.843934927072184,31.481141075108802,23.376801957972496,74.96902079148687,88.46100089504206,Low,0
Mar,Sunday,21,Ripening/Maturation,-13.427081742221722,0.0,0.1486366816775477,7.041139793388514,34.501885739118585,22.435619862415088,75.83708082717997,86.00373159889551,Low,0
Mar,Sunday,22,Ripening/Maturation,-13.821085981165009,0.0,0.14312373740383813,6.711968450390332,30.735726598686057,22.910803277369535,68.21927065030535,88.90044238139983,Low,0
Mar,Sunday,23,Ripening/Maturation,-13.947675166977948,0.0,0.1699950901358941,6.88177939973421,27.260056387067273,22.69640152800455,74.16063579687213,90.56268673583362,Low,0
Mar,Monday,0,Ripening/Maturation,-14.748446319297306,0.0,0.1817484376915408,6.789183037119292,28.553962287763273,22.346732358164843,73.09594675022305,88.32058312187336,Low,0
Mar,Monday,1,Ripening/Maturation,-15.210560703330161,0.0,0.1315666627875142,6.765532369589433,26.887968387514157,22.096360704681153,71.85962541378275,81.91305824684443,Low,1
Mar,Monday,2,Ripening/Maturation,-15.376741755169094,0.0,0.07703578438287359,7.002088953504395,28.323907039742636,23.040246417987056,73.83304801822322,90.74428601523894,Low,1
Mar,Monday,3,Ripening/Maturation,-14.714704756085656,0.0,0.1820383025920748,7.137665246598633,29.398174940217878,23.304869254248924,74.22590194389146,88.7982019326009,Low,0
Mar,Monday,4,Ripening/Maturation,-14.978131815792036,0.0,0.08436475227489706,6.686200740520392,21.580838573879266,23.242350677612876,72.0268242940241,88.17540874637218,Low,1
Mar,Monday,5,Ripening/Maturation,-14.623911293839488,0.0,0.13182874677853335,6.9411701860773505,29.49309730364214,21.426622693081853,74.46539128062619,88.1538293249217,Low,0
Mar,Monday,6,Ripening/Maturation,-14.847950448434116,0.0,0.11101431257527009,6.818657112062294,25.857960104749953,23.418928814275464,73.37953870660334,91.05271314757546,Low,0
Mar,Monday,7,Ripening/Maturation,-14.688475062226276,0.0,0.10492811274353225,6.814067947016693,25.404202367759538,23.8688192682924,76.00731662354836,89.03231855251722,Low,0
Mar,Monday,8,Ripening/Maturation,-14.731425729138316,0.0,0.14675050425360314,6.778361296982459,27.767631429320915,25.242046282904596,74.58272452246173,92.37819741438436,Low,0
Mar,Monday,9,Ripening/Maturation,-14.319646869183519,0.0,0.12855608597437881,6.644134117675165,29.954789732019577,27.22745625745509,75.0277700765479,92.43321250110323,Low,0
Mar,Monday,10,Ripening/Maturation,-14.60920585414062,0.0,0.1379634521943846,6.027785179914945,25.156436729488863,29.294554607943226,76.83816390605999,89.37550332114753,Low,0
Mar,Monday,11,Ripening/Maturation,-15.337017058296453,0.0,0.09145097984428205,6.9385388440711,28.100311894203614,30.015122290441802,75.56486757951764,88.74991839580892,Low,1
Mar,Monday,12,Ripening/Maturation,-15.889856178693028,0.0,0.11390737621188689,6.537896421699401,26.891022866199933,29.970114167971175,73.88174682217262,90.37135459675808,Low,1
Mar,Monday,13,Ripening/Maturation,-15.995447763604714,0.0,0.09306627570557549,6.603342723506355,25.20487775994768,31.04513269350238,67.6392251499508,89.68860037882786,Low,1
Mar,Monday,14,Ripening/Maturation,-16.42080650794962,0.0,0.11303249442078873,6.6185526015658125,22.35481712046681,30.286311762062137,75.44118398138504,85.67079910490177,Low,1
Mar,Monday,15,Ripening/Maturation,-16.05009086650346,0.0,0.11584332212964069,6.534549782652574,23.021025912013112,29.12437377078785,71.16423009322888,94.83734271348105,Low,1
Mar,Monday,16,Ripening/Maturation,-16.133253508608995,0.0,0.18455064606216787,6.73479487105855,26.832055842498868,28.063223633377444,73.64128652589913,91.83792270185985,Low,1
Mar,Monday,17,Ripening/Maturation,-14.931499879824452,0.0,0.11092140199359408,6.6891571672679175,24.641954915429505,27.691106290407166,75.01314095577935,88.89337072951355,Low,1
Mar,Monday,18,Ripening/Maturation,-15.750205908905183,0.0,0.045604058641427386,6.596822687946363,27.828446740265917,25.780055724287983,77.89908707137364,85.26112530365177,Low,1
Mar,Monday,19,Ripening/Maturation,-15.579016961171655,0.0,0.16882820380622754,6.79355291276345,25.779960974927153,23.054763348919604,79.42696840435067,89.60100367816122,Low,1
Mar,Monday,20,Ripening/Maturation,-16.026113136415056,0.0,0.13572407809091083,6.7607606573506605,24.845659473318154,23.0527291944556,71.13634513938575,88.58214128324495,Low,1
Mar,Monday,21,Ripening/Maturation,-16.117280577211737,0.0,0.11541463479063138,6.949649243175351,21.402351203865184,21.990779977100463,69.95241137091261,89.90065032564122,Low,1
Mar,Monday,22,Ripening/Maturation,-15.899866977843294,0.0,0.10469746215986168,6.516500662441423,25.046885992918924,23.648695718391036,74.87715150756048,84.64240712263414,Low,1
Mar,Monday,23,Ripening/Maturation,-16.811129297293128,0.0,0.086857602038009,6.648740802061335,24.380460718519245,21.25260801187623,74.62728326211369,88.87146672861572,Low,1
Mar,Tuesday,0,Ripening/Maturation,-13.784699443117477,0.0,0.18783168339802725,6.909597073107412,27.743901160814097,22.23043312288799,71.19437236622771,90.22169524389749,Low,0
Mar,Tuesday,1,Ripening/Maturation,-10.41955102984763,0.0,0.12181457110310129,6.670121002392591,39.49034926286938,21.81501785244862,74.75019099420976,90.76931181021541,Low,0
Mar,Tuesday,2,Ripening/Maturation,-8.574061119934829,0.0,0.05917870997814838,6.625967662986413,43.10027781951446,21.594661983698128,76.59262283724028,90.65948079731302,Low,0
Mar,Tuesday,3,Ripening/Maturation,-6.655830795303333,0.0,0.13147090116498347,6.676464119219551,46.23849486360738,21.9855674265933,71.10954483346323,91.38062708218183,Low,0
Mar,Tuesday,4,Ripening/Maturation,-4.654064477268999,0.0,0.16221600957121945,6.737452019687467,54.039591427537005,23.791454087229585,71.81624382360728,95.05294344619765,Low,0
Mar,Tuesday,5,Ripening/Maturation,-3.4626441599753233,0.0,0.12547521339237241,6.757662349466978,50.785140478102115,22.489696136063603,72.86752019391325,89.96246453188242,Low,0
Mar,Tuesday,6,Ripening/Maturation,-2.6240060624179455,0.0,0.08844422847316404,6.748582977967149,57.89574694768435,21.741633568962058,74.16321925298976,88.97210511033768,Low,0
Mar,Tuesday,7,Ripening/Maturation,-2.667096229866057,0.0,0.085312399989137,6.586974302128533,60.337839364468046,22.69226474338059,76.88191451732641,86.93167369669086,Low,0
Mar,Tuesday,8,Ripening/Maturation,-1.3965216891716337,0.0,0.08789383752982677,6.884633908767701,63.0282342241894,24.468979875862317,73.82055797927424,89.97222210708243,Low,0
Mar,Tuesday,9,Ripening/Maturation,-0.6509862047874677,0.0,0.1732580298966433,6.947213338712759,62.717246549587124,26.93374789957488,74.96595047807352,87.74687269008453,Low,0
Mar,Tuesday,10,Ripening/Maturation,-0.42475586924189496,0.0,0.11749175806671114,6.346782314363889,61.877224361557765,28.12270147243331,81.53853349071989,93.65024073652083,Low,0
Mar,Tuesday,11,Ripening/Maturation,0.270660605286956,0.041666666666666664,0.06801116061842184,6.391810033190289,62.87798033959343,29.403510378231765,71.93106915196377,91.00973542341305,Low,0
Mar,Tuesday,12,Ripening/Maturation,0.5364119599840006,0.08333333333333333,0.14685498640415626,6.867664111602909,64.18153711615031,28.356676257105907,72.84101980809615,93.5986624625163,Low,0
Mar,Tuesday,13,Ripening/Maturation,0.7771403933742304,0.125,0.14436479732943008,6.940538520453191,66.45275143993398,30.301654723962773,76.83426662287275,94.91424264112524,Low,0
Mar,Tuesday,14,Ripening/Maturation,1.482971758550757,0.16666666666666666,0.14136295262285234,6.264298678329562,65.44464460960299,30.996607117572275,77.7641295733983,89.08735533173126,Low,0
Mar,Tuesday,15,Ripening/Maturation,1.2047353949797799,0.20833333333333334,0.11440414841138612,6.7960632111135295,67.90621258405224,30.88102394111071,76.044402620938,90.38160059963297,Low,0
Mar,Tuesday,16,Ripening/Maturation,2.0312290736303646,0.25,0.13354440534870848,7.000606955439622,72.64127081271951,27.114094941410528,80.22690270629602,94.57921700384286,Low,0
Mar,Tuesday,17,Ripening/Maturation,1.6368678644306676,0.2916666666666667,0.19895388015208854,6.556438729037915,67.30471640437881,26.721804207478545,75.75236780461599,91.72304394844275,Low,0
Mar,Tuesday,18,Ripening/Maturation,1.6267907296505053,0.3333333333333333,0.16933271819444107,7.019399966478365,64.7155081445946,25.162682824160836,68.8716889494706,92.55377484249473,Low,0
Mar,Tuesday,19,Ripening/Maturation,2.78333544934123,0.375,0.2063359144966932,6.716384860236533,67.49051558578613,24.271744613671032,75.0909870623421,93.83244392867438,Low,0
Mar,Tuesday,20,Ripening/Maturation,3.42484288438711,0.4166666666666667,0.21418763044498196,6.848146945917679,73.27275402595222,21.39918202569884,73.08704912770749,93.49128663416009,Low,0
Mar,Tuesday,21,Ripening/Maturation,3.520938444917722,0.4583333333333333,0.21949256579485682,6.627225844396804,71.83075990988165,23.720810598981345,78.95143524656685,92.2758988832276,Low,0
Mar,Tuesday,22,Ripening/Maturation,3.1465684656536927,0.5,0.1822703984213539,6.956537865023621,72.80542610969697,22.40981797734859,77.69387219264509,94.74090371294498,Low,0
Mar,Tuesday,23,Ripening/Maturation,3.0214942092372,0.5416666666666666,0.18833332782410284,6.928554136642374,69.68431760385059,22.276482968560632,70.03092767061818,91.07936422852971,Low,0
Mar,Wednesday,0,Ripening/Maturation,3.042203355952,0.5833333333333334,0.2368269970886765,7.0682101192259745,72.46253514936447,23.64917098702622,79.75095419076263,93.74645266231128,Low,0
Mar,Wednesday,1,Ripening/Maturation,3.056606918326007,0.625,0.24592582883181913,7.03637689792884,70.51925825708297,22.362161900733323,78.51810330639624,92.00602040578708,Low,0
Mar,Wednesday,2,Ripening/Maturation,3.023034475873127,0.6666666666666666,0.15280264232523694,6.770424351162913,69.2902746314476,22.695242725198952,74.72661361269752,94.9992958393519,Low,0
Mar,Wednesday,3,Ripening/Maturation,3.031327694635592,0.7083333333333334,0.1884941332071174,7.345392730012246,69.97318950952065,21.77436138136636,75.46467431690283,90.69600507186487,Low,0
Mar,Wednesday,4,Ripening/Maturation,2.9636527072491896,0.75,0.22346630524600802,7.036463701505919,68.21865778655157,21.278598347956493,79.87653112340956,88.24077582146772,Low,0
Mar,Wednesday,5,Ripening/Maturation,2.357925707128906,0.7916666666666666,0.24482093330577323,6.8814922258862685,73.1377408142726,21.886710694796616,69.78546425267514,94.08522863521704,Low,0
Mar,Wednesday,6,Ripening/Maturation,2.2551307186029286,0.8333333333333334,0.23874685331164947,6.571143498355012,68.71955009753005,24.124580671155858,77.0361940151191,89.89757033533988,Low,0
Mar,Wednesday,7,Ripening/Maturation,2.809068052225208,0.875,0.16237517778250274,6.467170345284824,71.53079150270487,24.66158423028008,78.9802289053751,89.64981001420905,Low,0
Mar,Wednesday,8,Ripening/Maturation,2.253227780245558,0.9166666666666666,0.22095730864334284,6.461409518986761,67.83400840684776,26.065697782629304,75.4338609078639,95.61024150286767,Low,0
Mar,Wednesday,9,Ripening/Maturation,2.29786858754109,0.9583333333333334,0.17949898526227281,6.545712916812756,66.91102896613897,26.581819702721706,77.64372943942537,94.86361554464459,Low,0
Mar,Wednesday,10,Ripening/Maturation,2.0425221617829017,1.0,0.2076176364052234,6.920034690552271,67.93429216644309,29.358652500531317,76.00946360967347,91.59166483955342,Low,0
Mar,Wednesday,11,Ripening/Maturation,2.2301033300169135,1.0416666666666667,0.20334233707916788,6.77272705954423,71.05463305879898,28.49659632376832,73.34788219086425,84.83425884846469,Low,0
Mar,Wednesday,12,Ripening/Maturation,2.153748376778922,1.0833333333333333,0.12960496792970636,6.568281154928047,67.62753252147284,28.920778137708684,73.27290994775724,93.78101701476946,Low,0
Mar,Wednesday,13,Ripening/Maturation,2.9151130645028953,1.125,0.21212691509452353,6.639125223513172,68.75520740934813,29.927890301694685,77.83578780213733,94.10417884807546,Low,0
Mar,Wednesday,14,Ripening/Maturation,3.1212040993025485,1.1666666666666667,0.23322948317348885,6.590035407067624,71.30181832706441,31.738016027023747,73.79287982338555,93.73994500382575,Low,0
Mar,Wednesday,15,Ripening/Maturation,2.47002031296675,1.2083333333333333,0.18104507389819466,6.789993125757258,70.42609395255569,31.10106632913344,71.12625718481273,93.62505039390969,Low,0
Mar,Wednesday,16,Ripening/Maturation,2.7945792740365767,1.25,0.18124340689518267,6.530286468004394,73.49268659539415,28.268662317143804,76.0671960751645,91.99444373630172,Low,0
Mar,Wednesday,17,Ripening/Maturation,2.418158919309808,1.2916666666666667,0.12544573607068712,6.773090161496251,70.01108236308853,26.823559200311482,74.16075573709446,91.42174380724768,Low,0
Mar,Wednesday,18,Ripening/Maturation,2.181712747930989,1.3333333333333333,0.19846943177755744,6.798508735463017,70.02409595209684,24.53378028049264,72.10267562428088,89.68251199263419,Low,0
Mar,Wednesday,19,Ripening/Maturation,2.3809056012251353,1.375,0.18682883290411528,6.596439877391478,70.65272391678097,24.21759205206658,75.91524229920367,90.70442497744966,Low,0
Mar,Wednesday,20,Ripening/Maturation,2.194601677834063,1.4166666666666667,0.1425886049309986,7.060771932234005,66.46101326293649,22.504610201590495,78.00183022026098,93.25162831652125,Low,0
Mar,Wednesday,21,Ripening/Maturation,2.665238772448928,1.4583333333333333,0.1752265694205492,6.7141975077754745,67.96990891293834,23.00664500335753,75.76045019257425,93.29273404390419,Low,0
Mar,Wednesday,22,Ripening/Maturation,2.3298202610694947,1.5,0.18365312024620944,6.587251487419976,66.92377604735549,23.10356601066013,72.50127743180276,94.42247803938412,Low,0
Mar,Wednesday,23,Ripening/Maturation,2.1231817870880727,1.5416666666666667,0.15352729206035837,6.93276245932561,65.93134477762807,22.217062465868295,77.14541068721066,88.93183852824136,Low,0
Mar,Thursday,0,Ripening/Maturation,1.7857583236879822,1.5833333333333333,0.16473765755504577,6.78001186939072,69.37673972659196,22.81982229980767,79.70546914622938,89.4977692215915,Low,0
Mar,Thursday,1,Ripening/Maturation,1.5490857437108096,1.625,0.09747950094064953,6.858799762692788,67.79790596823347,21.814488905722772,83.23910248989077,92.69657055229638,Low,0
Mar,Thursday,2,Ripening/Maturation,2.106538828476701,1.6666666666666667,0.219893230101736,6.557188125565194,68.71468531452699,22.80463402668855,80.92553209079706,91.09596421971999,Low,0
Mar,Thursday,3,Ripening/Maturation,2.3844188457816293,1.7083333333333333,0.18016729611836071,6.929196710233769,64.03717219907138,21.969214337452353,73.58392482940394,94.110801974553,Low,0
Mar,Thursday,4,Ripening/Maturation,3.11769912035196,1.75,0.15946510528163813,7.162398603422817,75.09343160608194,22.74256681277355,79.17424821428379,90.3711417894836,Low,0
Mar,Thursday,5,Ripening/Maturation,4.004180389634404,1.7916666666666667,0.1340147000472912,6.545022912735372,71.32148892681546,22.67780106022829,77.36957176197281,96.5964136898085,Low,0
Mar,Thursday,6,Ripening/Maturation,3.2839613596049233,1.8333333333333333,0.2381187569262918,6.839806941569774,75.48513277492972,22.430042900556053,73.14370251739217,91.59068243723436,Low,0
Mar,Thursday,7,Ripening/Maturation,3.1584146309345673,1.875,0.21849357011869167,6.599282266144328,68.18171215294032,24.790799246177997,77.45138563546593,97.62751893658208,Low,0
Mar,Thursday,8,Ripening/Maturation,2.484570573788509,1.9166666666666667,0.18948826431612953,7.2277828308897645,67.83816705997934,24.589750655851915,82.35603009372129,94.956587959613,Low,0
Mar,Thursday,9,Ripening/Maturation,2.076645147138427,1.9583333333333333,0.20214380872272183,6.9379690644626475,64.07824958811298,26.510985440293116,80.18759263215752,91.00775320830626,Low,0
Mar,Thursday,10,Ripening/Maturation,1.7820665858128846,2.0,0.19468310851570703,6.737075259931867,68.50120975783632,28.413604120901812,73.5596505812901,98.8826958717179,Low,0
Mar,Thursday,11,Ripening/Maturation,1.3247285925357697,2.0416666666666665,0.1599235472652679,6.465061750847294,64.4768349804634,28.428140233080693,76.64115165065482,94.30946411987712,Low,0
Mar,Thursday,12,Ripening/Maturation,0.9211062056653646,2.0833333333333335,0.13413015753761054,6.4872759312531105,63.564654585400156,29.848931685810825,78.07502329092056,94.06113184875524,Low,0
Mar,Thursday,13,Ripening/Maturation,0.9697301222169642,2.125,0.12964329710389008,6.795699974563652,63.08232385897192,30.07529576393796,71.41028919508257,93.48280320240062,Low,0
Mar,Thursday,14,Ripening/Maturation,0.5171335057215949,2.1666666666666665,0.14766130847972186,6.398918849509032,66.29583053920756,31.222170326787943,71.51368670893125,94.81221663817571,Low,0
Mar,Thursday,15,Ripening/Maturation,1.0442326031432545,2.2083333333333335,0.1950019131993586,6.42744783937064,67.4290855506789,29.69677790505252,77.06388353232599,94.95938486201493,Low,0
Mar,Thursday,16,Ripening/Maturation,0.6978045909687689,2.25,0.13384350377816026,6.672291694921288,68.79879880048261,29.45319552059534,77.10302514980206,91.48339845367059,Low,0
Mar,Thursday,17,Ripening/Maturation,2.072276508177242,2.2916666666666665,0.22348362191151633,6.722451127669078,67.10205037747944,27.604258189917644,71.08354319961175,93.11195470700763,Low,0
Mar,Thursday,18,Ripening/Maturation,1.7852236829873391,2.3333333333333335,0.1776909286455179,6.799642611855651,68.22217558126322,25.417536095954812,77.76392057712289,93.93508572770953,Low,0
Mar,Thursday,19,Ripening/Maturation,1.7755588296325098,2.375,0.17771315463889592,6.669453332625204,65.18267079631411,24.26214091784772,79.86088811049525,95.10268449496824,Low,0
Mar,Thursday,20,Ripening/Maturation,1.156830704577694,2.4166666666666665,0.23309959897078142,6.933748262296409,65.60631564551582,22.958541067145738,75.94509499343647,95.14505652599328,Low,0
Mar,Thursday,21,Ripening/Maturation,1.9831563537050028,2.4583333333333335,0.2274226464102702,6.6074275357469325,67.22188462232965,23.329721061154064,76.77943535857354,94.05718781876826,Low,0
Mar,Thursday,22,Ripening/Maturation,2.4399786594365036,2.5,0.23975079003950012,6.891258704395373,70.28484869763844,22.269151949652453,78.31423515005275,92.27002594427711,Low,0
Mar,Thursday,23,Ripening/Maturation,2.474500544625509,2.5416666666666665,0.1539460355727977,6.835186849886497,71.4728449199376,21.056991484917646,77.91708782888217,92.14185355711776,Low,0
Mar,Friday,0,Ripening/Maturation,1.6216426547604665,2.5833333333333335,0.23726745394448184,6.905605462502199,69.37407575308814,21.000758194062477,72.49413249350435,91.86502899248019,Low,0
Mar,Friday,1,Ripening/Maturation,1.6017282446134373,2.625,0.15716561832113746,6.993551600668,65.65852324263702,22.11386991190649,74.78463642365915,96.3252529109511,Low,0
Mar,Friday,2,Ripening/Maturation,0.9969756529931246,2.6666666666666665,0.13696220003345538,6.722969995894896,67.88967737642949,20.50467879908162,76.31243969143416,93.30380726471506,Low,0
Mar,Friday,3,Ripening/Maturation,1.6497404957485737,2.7083333333333335,0.08566981792425099,6.636339790683661,67.37120691558098,23.811083572589464,74.91751884764145,94.36436375616519,Low,0
Mar,Friday,4,Ripening/Maturation,1.9249830337964722,2.75,0.17954475470429562,6.465800925115919,67.4707654893175,22.852546585119786,81.9009054939314,95.4381097674437,Low,0
Mar,Friday,5,Ripening/Maturation,1.845396675205945,2.7916666666666665,0.12821752834655623,6.4210826268478565,66.51192904685642,21.866466392402206,79.40342781480214,94.85358542056923,Low,0
Mar,Friday,6,Ripening/Maturation,0.6393054255491508,2.8333333333333335,0.15027151963787347,6.7585154226755995,63.914461432594855,21.487281924792963,74.1708237826102,94.82972170817807,Low,0
Mar,Friday,7,Ripening/Maturation,0.2542291743972036,2.875,0.08570094969661088,6.718480940216998,67.59477771094576,24.977662748431403,76.85699272661648,92.58134520171932,Low,0
Mar,Friday,8,Ripening/Maturation,0.6701981773203085,2.9166666666666665,0.19967444875582585,6.542677634863816,65.72329715855679,24.95516018841966,80.89117641115098,95.51590639596773,Low,0
Mar,Friday,9,Ripening/Maturation,1.2564496593823598,2.9583333333333335,0.1707163301852445,6.557476998963845,66.86470287752007,26.548337003989026,75.56128182583495,94.06167835643024,Low,0
Mar,Friday,10,Ripening/Maturation,1.7038064555736219,3.0,0.24239066654057573,6.966468267697424,67.06464177630279,28.016895107722885,80.05475156303277,94.62774888135789,Low,0
Mar,Friday,11,Ripening/Maturation,0.8611831673280169,3.0416666666666665,0.10572373808096247,6.825040847331324,70.4587968244633,29.674020874878813,81.64953907168197,97.73867122766498,Moderate,0
Mar,Friday,12,Ripening/Maturation,0.9759493953012348,3.0833333333333335,0.19862000844731004,6.42534484381852,68.45229952641581,30.671061248772507,81.1484228939397,96.10704548483285,Moderate,0
Mar,Friday,13,Ripening/Maturation,1.3832495274996899,3.125,0.09148630359134333,6.56294028399761,65.37767463640166,31.32913778673253,78.04121243375148,93.41673598639076,Moderate,0
Mar,Friday,14,Ripening/Maturation,0.5184769224710564,3.1666666666666665,0.1402445647383767,6.720424479448973,64.1971145045213,31.010400336611948,81.25307499194587,94.4714651860255,Moderate,0
Mar,Friday,15,Ripening/Maturation,0.5073182224623447,3.2083333333333335,0.11057614636359034,6.555988266955995,64.28907464716781,29.583369910607146,75.93328595024407,98.84234226128376,Moderate,0
Mar,Friday,16,Ripening/Maturation,0.6167208391043176,3.25,0.11973954224384545,6.525243801645782,65.27187397041556,29.446069438749305,84.95764401383829,94.07529387009599,Moderate,0
Mar,Friday,17,Ripening/Maturation,0.4473388262938515,3.2916666666666665,0.11310609603053728,6.649223978063812,63.171161197842366,26.826118723688783,78.22254862430361,94.94345310794166,Moderate,0
Mar,Friday,18,Ripening/Maturation,-0.39812811098449497,0.0,0.08798493351270349,6.942978302839282,63.422125580360614,24.38937710137089,80.94038248632968,96.50411392164365,Low,0
Mar,Friday,19,Ripening/Maturation,-0.4366513571346745,0.0,0.07591090926722577,6.9708782952391415,65.35621300695541,23.618262614282106,76.41397342295465,95.38172871975856,Low,0
Mar,Friday,20,Ripening/Maturation,-0.46560952220268503,0.0,0.10451506175739857,6.6541696989687065,59.75528092870523,21.72999158857897,78.99824359975447,93.91170470338247,Low,0
Mar,Friday,21,Ripening/Maturation,-0.40207167008560596,0.0,0.1240609939050405,6.867358041895766,60.27873451761042,21.86941034256066,79.13039044198412,92.98519859435469,Low,0
Mar,Friday,22,Ripening/Maturation,-0.524210444381569,0.0,0.16072930248191064,6.787233381232908,61.275577822889616,21.60750021660649,74.71349897720495,94.81850264566695,Low,0
Mar,Friday,23,Ripening/Maturation,-0.5632252510034998,0.0,0.1303372638817369,6.600925926283467,61.274668277375945,22.00611233793623,74.62466989026473,96.4887983609097,Low,0
Mar,Saturday,0,Ripening/Maturation,-0.5581637651413722,0.0,0.16082890704530353,6.71596138104587,66.15733871315257,22.871013771274864,77.78649233073239,99.34391718327112,Low,0
Mar,Saturday,1,Ripening/Maturation,-0.3241563547974089,0.0,0.06826380948150149,6.528729760928474,64.7254431885159,23.74720568213006,81.71599763153797,92.37828144917906,Low,0
Mar,Saturday,2,Ripening/Maturation,-0.4471887306334941,0.0,0.10484607080019404,7.006929100378665,64.31539175071615,20.99472282059278,72.90571706846495,100.44862748540808,Low,0
Mar,Saturday,3,Ripening/Maturation,-0.5901983160544872,0.0,0.14488517216977487,7.071772783200763,61.55479265444243,21.344812298479404,77.31145234092192,95.32064403485678,Low,0
Mar,Saturday,4,Ripening/Maturation,-0.47949821202913767,0.0,0.13201167645269754,6.712469200421402,61.776577477556444,21.741842993017467,82.32961786859856,98.35373333730568,Low,0
Mar,Saturday,5,Ripening/Maturation,-1.2853724857319482,0.0,0.08985887098692878,6.650851821212784,57.51169520671253,22.987593501949274,74.70361181968696,94.19782847364458,Low,0
Mar,Saturday,6,Ripening/Maturation,-0.8976767526997915,0.0,0.15269241122580657,6.96916136809242,62.909056249616135,22.21104204562156,82.16170198976725,92.01456810460304,Low,0
Mar,Saturday,7,Ripening/Maturation,-0.7808472577612101,0.0,0.10140543863166317,6.977768607978889,62.60807579099067,23.575880093167616,75.01662107029699,92.7593012414553,Low,0
Mar,Saturday,8,Ripening/Maturation,-0.6671535321425226,0.0,0.09279227535121977,6.515614102872775,64.47082625221451,26.419456319104803,75.65037515774681,95.214274792404,Low,0
Mar,Saturday,9,Ripening/Maturation,-0.16269558916914212,0.0,0.13704317161738827,6.663931500205371,62.68787115928173,28.128030627943442,77.95833466637205,97.35189954809465,Low,0
Mar,Saturday,10,Ripening/Maturation,-1.050107417429396,0.0,0.12021592778669826,6.672671431800097,60.696183905768656,28.614643892205336,84.02037720514281,96.11964780910894,Low,0
Mar,Saturday,11,Ripening/Maturation,-1.834557709438013,0.0,0.10169806827399866,6.539813637313271,59.43715255447004,28.929775561922916,76.47997841076305,95.41608009002006,Low,0
Mar,Saturday,12,Ripening/Maturation,-1.5104301219433296,0.0,0.10050960161635134,6.726117000667097,61.658762858350194,30.390646951242903,73.20111163491332,98.83672496299555,Low,0
Mar,Saturday,13,Ripening/Maturation,-1.3707768451113413,0.0,0.08255711200676556,6.53368405818632,57.26970432753782,30.188385433237947,74.19419185756263,96.04663121931955,Low,0
Mar,Saturday,14,Ripening/Maturation,-1.1827106845816062,0.0,0.10614881138793973,6.565528875299458,62.13360662448089,29.98161270242622,81.19584457081754,96.74112834240142,Low,0
Mar,Saturday,15,Ripening/Maturation,-1.3156588270681449,0.0,0.15850033024206026,6.656665847104624,60.301427690690794,29.17283076833788,74.33577914472316,103.81923497125975,Low,0
Mar,Saturday,16,Ripening/Maturation,-0.9308649048782953,0.0,0.12855926620458574,6.403924212335407,59.1486496923847,29.369638457601912,81.9638937264435,96.02157040000155,Low,0
Mar,Saturday,17,Ripening/Maturation,-0.48410892655971655,0.0,0.1535507928272071,6.328896072465235,58.16892707094855,27.562822595931305,78.60937246330182,94.30205388450108,Low,0
Mar,Saturday,18,Ripening/Maturation,-0.30346386678539133,0.0,0.13806239881861454,6.877669566718116,62.49873929595835,26.67463061845217,78.30318632015518,97.24406608525041,Low,0
Mar,Saturday,19,Ripening/Maturation,-0.48160431942788556,0.0,0.09857138275598633,6.600878418139372,65.23957559992122,25.224228388033012,79.29191273787838,97.87688904137977,Low,0
Mar,Saturday,20,Ripening/Maturation,-1.4609974061421227,0.0,0.06228005538255149,7.155642765718107,63.34297555874169,22.74218461509331,75.99723899230969,96.7941253123689,Low,0
Mar,Saturday,21,Ripening/Maturation,-1.0008719301658808,0.0,0.08756009723536716,7.1378835518936805,61.80865978894208,21.969818308091877,78.81361576448558,96.43394782234013,Low,0
Mar,Saturday,22,Ripening/Maturation,-0.391394182366963,0.0,0.09650674661158681,6.673224933303932,66.48466529000379,23.20726098577583,74.82078100978885,99.74724407331138,Low,0
Mar,Saturday,23,Ripening/Maturation,-0.11515206687504298,0.0,0.09379959953979192,7.192316562777532,63.1377528735864,22.747531761822685,82.4466727889622,99.43478469735572,Low,0
Mar,Sunday,0,Ripening/Maturation,-0.7063476476056927,0.0,0.15433569744009024,6.914398001968072,63.71137274903191,24.45769422144611,76.218114310268,96.94683045305342,Low,0
Mar,Sunday,1,Ripening/Maturation,-0.5030471443581589,0.0,0.15397059633973958,6.65699728080831,61.390225075727564,22.62308231079575,80.6166419047711,95.63084692860869,Low,0
Mar,Sunday,2,Ripening/Maturation,-0.23235995334314397,0.0,0.1974157874096826,6.3037715903656215,61.91313843340815,22.933150431211267,76.19574909321818,98.31259044119894,Low,0
Mar,Sunday,3,Ripening/Maturation,0.32480820613484773,0.041666666666666664,0.1013899641616377,6.897257838072505,62.92452146096237,22.607339113036826,77.70038624052579,95.61649993837888,Low,0
Mar,Sunday,4,Ripening/Maturation,-0.2839569416189522,0.0,0.1759106907122545,6.783697440581023,58.69744544586589,22.295721126505505,78.17850389752059,99.45248750360757,Low,0
Mar,Sunday,5,Ripening/Maturation,-0.5102549451267746,0.0,0.17569435219824459,6.857625584028916,64.84957265158957,22.167966760329946,88.24404394276407,98.29972402390061,Low,0
Mar,Sunday,6,Ripening/Maturation,-0.2650246075722491,0.0,0.11187076846863978,6.732153562093296,61.58067606355056,22.610395075726853,79.25666173979435,103.91466092951951,Low,0
Mar,Sunday,7,Ripening/Maturation,-0.36623404265457665,0.0,0.1365744388929082,6.53802413139568,61.01816073811863,24.5721080731016,76.8354106088794,100.92282557221885,Low,0
Mar,Sunday,8,Ripening/Maturation,-0.9868012305983499,0.0,0.16342566371994238,6.6340914969143485,58.77173368333862,26.769580232656004,77.96633316467837,94.5427320883999,Low,0
Mar,Sunday,9,Ripening/Maturation,-0.8389012755522015,0.0,0.11793763820682088,6.825544728547413,61.07791806560215,27.609998861512878,74.78598234463743,95.94261162930988,Low,0
Mar,Sunday,10,Ripening/Maturation,-0.6480351395358461,0.0,0.11522628779748752,6.624822326081581,65.47170028623346,28.259340519404056,78.81164223563484,92.45470749732378,Low,0
Mar,Sunday,11,Ripening/Maturation,-0.716522561219631,0.0,0.09804319026088919,6.607805769489228,65.96790355471832,29.321267745940165,84.85325999322662,91.89521631671484,Low,0
Mar,Sunday,12,Ripening/Maturation,-0.7288739631956855,0.0,0.03739865184679396,6.402269218002643,58.42896873672619,29.116073743132045,80.30811859294009,97.52415050162023,Low,0
Mar,Sunday,13,Ripening/Maturation,-0.9674091750946694,0.0,0.12246650657709678,6.653356520597222,60.46932198782022,31.703971074857847,82.01020284918057,94.25862406760416,Low,0
Mar,Sunday,14,Ripening/Maturation,-0.4027241472869667,0.0,0.09515457353913008,6.466229984432675,60.464746506323884,29.74148440663791,76.5701690805847,101.34254766240635,Low,0
Mar,Sunday,15,Ripening/Maturation,-0.9977802593934144,0.0,0.08236279817341104,6.822484166275715,63.08200285987885,30.356703311329678,78.68997349227489,100.13437197421364,Low,0
Mar,Sunday,16,Ripening/Maturation,-1.3762983888852522,0.0,0.13477670775505102,6.547598449773093,60.770070961263244,28.850892545698265,79.91170790576852,96.56084724941925,Low,0
Mar,Sunday,17,Ripening/Maturation,-1.4374812766198726,0.0,0.06920407157126157,6.645184705517643,58.77690628135263,27.605903879541398,77.12407950872125,96.41880223247739,Low,0
Mar,Sunday,18,Ripening/Maturation,-1.1011823632054667,0.0,0.14821279619482164,7.115735367643148,61.00230848948892,25.752111612722594,80.50002021019327,100.95301572530171,Low,0
Mar,Sunday,19,Ripening/Maturation,-1.8796429021651848,0.0,0.13692597603411824,6.704442714502656,58.03401979198814,23.524928360749172,81.1462852455663,101.5261015641374,Low,0
Mar,Sunday,20,Ripening/Maturation,-2.460039455819722,0.0,0.10599323759059619,6.70919395790195,60.82439749478245,21.60017167960642,80.92854415250963,94.908088563432,Low,0
Mar,Sunday,21,Ripening/Maturation,-3.2787377705415026,0.0,0.11778414115044393,6.861545372796148,56.72494838073247,23.75777231104395,78.84675016798498,94.58662548457414,Low,0
Mar,Sunday,22,Ripening/Maturation,-3.040979409079498,0.0,0.07834226170460153,6.454160342653336,57.54129626004208,22.466168863069797,82.57273390195769,96.48685546568394,Low,0
Mar,Sunday,23,Ripening/Maturation,-3.342639820539114,0.0,0.14626185111778817,6.9885174649658826,50.143829474640334,23.27521419695012,78.52714768444457,98.31756259676553,Low,0
Mar,Monday,0,Ripening/Maturation,-3.414751128505034,0.0,0.1265577484367943,6.939165324570263,55.171019933930296,23.4829255501162,79.15353763666816,97.15332085916022,Low,0
Mar,Monday,1,Ripening/Maturation,-2.99341698518637,0.0,0.12916474841063405,6.876206477238641,60.48222115367078,22.046322455920627,84.52461702130138,99.56803541040497,Low,0
Mar,Monday,2,Ripening/Maturation,-3.2055661649458926,0.0,0.13756616328855958,6.163915381983131,58.458899344203225,22.713804612742276,76.87910110089827,103.31324659694589,Low,0
Mar,Monday,3,Ripening/Maturation,-2.985095092674146,0.0,0.09751546051378966,6.729640764968464,52.64159260574144,22.41100862039308,75.09109323764356,94.92242200708941,Low,0
Mar,Monday,4,Ripening/Maturation,-3.026481926735936,0.0,0.06683296037776731,6.5616456449552425,55.60959171046656,21.449228957586488,77.59655105128573,97.32331029984358,Low,0
Mar,Monday,5,Ripening/Maturation,-2.6200259830446773,0.0,0.1535061431219421,6.981439980823568,54.80889870885534,22.226616019276594,81.36172578003412,94.97002021126352,Low,0
Mar,Monday,6,Ripening/Maturation,-2.3574480484451517,0.0,0.14410514447643427,6.9592859166232115,61.26432780445738,22.845005272191383,84.05077304339557,96.34603797017863,Low,0
Mar,Monday,7,Ripening/Maturation,-2.6584784527865737,0.0,0.10126244188551731,6.826002619154911,57.60820827786404,23.755944067641828,78.21844447545516,97.70080876966887,Low,0
Mar,Monday,8,Ripening/Maturation,-2.6867828469745527,0.0,0.13431885696955143,6.512147054165153,55.51613004779821,25.586195356642975,85.64451256087126,96.61947208809784,Low,0
Mar,Monday,9,Ripening/Maturation,-2.173333820479085,0.0,0.16402907035512826,6.973109583936067,58.35231471793177,27.224224930561352,80.28159206282895,99.73744391587002,Low,0
Mar,Monday,10,Ripening/Maturation,-2.0345808273310024,0.0,0.1598545281079379,6.610509865104607,53.40227495626863,30.318875324792323,79.85341135840544,98.81489070780982,Low,0
Mar,Monday,11,Ripening/Maturation,-2.732723637615981,0.0,0.10024044072488016,7.015734115139065,54.7715406628085,28.115511793535802,77.65018557754132,99.18504770157942,Low,0
Mar,Monday,12,Ripening/Maturation,-2.4221475341559544,0.0,0.0678933634098012,6.7016336029851304,57.75973336967833,30.575737936676397,86.0540655059069,97.67075555091836,Low,0
Mar,Monday,13,Ripening/Maturation,-2.9508371260137847,0.0,0.07389747011411363,6.7511405123320225,58.10934163447356,30.172328738198267,79.74913336594304,97.90098003197734,Low,0
Mar,Monday,14,Ripening/Maturation,-2.293622380222735,0.0,0.10908958954657112,6.584716720218955,54.11267804627075,29.66189937065264,76.20403592142486,97.56077363099976,Low,0
Mar,Monday,15,Ripening/Maturation,-1.913352334674565,0.0,0.17118109966505057,6.925345248338311,58.145643781376194,29.36045037749434,87.57300600649138,97.81585567511262,Low,0
Mar,Monday,16,Ripening/Maturation,-1.924503121775616,0.0,0.09450441057505211,6.784564806350685,60.90056398477616,29.163552854810977,81.38101028155704,99.48502327801769,Low,0
Mar,Monday,17,Ripening/Maturation,-1.9986816040022406,0.0,0.09912852514467256,6.953082445301337,55.800257501648076,27.94253729008632,82.59649135181284,93.62877328610358,Low,0
Mar,Monday,18,Ripening/Maturation,-2.2289640279875993,0.0,0.09840811156585887,6.754534161575143,58.6088520023981,25.994883610888266,85.24468066252217,99.1573533163287,Low,0
Mar,Monday,19,Ripening/Maturation,-2.02593698476082,0.0,0.10138942212989666,6.7285926334617185,58.76970024278604,25.029360524815814,82.04338774736333,96.26567359104831,Low,0
Mar,Monday,20,Ripening/Maturation,-2.3186245612710037,0.0,0.11960706045696805,6.868772433380578,61.3640616936628,23.39006639608046,83.12466807113337,97.59035589975295,Low,0
Mar,Monday,21,Ripening/Maturation,-2.289692246516585,0.0,0.07519824389068855,7.026735780333009,57.544466222136926,23.02810075356049,80.36297521698417,94.53366775374126,Low,0
Mar,Monday,22,Ripening/Maturation,-1.9682982004038436,0.0,0.1579525984714433,6.9664414847168175,58.43288312228063,21.938046039082224,82.40119686230567,97.54082073803349,Low,0
Mar,Monday,23,Ripening/Maturation,-2.3252648634771775,0.0,0.11493126226966237,6.795821986697215,59.629283833984154,22.7705532393703,80.09752655633012,99.13221008279592,Low,0
Mar,Tuesday,0,Ripening/Maturation,-2.799603404475074,0.0,0.20676971011538675,6.436585260717315,54.12825449316113,22.774360527310854,81.03936974247682,100.77812755908731,Low,0
Mar,Tuesday,1,Ripening/Maturation,-3.4550301498534357,0.0,0.07892501505074948,6.932532064290597,54.76616122725004,21.722494853082758,81.45915026960185,96.66958787276462,Low,0
Mar,Tuesday,2,Ripening/Maturation,-3.9484275535196214,0.0,0.1756453160138718,6.536741403186933,53.112323849871885,21.119448884756594,79.90955456186146,100.65751321151862,Low,0
Mar,Tuesday,3,Ripening/Maturation,-4.706366242786299,0.0,0.16869708892952706,6.807449343563915,51.926897391902685,20.756779502900354,82.61313350600777,102.48485693907558,Low,0
Mar,Tuesday,4,Ripening/Maturation,-4.19920565784268,0.0,0.10559105969040229,6.755198820391951,55.11871931910324,22.43088439208972,82.60553552564532,98.40119156778465,Low,0
Mar,Tuesday,5,Ripening/Maturation,-3.2725638452081824,0.0,0.10617287852708464,6.518100196469787,56.754169741664704,22.613431771893534,83.55674979968379,99.63769945430771,Low,0
Mar,Tuesday,6,Ripening/Maturation,-2.6465957712062886,0.0,0.08775457643545362,6.858106935109118,55.650805532047556,21.42957473787807,83.01881954510642,94.4640502512274,Low,0
Mar,Tuesday,7,Ripening/Maturation,-3.4830689065200655,0.0,0.08815625011661557,7.125397293171935,55.41403303100626,24.991993337691603,87.10012915484809,97.39283152756538,Low,0
Mar,Tuesday,8,Ripening/Maturation,-3.1494083015104177,0.0,0.11997879175787997,6.6667133379019505,58.92230330457605,25.967844432377593,84.25788921890971,100.311717209662,Low,0
Mar,Tuesday,9,Ripening/Maturation,-2.5564839384441065,0.0,0.12072435944862264,6.823721131632332,55.701707150139534,28.44248050680215,80.47824432875623,102.02408517718148,Low,0
Mar,Tuesday,10,Ripening/Maturation,-2.902229567283219,0.0,0.06391756565705924,7.102632962637613,56.8249825993143,28.92608055573111,82.45921451147775,98.13722218972676,Low,0
Mar,Tuesday,11,Ripening/Maturation,-2.960172839749911,0.0,0.20027268631640524,6.836825118135857,56.00926383072295,28.72968408571603,85.33809434248005,106.30888184605858,Low,0
Mar,Tuesday,12,Ripening/Maturation,-3.971889403935914,0.0,0.11091690999929282,6.5383124806003075,53.84145539888025,30.54104826808671,78.25008043295341,100.42014076717041,Low,0
Mar,Tuesday,13,Ripening/Maturation,-3.8310646338943104,0.0,0.1222964297026016,6.69149633496363,51.04412963415485,30.91108855589768,87.14272537934852,96.45202447728124,Low,0
Mar,Tuesday,14,Ripening/Maturation,-4.320406352283619,0.0,0.09808168983052953,6.752995566528502,55.95255046314372,29.736324428744982,78.77608169875055,102.85337344477675,Low,0
Mar,Tuesday,15,Ripening/Maturation,-4.182950826070761,0.0,0.1106546661317858,6.944150215808741,51.9122142156538,28.42907654537145,83.80082617971333,96.5030588392148,Low,0
Mar,Tuesday,16,Ripening/Maturation,-4.8649031590801775,0.0,0.1074742661064527,6.900380730647012,53.87637635851464,28.709888711189524,81.11980132067347,100.45648423016134,Low,0
Mar,Tuesday,17,Ripening/Maturation,-4.509449770171088,0.0,0.11989743509611589,6.2154873080735245,51.434567335494364,26.56224270661692,80.94720280025669,97.31231400992945,Low,0
Mar,Tuesday,18,Ripening/Maturation,-3.9886849872940138,0.0,0.11948935313501599,6.557241479953848,52.67614672670284,26.74278004338937,77.19126137905653,96.24183054327241,Low,0
Mar,Tuesday,19,Ripening/Maturation,-4.35261928122173,0.0,0.14817032219893747,6.742453798019913,55.47996022599879,23.829426127309237,83.82250028476196,102.04079714052597,Low,0
Mar,Tuesday,20,Ripening/Maturation,-4.81989187715971,0.0,0.12795269779845717,6.573428115465295,53.92002870177254,23.754680885194638,77.23492544468299,98.98597425805151,Low,0
Mar,Tuesday,21,Ripening/Maturation,-5.672554504671872,0.0,0.14464990571398262,6.13634842337391,50.303200986715474,20.67567306598493,76.77168930141485,103.9495968030673,Low,0
Mar,Tuesday,22,Ripening/Maturation,-5.545371853240528,0.0,0.1196566212368098,6.644646124955137,51.71340865183537,22.482836483316117,84.57910905521973,97.09058269663554,Low,0
Mar,Tuesday,23,Ripening/Maturation,-5.56600808631249,0.0,0.1280938394287062,6.7590723789710045,49.56447503233723,23.518514112081057,86.46881678737924,95.73631491256478,Low,0
Mar,Wednesday,0,Ripening/Maturation,-6.16287013422981,0.0,0.1115543011060855,6.693007408884588,48.692376422410675,21.66275654729016,79.99826270130703,99.63416962271893,Low,0
Mar,Wednesday,1,Ripening/Maturation,-5.76167218633158,0.0,0.1551089107018177,6.599335625313783,48.34873796787657,22.24763925149837,85.0093276709657,108.05960533266578,Low,0
Mar,Wednesday,2,Ripening/Maturation,-5.811169196528696,0.0,0.13129178503305738,6.789175061033638,51.36132382693165,22.052571428508763,84.38957906019303,102.91812235175097,Low,0
Mar,Wednesday,3,Ripening/Maturation,-6.125182902571337,0.0,0.11446738009204849,6.84683608325121,47.41273437149408,21.827985886278174,81.72544391466556,102.21806586767475,Low,0
Mar,Wednesday,4,Ripening/Maturation,-6.152924078408558,0.0,0.11342314529070378,6.689592047792843,51.703294901695166,22.570698112891424,86.00745064481268,102.30068135872311,Low,0
Mar,Wednesday,5,Ripening/Maturation,-5.440241743869313,0.0,0.11617662305635511,7.03933394725725,49.811751478074,21.338662719200716,81.50913345917031,99.62122472917899,Low,0
Mar,Wednesday,6,Ripening/Maturation,-5.036430719482205,0.0,0.12106553732869611,6.788595220234268,51.45358340127538,22.28622497493582,83.55260243595707,107.65670901757974,Low,0
Mar,Wednesday,7,Ripening/Maturation,-5.020656225385297,0.0,0.11802736145733779,6.587108096538749,52.967881100383956,24.567962861798172,78.23869034997202,101.97854689313294,Low,0
Mar,Wednesday,8,Ripening/Maturation,-4.674876295181178,0.0,0.10044054206760242,6.524973357819563,52.32802573394434,25.67399494383115,78.36691110954678,101.74412404229658,Low,0
Mar,Wednesday,9,Ripening/Maturation,-5.18630020639615,0.0,0.14677151943438915,6.675724109590222,50.45706287607862,26.562755054881247,85.50713489436635,103.2954907071171,Low,0
Mar,Wednesday,10,Ripening/Maturation,-5.09929607661797,0.0,0.14898265973918595,6.8711087149573595,51.20164252049993,29.45380017862544,83.65361563472024,97.65022527421571,Low,0
Mar,Wednesday,11,Ripening/Maturation,-4.984561888406963,0.0,0.18243498932652613,6.511731684666543,53.32468817493846,30.166956512512833,81.57262937218624,98.63496603543784,Low,0
Mar,Wednesday,12,Ripening/Maturation,-5.17629409729886,0.0,0.09887296012743337,6.779636203713232,49.751189722209325,29.341473560411593,87.72353560289342,100.21954860793514,Low,0
Mar,Wednesday,13,Ripening/Maturation,-4.946483250150649,0.0,0.1433253553803237,6.689424534582846,51.37596618509191,29.339713947981966,87.69194701549621,103.31165387941698,Low,0
Mar,Wednesday,14,Ripening/Maturation,-5.307815094164006,0.0,0.05318019393010612,7.030088678040949,50.78181722868134,29.41288376465953,83.3175039992804,97.58820080148793,Low,0
Mar,Wednesday,15,Ripening/Maturation,-5.048094339204377,0.0,0.14901650727576607,6.732460721324766,53.113743976964805,30.018969475609126,77.63303464530036,100.66494728574126,Low,0
Mar,Wednesday,16,Ripening/Maturation,-4.813604373756565,0.0,0.06901962597474853,6.554067624219631,51.747658755241375,28.850110178914274,81.66520303599899,100.31120953241808,Low,0
Mar,Wednesday,17,Ripening/Maturation,-6.177896517676935,0.0,0.08554841137497002,6.825121746405246,52.2896465465628,27.99498458482644,79.5022545100127,96.8973688142691,Low,0
Mar,Wednesday,18,Ripening/Maturation,-5.504497883067055,0.0,0.13162788651555365,6.8673267122837744,49.97612792520888,25.58514973849997,82.26854077243888,99.56100423581611,Low,0
Mar,Wednesday,19,Ripening/Maturation,-6.830777643779015,0.0,0.09824753376021908,6.689807316561996,46.63076637811981,23.415380081650426,79.1911085002674,102.18896362876592,Low,0
Mar,Wednesday,20,Ripening/Maturation,-6.872270524380092,0.0,0.09345762714989814,6.556329615359624,46.66448649825232,23.110077190731598,78.41132222672019,97.12515921910462,Low,0
Mar,Wednesday,21,Ripening/Maturation,-6.161538712273475,0.0,0.1030314392125579,6.880002716582197,46.07902423322764,21.93224118923907,75.21216026882334,104.36166981760573,Low,0
Mar,Wednesday,22,Ripening/Maturation,-6.144346763363231,0.0,0.1455369097171484,6.786069155147453,46.680114074410874,22.52423844468318,82.5017719405029,102.00344679691452,Low,0
Mar,Wednesday,23,Ripening/Maturation,-6.63474848625814,0.0,0.08734883612537898,6.522495081556625,46.515269853502275,21.1350601287077,75.10371064966272,101.69834996166185,Low,0
Mar,Thursday,0,Ripening/Maturation,-7.031765375954502,0.0,0.11810457975221125,6.829526504910183,48.895422795409445,21.91915166054176,81.93927802374668,102.05172019487519,Low,0
Mar,Thursday,1,Ripening/Maturation,-6.406228504266569,0.0,0.10674703004112322,6.650103522504884,48.05879947103621,23.18251705675321,84.98319091979289,99.30044506731608,Low,0
Mar,Thursday,2,Ripening/Maturation,-7.183233552416137,0.0,0.1486961769965155,6.512661927264792,45.290951094969856,21.801980346664113,80.73371293838782,100.4070078740608,Low,0
Mar,Thursday,3,Ripening/Maturation,-6.468586627366829,0.0,0.1496772613928995,6.703720012332687,50.42846158553281,23.0266030571612,79.6455144610016,102.9358867825178,Low,0
Mar,Thursday,4,Ripening/Maturation,-6.379045199319066,0.0,0.05576513708973606,7.035772608511494,51.29264578741876,20.510184243049444,82.69645912732389,100.4021119888048,Low,0
Mar,Thursday,5,Ripening/Maturation,-6.8089264046253275,0.0,0.15657882965675102,7.001038769931569,49.669341550714734,21.92748667228545,80.41418341457336,102.50312268352363,Low,0
Mar,Thursday,6,Ripening/Maturation,-6.902778490513992,0.0,0.0986235432739416,6.949346634111864,45.227151628296106,22.237916283297494,83.45697376897712,99.78404670188787,Low,0
Mar,Thursday,7,Ripening/Maturation,-7.180510089849607,0.0,0.12827022695088358,6.777723924501716,45.27627854397363,25.549199714324438,79.80151040346469,103.15982478250913,Low,0
Mar,Thursday,8,Ripening/Maturation,-6.576702092098887,0.0,0.08713819408658463,6.846081202469984,51.34338711959211,24.910819608928904,82.58651822145093,103.34645149498976,Low,0
Mar,Thursday,9,Ripening/Maturation,-6.125423052533624,0.0,0.13298971109484242,6.711760328897627,49.28126405791935,27.89971305122754,81.86073783448013,97.96202836025083,Low,0
Mar,Thursday,10,Ripening/Maturation,-6.850686335423137,0.0,0.2092972133767386,6.471462892010247,46.523098665192315,29.475197284743274,82.86543515346521,102.19952134125246,Low,0
Mar,Thursday,11,Ripening/Maturation,-6.894224568587574,0.0,0.12445079464497616,6.5144262698252025,48.3905569580515,29.005559225423934,87.80545478205156,98.22708018027414,Low,0
Mar,Thursday,12,Ripening/Maturation,-7.151166677040239,0.0,0.10390532988237752,6.555073371323067,48.35179810981965,29.875604138436437,83.49943262475149,97.37864755735824,Low,0
Mar,Thursday,13,Ripening/Maturation,-6.414305989657912,0.0,0.11187435678635607,6.907420088508797,46.96276648296448,30.48830301904952,84.41333236677708,100.54651937371906,Low,0
Mar,Thursday,14,Ripening/Maturation,-6.982047754262694,0.0,0.06858395149666931,6.871465801746171,47.1819653070094,28.989235323700566,81.02562074845406,109.02354390544829,Low,0
Mar,Thursday,15,Ripening/Maturation,-6.1510062038358,0.0,0.17071371501575605,6.479842012995218,50.59070524922819,29.218668373730267,83.56976925668005,103.96971988256227,Low,0
Mar,Thursday,16,Ripening/Maturation,-6.180983212866848,0.0,0.13095090876588136,6.677352278387395,46.34506599719986,29.65054149250137,82.07558967937621,105.5115101091425,Low,0
Mar,Thursday,17,Ripening/Maturation,-6.719546411424693,0.0,0.08328857327957537,6.623315080351087,47.39777952743302,27.781042263561407,82.98896812212507,103.55229134630923,Low,0
Mar,Thursday,18,Ripening/Maturation,-6.966283296629411,0.0,0.08442885984549364,6.698771869705569,44.55214078198799,25.72066888135387,84.84683671259664,102.54485846075707,Low,0
Mar,Thursday,19,Ripening/Maturation,-7.2327624789352605,0.0,0.12053488327020892,6.6523279121718035,44.17420905670175,24.245625361119696,81.3992984792592,104.26972904183586,Low,0
Mar,Thursday,20,Ripening/Maturation,-7.66988925757674,0.0,0.15261983876684704,7.022928627718772,43.96606562685522,22.839724292423817,81.70586369197483,100.4323215783437,Low,0
Mar,Thursday,21,Ripening/Maturation,-7.421780906915468,0.0,0.079715353194206,6.764202901587824,46.64196489916181,22.99292811832809,81.44075599215437,103.20753654182694,Low,0
Mar,Thursday,22,Ripening/Maturation,-7.793493577758632,0.0,0.158969326965351,6.822460194596778,44.15157015610301,21.929868682096718,81.38284106977906,104.97399453106209,Low,0
Mar,Thursday,23,Ripening/Maturation,-8.529951404014632,0.0,0.11679282568150838,6.798824825784641,41.73128038042807,23.602776754623736,83.41970569172085,103.77980430502444,Low,0
Mar,Friday,0,Ripening/Maturation,-8.495868174889816,0.0,0.08744148152475162,6.5760801900925605,43.213025506914356,23.42807856096373,82.70805422403214,106.33611657925834,Low,0
Mar,Friday,1,Ripening/Maturation,-9.094305341138822,0.0,0.10363083506994578,6.7882875740470565,39.37974172473396,22.91680610428257,88.29386909073574,103.68566706573833,Low,0
Mar,Friday,2,Ripening/Maturation,-9.124330539565326,0.0,0.18119938569953986,6.978207546311782,42.459213140711036,21.700632107323287,91.83748813358251,107.459368296243,Low,0
Mar,Friday,3,Ripening/Maturation,-9.210627887175105,0.0,0.07141253322091319,7.054202064267774,43.65726659469637,21.558820874583525,82.09617314443807,102.70858728212345,Low,0
Mar,Friday,4,Ripening/Maturation,-9.260007526152325,0.0,0.09438374654188487,6.5741875513696595,41.1175738552584,22.113716962722727,84.68200857461409,108.52339774168873,Low,0
Mar,Friday,5,Ripening/Maturation,-8.005098266842822,0.0,0.1533404254622222,6.502797596098296,43.882466172976805,22.42361207811553,86.91402272816572,104.66318522265206,Low,0
Mar,Friday,6,Ripening/Maturation,-7.799254859814075,0.0,0.12757599652087723,6.809281126794183,45.52866904287736,20.96020650755276,83.00275281392808,102.26930102709979,Low,0
Mar,Friday,7,Ripening/Maturation,-7.538867415459597,0.0,0.09230657136096818,6.943889933955005,41.34977936523388,24.55092197848672,80.81682658208281,100.28134120634297,Low,0
Mar,Friday,8,Ripening/Maturation,-8.229625521419404,0.0,0.1537677632727688,6.774086765910775,44.822533661789166,26.876039724019243,89.01451993439429,101.20918908399027,Low,0
Mar,Friday,9,Ripening/Maturation,-8.326368681834717,0.0,0.15543035066092134,6.817591827793346,49.72048677108641,27.824097726734568,85.85847188141562,100.83076250102526,Low,0
Mar,Friday,10,Ripening/Maturation,-8.028546438459733,0.0,0.13159867339813286,6.4463230319743134,43.9861361054672,28.08880961750085,84.75607135891919,103.00736865071372,Low,0
Mar,Friday,11,Ripening/Maturation,-8.342161370231755,0.0,0.09856611943457701,6.575333829451917,43.24056264401113,28.94722822529896,88.15156720039283,100.04427082738367,Low,0
Mar,Friday,12,Ripening/Maturation,-7.754886054371771,0.0,0.10395933830579747,6.26098520736537,46.37548746970712,30.414305172793853,86.11069952147122,106.46106278840148,Low,0
Mar,Friday,13,Ripening/Maturation,-8.212353159180765,0.0,0.12996366228544395,6.6330667957197855,47.08101775436209,30.252357027729456,83.65619489211822,103.5059738526775,Low,0
Mar,Friday,14,Ripening/Maturation,-8.205244033590343,0.0,0.07408248285753172,6.265007657095322,45.75735000825144,30.528856236859315,80.87010740273944,103.40454086381091,Low,0
Mar,Friday,15,Ripening/Maturation,-8.344136894710394,0.0,0.16647247083965894,6.901417185711728,39.162857695527954,30.06412804130386,82.32000476672707,100.3156995937568,Low,0
Mar,Friday,16,Ripening/Maturation,-8.13370423307007,0.0,0.17950731810365433,6.949820399980709,45.10590751595733,29.50316428285997,87.41446961601555,101.30657240769018,Low,0
Mar,Friday,17,Ripening/Maturation,-8.31979209381892,0.0,0.11174158025559053,6.740957533495224,48.67635926531794,26.457219671726254,85.84625696442986,97.67824830396998,Low,0
Mar,Friday,18,Ripening/Maturation,-8.315178888421748,0.0,0.13246365723507825,6.449886364549674,44.788452761306736,26.023365071219914,83.24000014186699,107.27367951786033,Low,0
Mar,Friday,19,Ripening/Maturation,-8.293898306386517,0.0,0.16150307149972642,6.82216246567715,41.285440238128864,23.864387468481453,89.09968958348635,99.684875057267,Low,0
Mar,Friday,20,Ripening/Maturation,-8.494917834659484,0.0,0.1884446293498691,7.112702481050193,43.67585644565446,22.296091964851712,83.32833614082757,99.87440730900205,Low,0
Mar,Friday,21,Ripening/Maturation,-8.111240884817152,0.0,0.17449434674217446,6.852134483711621,41.4716473737567,23.066527082134996,86.76255388219349,106.76210014684679,Low,0
Mar,Friday,22,Ripening/Maturation,-7.882147947821464,0.0,0.05925618703244226,6.978494607811751,47.048452303766204,23.153500698440993,84.46011714186021,104.19807831371602,Low,0
Mar,Friday,23,Ripening/Maturation,-7.820461199255963,0.0,0.10895562090853685,6.672763920090077,42.81912794572984,23.493754920306923,89.59885911226826,103.53100863531687,Low,0
Mar,Saturday,0,Ripening/Maturation,-8.064113992529121,0.0,0.1375240888019127,6.614950108385571,44.294613687314154,22.715472200294613,86.95913646118399,105.27775452181346,Low,0
Mar,Saturday,1,Ripening/Maturation,-7.708822197742134,0.0,0.10270239460843239,6.765440039839793,43.28326672143518,22.286986567395363,84.83847844363919,106.81183426648624,Low,0
Mar,Saturday,2,Ripening/Maturation,-7.856023610885728,0.0,0.18239683607641277,6.433102577744074,43.552647218778276,22.172697224439695,84.16359556369949,104.67677162519243,Low,0
Mar,Saturday,3,Ripening/Maturation,-8.004356963716369,0.0,0.17702813104809217,7.2052280010652465,47.26184457880171,20.987195998084264,84.65388249681347,100.56824647328877,Low,0
Mar,Saturday,4,Ripening/Maturation,-7.939012341672093,0.0,0.09144244505594445,6.785935187827706,44.65328470977437,23.446788035918882,82.52380818657298,106.26005801427222,Low,0
Mar,Saturday,5,Ripening/Maturation,-7.161567352124064,0.0,0.11431599930329968,6.936756912751489,45.19383340745081,22.117481268971463,80.59989058738415,105.48294302494155,Low,0
Mar,Saturday,6,Ripening/Maturation,-7.857919327547348,0.0,0.0937656052333627,6.687732700168647,42.35053767211292,22.77971764800233,85.62620617032754,107.35596670196779,Low,0
Mar,Saturday,7,Ripening/Maturation,-7.508855765438757,0.0,0.11317050445628407,6.464268983041841,41.735343190148114,24.69836469224446,83.09944445990688,101.30433617464462,Low,0
Mar,Saturday,8,Ripening/Maturation,-8.411918847160152,0.0,0.1121098677733316,6.996399406937051,40.808833499770266,24.849817505700354,83.09147434706384,102.60372858936915,Low,0
Mar,Saturday,9,Ripening/Maturation,-8.24664016618782,0.0,0.15339902701614005,6.510798329856674,43.93198208403799,26.62424130090216,84.43347929035794,105.40730554511879,Low,0
Mar,Saturday,10,Ripening/Maturation,-7.503634381608708,0.0,0.08890373676931579,6.727281960661633,47.45174502158442,29.867267785388634,84.8566703151918,102.0658044169785,Low,0
Mar,Saturday,11,Ripening/Maturation,-7.365353710074288,0.0,0.02841376382654827,6.745028775701009,44.70244811097731,29.815099355766186,84.72212803475472,98.54497707606892,Low,0
Mar,Saturday,12,Ripening/Maturation,-7.402234016432092,0.0,0.0638409921217813,6.680161913171962,48.87572556200101,29.709954766015777,89.91488605542536,104.9204097801755,Low,0
Mar,Saturday,13,Ripening/Maturation,-7.775616759414118,0.0,0.08400944355526445,6.517166001620735,43.403518932949666,30.273922391097965,86.68713840373421,106.66460241608391,Low,0
Mar,Saturday,14,Ripening/Maturation,-7.842370283987403,0.0,0.0970507943851025,6.619915005015465,44.202287872670475,31.04341282132086,91.02344673499087,104.10475378097941,Low,0
Mar,Saturday,15,Ripening/Maturation,-8.03732605454993,0.0,0.12655110402153247,6.48653781340727,42.05126402840567,30.330202527006797,83.38302889040645,105.79742115146946,Low,0
Mar,Saturday,16,Ripening/Maturation,-8.453036236378598,0.0,0.08220721330648992,6.846300187911321,45.19423650182708,27.456786449952524,87.05116192938473,105.43550211912803,Low,0
Mar,Saturday,17,Ripening/Maturation,-8.59219666684856,0.0,0.07761147934090239,6.785323264602567,47.073749227652584,28.670345489807385,83.54976237811043,104.4533217273234,Low,0
Mar,Saturday,18,Ripening/Maturation,-8.493828722318975,0.0,0.08746934038217616,6.709362736976288,39.59117714456206,26.61898833773941,83.01660442622533,104.76699122507604,Low,0
Mar,Saturday,19,Ripening/Maturation,-8.842081858632383,0.0,0.08095210995940766,6.649698926012236,41.586679402012884,24.03318727217724,91.1366278792191,107.79992861332391,Low,0
Mar,Saturday,20,Ripening/Maturation,-9.154263573628507,0.0,0.10059271894965241,7.170492891277804,44.05932711739166,21.421622045530622,82.39555519181405,102.01645689234925,Low,0
Mar,Saturday,21,Ripening/Maturation,-9.664235563626246,0.0,0.0990949411436727,6.529855378811668,37.4119436044458,23.21820691204874,78.00479799033224,106.35969536406081,Low,0
Mar,Saturday,22,Ripening/Maturation,-9.30472743408968,0.0,0.1441169885940834,6.4931275125615135,42.30202197212694,22.756142000235695,82.57615207250544,101.47488893670453,Low,0
Mar,Saturday,23,Ripening/Maturation,-8.91416336975308,0.0,0.08536647152256321,6.779607504023889,44.54895231300775,21.208761297537787,78.67502901475788,102.44013280167027,Low,0
Mar,Sunday,0,Ripening/Maturation,-8.862299964747882,0.0,0.10748411800845802,6.733211418121537,42.38693771331876,22.1893375397133,82.7460264967845,108.61479328681612,Low,0
Mar,Sunday,1,Ripening/Maturation,-8.474935781411922,0.0,0.10092420620291309,6.936925766542278,44.260680266491654,24.87593835423399,83.02400253744993,102.60042151188122,Low,0
Mar,Sunday,2,Ripening/Maturation,-8.524771001994592,0.0,0.14831097416131486,6.892977940801428,46.562354367468195,22.388201405931536,85.70584529455465,105.02102188063988,Low,0
Mar,Sunday,3,Ripening/Maturation,-8.420616574289285,0.0,0.11460022533938036,6.791093252788794,47.18737332990801,21.781423524531476,79.45121011815884,111.52836776381827,Low,0
Mar,Sunday,4,Ripening/Maturation,-8.36293483423311,0.0,0.1567743853189718,6.879037760411184,43.30502197177157,21.56820269975469,89.18785667824339,108.18887665077742,Low,0
Mar,Sunday,5,Ripening/Maturation,-8.48635326735717,0.0,0.0796670438398317,6.842399646883785,42.06799645974432,23.792679186743534,79.97269220977624,103.78207009265634,Low,0
Mar,Sunday,6,Ripening/Maturation,-8.788500299252174,0.0,0.11827216870478131,7.145342095757819,40.5676390596474,23.05320759166215,85.21674753203835,104.2104368749327,Low,0
Mar,Sunday,7,Ripening/Maturation,-7.814777881429012,0.0,0.09984381440395237,6.7788886288474135,46.6984613854278,25.281118762784295,84.62753556703706,105.19970967954113,Low,0
Mar,Sunday,8,Ripening/Maturation,-8.182018340844259,0.0,0.07708838657400387,6.599236844014478,41.11960486639184,26.04461814021419,88.07605107970387,108.90486057759786,Low,0
Mar,Sunday,9,Ripening/Maturation,-8.601899177518785,0.0,0.11763711356552299,6.722738190922036,42.35029389797251,28.366133803136098,86.65462982470211,103.12088214251905,Low,0
Mar,Sunday,10,Ripening/Maturation,-8.478195538780275,0.0,0.18065247153823283,6.2218727723897675,43.35771024883628,27.95099554810591,89.16061876378228,102.96957764532924,Low,0
Mar,Sunday,11,Ripening/Maturation,-8.465598209924927,0.0,0.09014819189758534,6.660931086625063,42.176559270742665,29.7128237279514,84.51564012406591,107.40838264219857,Low,0
Mar,Sunday,12,Ripening/Maturation,-9.21293732362675,0.0,0.11553907563567818,6.853175853157587,41.94859095333405,30.404066109432776,84.20575981099579,101.42215758180575,Low,0
Mar,Sunday,13,Ripening/Maturation,-8.730969683642014,0.0,0.07407189331426071,6.748678778214173,47.674699395844684,31.480957545500175,86.83837295515954,103.34730711837231,Low,0
Mar,Sunday,14,Ripening/Maturation,-8.875888153506672,0.0,0.06892702798335967,6.709797621912717,41.9546712508909,30.429497729566954,88.6876056385834,105.41227754606096,Low,0
Mar,Sunday,15,Ripening/Maturation,-9.46819770380762,0.0,0.09244616847299847,6.793127924755233,39.90551425600693,29.08234154983038,88.07520728824616,105.54044947005433,Low,0
Mar,Sunday,16,Ripening/Maturation,-8.950499085267415,0.0,0.10425059459297868,6.88087251411478,44.04946584412191,28.68091093088054,86.56544264040278,102.21345025775518,Low,0
Mar,Sunday,17,Ripening/Maturation,-8.76357223826654,0.0,0.10580459356740976,6.978715195520149,42.94659391645135,26.021787852901678,86.2979875068034,106.50935099783496,Low,0
Mar,Sunday,18,Ripening/Maturation,-9.455082687952453,0.0,0.11208912447222709,6.833202638157238,43.686473091336865,23.989294926324252,85.49113262859858,107.00941256983161,Low,0
Mar,Sunday,19,Ripening/Maturation,-8.679335865677967,0.0,0.06230835757538207,6.683296333271659,42.99896916201232,24.82024056773714,86.8297904934458,103.96877668490573,Low,0
Mar,Sunday,20,Ripening/Maturation,-8.510571940170369,0.0,0.09809188259725597,6.3649379683349165,42.57778092764905,22.075204890954925,91.70480333343762,109.77689327841613,Low,0
Mar,Sunday,21,Ripening/Maturation,-8.658695019522595,0.0,0.13756154656912864,6.956083224449155,39.15168217695667,22.165866160815785,84.87227985532935,106.47401517086932,Low,0
Mar,Sunday,22,Ripening/Maturation,-8.055745920926297,0.0,0.07246142244869118,6.859640092296304,40.926740402153406,23.039757343493292,84.50652951575373,103.11285256707279,Low,0
Mar,Sunday,23,Ripening/Maturation,-8.169306289149969,0.0,0.10756990068042252,6.787589583132309,40.22226752518587,23.492608308035678,84.27683240214047,109.6769513657071,Low,0
Mar,Monday,0,Ripening/Maturation,-8.49416301468801,0.0,0.13024953159783237,6.646611875407106,43.872687097317254,22.802590363862066,87.66811827436726,105.51460570349913,Low,0
Mar,Monday,1,Ripening/Maturation,-9.045355333853783,0.0,0.09262065772917157,6.927465486638686,39.066648239016004,23.91745826417425,80.13476419270916,107.27010032747319,Low,0
Mar,Monday,2,Ripening/Maturation,-8.948595111648292,0.0,0.13195335386562967,6.724540173742249,44.53452646388286,22.777151307245823,86.09481489059701,105.60596360866809,Low,0
Mar,Monday,3,Ripening/Maturation,-8.902594450665822,0.0,0.06676058022152391,6.767052458448763,42.194266448113936,22.616770770863997,89.14194055374995,108.38329941551102,Low,0
Mar,Monday,4,Ripening/Maturation,-9.06311214205902,0.0,0.1510957350526272,6.76391238807966,41.26015702085501,22.56731105800368,84.92130761841335,105.61909594715677,Low,0
Mar,Monday,5,Ripening/Maturation,-9.558362158145238,0.0,0.13280302565827937,6.873274256015392,38.87222067004275,21.346603550293107,87.06011388944155,105.77077588030741,Low,0
Mar,Monday,6,Ripening/Maturation,-9.568645243852394,0.0,0.12194828912283136,6.5586492547468955,41.77976891129467,23.139798884512096,92.8280063899194,106.4229725616219,Low,0
Mar,Monday,7,Ripening/Maturation,-9.669036220040079,0.0,0.15936863092070444,6.880777415308748,38.68531743281899,22.198794655638284,87.49479962493625,105.56804102914163,Low,0
Mar,Monday,8,Ripening/Maturation,-10.328921570101642,0.0,0.10847278292671848,6.6020840813677575,36.739832223616304,25.377067627119843,79.78232013613872,109.50245313779494,Low,0
Mar,Monday,9,Ripening/Maturation,-10.966462098327376,0.0,0.09837503606383308,6.578336392328293,39.55719080522499,27.381262695323958,82.2703469003281,103.67843347635687,Low,0
Mar,Monday,10,Ripening/Maturation,-10.60826060631937,0.0,0.16803904994340363,6.851875578545191,38.749416866383555,27.99784200101355,85.74699024573256,106.73004747594604,Low,0
Mar,Monday,11,Ripening/Maturation,-11.737193952220117,0.0,0.18442680307821785,6.495074683931381,34.860875658175175,29.221346204761094,84.08852227536305,107.04657933974423,Low,0
Mar,Monday,12,Ripening/Maturation,-11.457474283998955,0.0,0.0957296802858783,6.796830775925338,37.28492768786993,31.64592375043637,86.81014961740193,106.51133096184859,Low,0
Mar,Monday,13,Ripening/Maturation,-11.537169615660568,0.0,0.11601898670122647,6.661872723818223,35.82865666863603,31.258219108625344,85.61627193315472,109.24366322516674,Low,0
Mar,Monday,14,Ripening/Maturation,-10.81367711859435,0.0,0.15657648901415092,6.371423767911248,38.31320121627693,29.625761152809197,89.99821459849392,103.06304668124189,Low,0
Mar,Monday,15,Ripening/Maturation,-11.012393470610748,0.0,0.11726492493662297,6.919999187279748,35.4365598657833,29.20709773444145,83.22600565847038,108.24270977555408,Low,0
Mar,Monday,16,Ripening/Maturation,-10.67224795531955,0.0,0.14081059780582944,6.754224940393887,42.02740212505432,27.608048700902764,85.87750185346951,103.71053604664513,Low,0
Mar,Monday,17,Ripening/Maturation,-10.859997057842206,0.0,0.1473141259120934,6.7645389542050545,36.276767125826254,27.92691344367478,87.15177546182558,105.55097536783315,Low,0
Mar,Monday,18,Ripening/Maturation,-10.793333022897754,0.0,0.10031933985552097,6.9091094766160746,40.70803339894534,25.646275952612083,87.52340333050591,103.45369130206298,Low,0
Mar,Monday,19,Ripening/Maturation,-10.453942548488431,0.0,0.1346746132190091,7.04362981959701,38.032800185018814,22.581994294934873,86.94041577573402,105.99268872849193,Low,0
Mar,Monday,20,Ripening/Maturation,-10.696898131053771,0.0,0.11978325569215222,6.811850438217182,39.44163871678087,22.455626873448047,79.26617972992565,105.37738847671672,Low,0
Mar,Monday,21,Ripening/Maturation,-10.241453149182323,0.0,0.07740959923121833,6.88271897144607,40.3889594400147,22.72618310688146,86.74987623402421,110.91859616035174,Low,0
Mar,Monday,22,Ripening/Maturation,-10.735235975216938,0.0,0.08536215737500599,6.832130775833036,40.02913716977944,23.14551277854004,86.04773688137425,107.42633267354451,Low,0
Mar,Monday,23,Ripening/Maturation,-10.568340514967542,0.0,0.0971654076461271,6.716039070328619,36.454735349749605,22.31631616433858,89.09232925873859,107.92238171703143,Low,0
Mar,Tuesday,0,Ripening/Maturation,-10.285062745395331,0.0,0.15249819477809115,6.496328519432311,40.96712021360893,22.076863069770894,89.56891092570821,105.25207441475082,Low,0
Mar,Tuesday,1,Ripening/Maturation,-10.146932734302089,0.0,0.15364753568096648,6.7917257944728835,42.84024113949787,23.964011744391623,88.12253353297994,109.87102611544061,Low,0
Mar,Tuesday,2,Ripening/Maturation,-9.450939734746639,0.0,0.14624695214125663,7.0250047756428255,40.300358678124354,22.38026892487964,88.33949238521728,112.11639828427369,Low,0
Mar,Tuesday,3,Ripening/Maturation,-10.048185410171543,0.0,0.13540387461429665,6.873240191425203,39.45376714987254,22.95064946527835,91.457149297689,110.19560625474888,Low,0
Mar,Tuesday,4,Ripening/Maturation,-10.83109914884673,0.0,0.1344489207504754,6.591213301344755,36.45846875780754,21.943368285298995,90.85088832128707,104.74080189578666,Low,0
Mar,Tuesday,5,Ripening/Maturation,-11.326343479120606,0.0,0.12971461573441906,6.966149955196453,35.62390314574034,22.926927721308665,88.22599600678349,106.86047870135481,Low,0
Mar,Tuesday,6,Ripening/Maturation,-11.005934014874702,0.0,0.1342658969397572,6.738637974574708,40.508603962165694,21.210496806076723,93.83625486287802,108.29205861107046,Low,0
Mar,Tuesday,7,Ripening/Maturation,-10.805185344660638,0.0,0.13663769042824708,6.379152641424765,35.559086120554056,23.785513435075607,85.51541102632902,106.57792539379713,Low,0
Mar,Tuesday,8,Ripening/Maturation,-10.815486432559151,0.0,0.07084522419954167,6.922530928911859,35.65859491815649,24.879450521399622,83.84367067572032,114.35331046648535,Low,0
Mar,Tuesday,9,Ripening/Maturation,-11.383478549598715,0.0,0.09234134989195165,6.539147391302626,39.401453353791844,26.878939757374294,87.36748597933511,106.81514225642864,Low,0
Mar,Tuesday,10,Ripening/Maturation,-11.031679048434595,0.0,0.08398774314312851,6.988580688782287,38.273067135533694,29.630027891929096,86.27857041362205,107.91245495653037,Low,0
Mar,Tuesday,11,Ripening/Maturation,-11.63715677616425,0.0,0.1587500752678903,6.882705858630889,39.811564235290845,29.092890231776394,80.00397607159572,106.5202633645602,Low,0
Mar,Tuesday,12,Ripening/Maturation,-11.097905293209429,0.0,0.17789350362542644,6.610260707773124,35.96415002064566,30.749028197833855,85.44285757002585,108.60004261794612,Low,0
Mar,Tuesday,13,Ripening/Maturation,-9.882511172734972,0.0,0.04408332278557388,6.721352590051119,40.03453545991121,31.588812145645633,88.43075546141432,111.47670837338876,Low,0
Mar,Tuesday,14,Ripening/Maturation,-9.970034370372657,0.0,0.17476851141550814,7.09651992011934,38.250563623562016,30.152361446571934,87.22591676273396,108.30797196527607,Low,0
Mar,Tuesday,15,Ripening/Maturation,-9.95795690753042,0.0,0.12303524807360354,6.836834797401691,39.88750575922238,30.377764627264376,85.07061576491733,107.47330019637745,Low,0
Mar,Tuesday,16,Ripening/Maturation,-10.439542859042378,0.0,0.1554451936705546,6.719558195067398,34.89690374372969,29.05452062625518,87.52697655866822,105.33605721771863,Low,0
Mar,Tuesday,17,Ripening/Maturation,-11.451410996531454,0.0,0.13772635041047138,7.220706699567078,37.38652272163452,27.456067959336696,87.76921743772942,111.04292425425179,Low,0
Mar,Tuesday,18,Ripening/Maturation,-11.779914948158428,0.0,0.17041382687599724,6.736969746206258,35.875152291404454,26.44632238439401,89.54522315158403,107.66159848813213,Low,0
Mar,Tuesday,19,Ripening/Maturation,-12.281337857176627,0.0,0.12734098516751238,6.83281989824353,33.90967981784426,25.627117943643995,85.47549806341422,107.55409262165075,Low,0
Mar,Tuesday,20,Ripening/Maturation,-12.86701563912187,0.0,0.07227909394154791,6.616003852919436,31.838433816908182,21.865184869993158,90.02157037154937,102.17349038171126,Low,0
Mar,Tuesday,21,Ripening/Maturation,-11.936697485802686,0.0,0.11630137906793765,6.486936014995033,33.06241805933736,21.60763927985914,84.12807107722197,107.70279183115804,Low,0
Mar,Tuesday,22,Ripening/Maturation,-11.77874948245649,0.0,0.13804796161373822,6.737285561997161,36.68642706616995,21.560668363475724,85.88986924240098,107.01807088991919,Low,0
Mar,Tuesday,23,Ripening/Maturation,-11.58302505462409,0.0,0.11244136144629746,6.771855319549494,33.35855989749537,23.170542375789243,92.49697960480214,103.45582230740077,Low,0
Mar,Wednesday,0,Ripening/Maturation,-11.867494944648364,0.0,0.14302061027534346,6.822590033716234,36.04180395694242,23.278494098502684,85.22836669720844,111.69277857552791,Low,0
Mar,Wednesday,1,Ripening/Maturation,-12.03818883962045,0.0,0.11770059139758447,6.527760654780643,38.75724957452984,21.945370453332853,86.32369806210758,107.88064395193265,Low,0
Mar,Wednesday,2,Ripening/Maturation,-11.66132792839922,0.0,0.09915717383097955,6.921428540574502,38.483855949130465,20.66618916044852,84.54066681821705,113.95767219427495,Low,0
Mar,Wednesday,3,Ripening/Maturation,-11.77567882289137,0.0,0.08199075658409608,6.635502686551215,32.228114939719404,21.83519460806153,85.81820085006427,112.75485384922266,Low,0
Mar,Wednesday,4,Ripening/Maturation,-11.612869604123345,0.0,0.10628646161133296,6.87987293455731,34.55563682941737,22.813283342245597,88.7150894740863,107.41899097312391,Low,0
Mar,Wednesday,5,Ripening/Maturation,-11.794972761421503,0.0,0.12716000773951147,6.945962444579651,36.03496685369906,22.321621488813733,90.41962687852885,112.64203413067735,Low,0
Mar,Wednesday,6,Ripening/Maturation,-12.015678708985249,0.0,0.051421286851041734,6.7035191908294625,34.5218072544067,22.519278197404294,88.24408559944398,113.24510548619809,Low,0
Mar,Wednesday,7,Ripening/Maturation,-12.686298032093319,0.0,0.09269732562497418,6.582965213136381,30.254073286411188,23.736491937030035,87.325930452338,107.82116111119528,Low,0
Mar,Wednesday,8,Ripening/Maturation,-13.524801474213358,0.0,0.05011577843289605,6.990496758938429,31.811108364834922,26.657341212708275,84.57167834164008,106.63709972637307,Low,0
Mar,Wednesday,9,Ripening/Maturation,-13.481417224358562,0.0,0.09840238011076861,6.855062099129752,31.124564871306852,27.637471856273574,86.11860863445416,103.83036330242894,Low,0
Mar,Wednesday,10,Ripening/Maturation,-13.311128634884742,0.0,0.16190601570005284,6.703373400528004,35.381942093484184,29.09882263763528,83.66189260383715,110.16985399772433,Low,0
Mar,Wednesday,11,Ripening/Maturation,-13.780680342643144,0.0,0.07848592663949075,6.931166945117763,29.91990977242156,29.710003489640698,90.50967887465362,106.78543531876682,Low,0
Mar,Wednesday,12,Ripening/Maturation,-13.633932117272023,0.0,0.14461059110514654,6.668578342890443,33.11456968920033,30.593917828343262,90.71821959594163,110.24498231880781,Low,0
Mar,Wednesday,13,Ripening/Maturation,-13.48070843405157,0.0,0.2197088794559312,6.539680841906791,28.612122952016286,30.74185735054477,88.17865720200535,107.79912253835396,Low,0
Mar,Wednesday,14,Ripening/Maturation,-14.355146189344403,0.0,0.17087383459400723,6.490714174488714,26.991630549780417,29.431963594945962,89.6243529516538,107.26942102236177,Low,0
Mar,Wednesday,15,Ripening/Maturation,-14.558913385213437,0.0,0.12467296831369243,6.644878134343552,30.00193179510673,29.881201419519456,90.92869772004168,107.81502190575327,Low,0
Mar,Wednesday,16,Ripening/Maturation,-14.146865337221366,0.0,0.1500452059528769,6.812466810077165,31.71498475188347,29.262858397301454,88.60362666304762,105.96920770132942,Low,0
Mar,Wednesday,17,Ripening/Maturation,-13.806491460603787,0.0,0.0720611019147123,6.938351184902021,28.44963504240213,28.287031587825744,92.48083205197727,107.81386679905602,Low,0
Mar,Wednesday,18,Ripening/Maturation,-14.208769701832484,0.0,0.0649304871306306,6.724047504412694,29.447107528569862,26.178955631567433,85.2286219112749,107.37721832773967,Low,0
Mar,Wednesday,19,Ripening/Maturation,-13.962604019672552,0.0,0.12100443381777878,6.980117981178442,27.22659200572772,23.382967056665283,87.25398931584965,109.18336090411297,Low,0
Mar,Wednesday,20,Ripening/Maturation,-13.357224783624954,0.0,0.1339513697213944,6.7480423102845215,31.080220866689153,21.7259461363408,86.89677349585716,109.47939521546336,Low,0
Mar,Wednesday,21,Ripening/Maturation,-12.93921204798303,0.0,0.15830414994872344,6.641409133616981,34.11973665608898,22.026881534997656,90.24171428208852,106.5408122806528,Low,0
Mar,Wednesday,22,Ripening/Maturation,-12.962134298755009,0.0,0.10009332505095397,6.539465051018292,31.52096068471569,22.52657112650922,83.99757601202177,111.97076297652487,Low,0
Mar,Wednesday,23,Ripening/Maturation,-13.137740304468597,0.0,0.1267688419526576,6.687218639994155,31.47135385738776,22.277211118953925,92.64392382134365,108.8198284155211,Low,0
Mar,Thursday,0,Ripening/Maturation,-13.504250568682409,0.0,0.12556890447935412,6.562001447846633,28.830207838570118,21.47601434749527,90.88532314148516,114.17276504155998,Low,0
Mar,Thursday,1,Ripening/Maturation,-13.313043342436393,0.0,0.11540120630482366,7.1521437340260166,30.251979150902805,21.47122397254796,94.45088341785392,111.01937241913184,Low,0
Mar,Thursday,2,Ripening/Maturation,-13.259509375469886,0.0,0.11746337933530997,6.881130618034562,35.19339933130095,20.69618258007465,89.07828635984585,110.58942676380131,Low,0
Mar,Thursday,3,Ripening/Maturation,-13.00788691676886,0.0,0.09008534240761538,6.7970980262368395,32.426921183189,19.87942006090559,87.54904210304873,109.18922141535081,Low,0
Mar,Thursday,4,Ripening/Maturation,-13.007593176620155,0.0,0.12978975929347372,7.088416699097662,30.27716084281043,22.26957454163606,91.17131826928289,111.95376514684395,Low,0
Mar,Thursday,5,Ripening/Maturation,-12.693344877637708,0.0,0.12682674930682775,6.514624109083415,32.40642839383352,24.231184300114286,92.29169523374283,110.50058354457086,Low,0
Mar,Thursday,6,Ripening/Maturation,-12.747298843826352,0.0,0.10459958819153878,6.730627935253269,29.71162753248363,23.81242361903314,87.05673747858538,112.56283093947413,Low,0
Mar,Thursday,7,Ripening/Maturation,-12.484825606832127,0.0,0.14330209931082488,7.121852547449053,31.508099159322466,23.37258234195214,83.20721047724905,114.42832266056281,Low,0
Mar,Thursday,8,Ripening/Maturation,-12.225233419314092,0.0,0.15597410559513036,6.697082820526766,36.88011927173908,25.965992550852953,83.72120382431717,108.59953449621632,Low,0
Mar,Thursday,9,Ripening/Maturation,-12.763678380822034,0.0,0.14370817035914119,7.160057658010369,32.58220703725391,26.191254806829733,89.98415477754095,111.95032561251146,Low,0
Mar,Thursday,10,Ripening/Maturation,-13.688517117487674,0.0,0.08351448379787466,6.840209407573611,34.42901927023199,27.579964235057744,93.82056816361727,111.87945710770526,Low,0
Mar,Thursday,11,Ripening/Maturation,-12.987459691511717,0.0,0.12348760184016971,6.918195070577076,32.13940106337977,28.624772865115048,85.29748400182596,111.56194643731376,Low,0
Mar,Thursday,12,Ripening/Maturation,-12.976307794768449,0.0,0.08809989529977917,6.90287070297336,32.28490390017273,29.99402434990112,88.38290097032073,109.3336687174304,Low,0
Mar,Thursday,13,Ripening/Maturation,-13.866414378573033,0.0,0.12337941612049416,6.65935295816719,31.502393808508966,30.22903231183042,88.15465134330418,109.38425067812848,Low,0
Mar,Thursday,14,Ripening/Maturation,-14.193424028210117,0.0,0.08823621560430302,6.568973127261295,24.090607167856913,30.376584874100075,94.96159620167455,108.95696124091913,Low,1
Mar,Thursday,15,Ripening/Maturation,-13.816238353861308,0.0,0.1647007168074175,6.640020881596784,30.750906598040007,30.11332405498278,95.0,108.90737401411899,Low,0
Mar,Thursday,16,Ripening/Maturation,-13.972843692004853,0.0,0.1474166014156945,6.509449942588125,29.86720216306645,28.360147121028113,90.4733580648478,108.31635550178551,Low,0
Mar,Thursday,17,Ripening/Maturation,-14.216992468194833,0.0,0.16035462568698364,6.689748481147638,32.351295863362694,27.39187999139997,91.89400110076446,110.15542345228775,Low,0
Mar,Thursday,18,Ripening/Maturation,-13.56780557439561,0.0,0.15681027315684237,6.737141612522082,32.86662540977777,24.971019907588296,91.81059698294959,108.5221207817219,Low,0
Mar,Thursday,19,Ripening/Maturation,-14.109511264229992,0.0,0.11052901009492173,7.070368751373786,27.36978959475442,23.079569852244767,85.35903529109298,111.50577590128177,Low,0
Mar,Thursday,20,Ripening/Maturation,-14.458372831901794,0.0,0.10510365897654012,6.901652296083526,31.284182440690852,21.175822123161353,91.2955690463076,110.55905189040053,Low,0
Mar,Thursday,21,Ripening/Maturation,-14.296313842830852,0.0,0.18096033400450537,7.194355186788099,28.66421772604396,22.894398240902582,86.14118058609972,110.83947311138488,Low,0
Mar,Thursday,22,Ripening/Maturation,-14.066214074299173,0.0,0.11422081224396548,6.392211956601148,27.932179769089892,22.104673721529405,88.68539251307016,109.73294385731022,Low,0
Mar,Thursday,23,Ripening/Maturation,-13.808860760542874,0.0,0.07258967751348004,6.580260577148502,30.752940676439508,20.87810378974048,92.6192111352494,110.588912400751,Low,0
Mar,Friday,0,Ripening/Maturation,-13.543707578455292,0.0,0.15526133567830389,6.713669908452437,30.589563100379664,22.324528837853112,90.24279997742056,110.9962771378312,Low,0
Mar,Friday,1,Ripening/Maturation,-13.62369044939929,0.0,0.12503214838923024,7.06050985950399,33.88007354949875,21.375942934571132,93.30748932318112,113.56344103275326,Low,0
Mar,Friday,2,Ripening/Maturation,-13.549795458405548,0.0,0.1727080443392644,6.737226558121322,31.661734956809102,23.703303055178377,93.8977903259657,110.50861013512811,Low,0
Mar,Friday,3,Ripening/Maturation,-13.812964473086861,0.0,0.1285039387293297,6.519612030241816,30.76020310636354,21.91194262273054,84.72919891401241,112.55339450517346,Low,0
Mar,Friday,4,Ripening/Maturation,-13.886644410057185,0.0,0.11929994794286505,6.724574529663357,31.973347581573634,22.920204788655298,83.46690731135811,108.34865597395883,Low,0
Mar,Friday,5,Ripening/Maturation,-13.924937890581324,0.0,0.17341422830711417,6.548239757275495,32.26589229879025,23.24617042190799,93.48627736449335,113.39477041317964,Low,0
Mar,Friday,6,Ripening/Maturation,-13.907796869225816,0.0,0.06615367792370544,6.537481503163719,31.68849770245264,21.611057237954366,93.6072221098986,110.21643110833266,Low,0
Mar,Friday,7,Ripening/Maturation,-13.643876473078238,0.0,0.09951231933889475,7.109048929692288,33.59362341024213,24.21600516569428,90.76978384890919,109.33390483881088,Low,0
Mar,Friday,8,Ripening/Maturation,-13.51962740963112,0.0,0.08894229598506773,6.654877740486717,32.270259042712894,26.28884423405098,91.1766480508114,108.76758424944408,Low,0
Mar,Friday,9,Ripening/Maturation,-13.650478133143983,0.0,0.04317220774993505,6.731837185012483,31.074155409907846,27.45535535279795,92.67914309424827,108.56977971684263,Low,0
Mar,Friday,10,Ripening/Maturation,-14.157162332171737,0.0,0.15056117498058114,6.661989870501863,32.001154526963894,28.918532467192094,92.62322673405558,110.41090500302037,Low,0
Mar,Friday,11,Ripening/Maturation,-14.210169850773894,0.0,0.10049035551059714,6.639445076144899,29.213800077978377,28.51904742837203,89.08744805222382,115.3611525701836,Low,0
Mar,Friday,12,Ripening/Maturation,-14.311498519313076,0.0,0.15168788145763012,6.501916230089832,29.21889658633794,30.617652273226206,92.86755070601863,110.00627619121869,Low,0
Mar,Friday,13,Ripening/Maturation,-14.311783593347775,0.0,0.13361802719321114,6.606794741579176,32.59487321055917,29.986068644661835,88.96058055573833,106.09165537732996,Low,0
Mar,Friday,14,Ripening/Maturation,-13.41784194651035,0.0,0.14124998633196895,6.716392621993118,34.54102758428562,30.4539842760819,90.73065330249479,112.52824904972171,Low,0
Mar,Friday,15,Ripening/Maturation,-13.887834501065042,0.0,0.10406101817057734,6.9130732258766034,30.152845583597255,30.318742019660522,90.60006736654395,108.82894197692676,Low,0
Mar,Friday,16,Ripening/Maturation,-13.874087301539406,0.0,0.09325131496052332,6.84556793459335,29.29508732169419,29.16469866575886,87.4216827041288,113.6516022805775,Low,0
Mar,Friday,17,Ripening/Maturation,-13.576381958996564,0.0,0.12314163063269024,6.478439545529163,33.84303029882525,27.64189419526145,87.77103814137303,110.56189143626568,Low,0
Mar,Friday,18,Ripening/Maturation,-13.758732067836767,0.0,0.1521708864157859,6.895039247034267,32.07987975302218,26.359772549888078,95.0,110.92956328934847,Low,0
Mar,Friday,19,Ripening/Maturation,-12.905954084644755,0.0,0.11823662980806904,6.827490397353503,33.15687270524731,24.70589631476154,87.32434274167726,114.60786046797149,Low,0
Mar,Friday,20,Ripening/Maturation,-13.389817883303534,0.0,0.09543222870786977,6.646479205952963,30.720691659691628,23.571400929107142,91.10987779996661,113.15890711025432,Low,0
Mar,Friday,21,Ripening/Maturation,-13.482195906319602,0.0,0.07803436680105745,6.810061085707136,31.806122982262142,22.347759440429783,91.73939752939982,108.4986407074842,Low,0
Mar,Friday,22,Ripening/Maturation,-14.056795509081145,0.0,0.12714570553633395,6.877919209135674,29.720273858429845,22.50616559475391,89.8373511261543,108.8664368621931,Low,0
Mar,Friday,23,Ripening/Maturation,-14.337856846278735,0.0,0.10060763627750119,6.774159728900404,27.760467209785045,23.12065344718089,92.01446980608947,107.15575848266924,Low,0
Mar,Saturday,0,Ripening/Maturation,-11.652236628121214,0.0,0.11748907944135911,6.869203451465372,35.79271674968356,21.98268991218919,90.98694979821805,119.32055240630348,Low,0
Mar,Saturday,1,Ripening/Maturation,-9.06110453893574,0.0,0.11164274262129692,6.6375670266258515,42.28419719783344,21.30678602185761,87.38924535564787,110.65573178723938,Low,0
Mar,Saturday,2,Ripening/Maturation,-7.058157228174129,0.0,0.10444491588604092,7.129666005869379,45.80963251854163,22.769584139666218,91.61045188241575,115.7370324618182,Low,0
Mar,Saturday,3,Ripening/Maturation,-4.902465301750978,0.0,0.13028312462658292,6.43207603299931,53.54173465301669,22.210181052307245,88.36588073176695,111.48181358591549,Low,0
Mar,Saturday,4,Ripening/Maturation,-3.6501193044871063,0.0,0.13940764294504376,6.895378549139878,57.317378453852925,21.408978070612505,95.0,110.11286113189551,Low,0
Mar,Saturday,5,Ripening/Maturation,-2.6749480747982997,0.0,0.18878476306277742,6.8368859201892995,59.0199200077949,22.77543354350387,91.28737583165125,112.86640194019165,Low,0
Mar,Saturday,6,Ripening/Maturation,-0.468362046050814,0.0,0.14652887001395792,6.875431214640957,61.82343431905005,23.5199064120234,87.89953942174424,111.99583952839141,Low,0
Mar,Saturday,7,Ripening/Maturation,0.3882459481333782,0.041666666666666664,0.1854850302349294,6.642222735184024,65.94343328389684,22.851373434619244,91.02686866184592,114.81718670690917,Low,0
Mar,Saturday,8,Ripening/Maturation,0.6188600644897964,0.08333333333333333,0.10682048861318413,6.922996516463245,65.1411869496956,26.663929909113648,87.22543668327114,114.84845978645312,Low,0
Mar,Saturday,9,Ripening/Maturation,0.8207491947277348,0.125,0.08448566289274753,6.713064511263804,62.99830611021467,25.333264402273322,90.77333723998078,111.33714745266431,Low,0
Mar,Saturday,10,Ripening/Maturation,0.8724383459267488,0.16666666666666666,0.1413058996979632,6.474339972633427,66.9393107872197,28.309422555599028,89.32290663100046,109.21261395582007,Low,0
Mar,Saturday,11,Ripening/Maturation,1.7507353208425822,0.20833333333333334,0.19379933656628304,6.449606675015126,67.9940280519361,31.055163673013418,87.51938649481963,109.81958987462139,Low,0
Mar,Saturday,12,Ripening/Maturation,1.907962594122662,0.25,0.19223972498864658,6.686270451511102,73.266206230033,29.911764058644295,87.48167581638907,107.10635509175587,Low,0
Mar,Saturday,13,Ripening/Maturation,2.2517788117808846,0.2916666666666667,0.21869282532595224,6.368421865027079,71.81881087483124,30.446950716656794,95.0,112.12635089603246,Low,0
Mar,Saturday,14,Ripening/Maturation,2.4497508746343395,0.3333333333333333,0.09246468430137628,6.974820333148535,70.80170241299146,30.78471625807343,90.27417684510506,112.78299912877326,Low,0
Mar,Saturday,15,Ripening/Maturation,2.967609103480812,0.375,0.23804441890796757,6.8781622485181115,71.1206028509303,28.20957213197083,88.70478250611241,109.95543020413972,Low,0
Mar,Saturday,16,Ripening/Maturation,2.694973742410252,0.4166666666666667,0.19911553548529373,7.011022062246939,70.29538149190064,28.687327700416045,88.18524420077446,109.65337223087876,Low,0
Mar,Saturday,17,Ripening/Maturation,2.3526395242202955,0.4583333333333333,0.12477552102613194,7.011141894953019,67.13895605086249,27.414288872438917,91.41349830870776,112.7722903040111,Low,0
Mar,Saturday,18,Ripening/Maturation,2.6415037790611717,0.5,0.2113611041120375,6.639117935962622,66.36163461534699,27.335926691539456,88.08451189634022,111.23261337868402,Low,0
Mar,Saturday,19,Ripening/Maturation,3.061094562619397,0.5416666666666666,0.20245925425463865,6.6085220746201845,69.10150873212342,23.166574806852253,86.71614609931875,112.2801776117132,Low,0
Mar,Saturday,20,Ripening/Maturation,3.306045619961182,0.5833333333333334,0.21599416594926135,6.299454389007848,71.33907545156598,22.069768546839903,89.9027568092873,111.89443787755214,Low,0
Mar,Saturday,21,Ripening/Maturation,3.010596822794678,0.625,0.23023374083090464,6.71489312700915,66.51435381828925,21.632315367341107,89.880092732546,113.43432560179089,Low,0
Mar,Saturday,22,Ripening/Maturation,3.4357814465445506,0.6666666666666666,0.22095417405868883,7.107105455694768,70.65723188716142,21.547470557046896,88.74889506532071,111.39930245692328,Low,0
Mar,Saturday,23,Ripening/Maturation,3.173652493625255,0.7083333333333334,0.1477924338941924,6.614333048925729,70.62153991845176,23.276922181651663,87.32612316168102,111.59063949258521,Low,0
Mar,Sunday,0,Ripening/Maturation,2.9053931988082913,0.75,0.18762891052780548,6.738769402900514,70.04209057016898,22.396321201600653,88.82708519758951,109.30591970709759,Low,0
Mar,Sunday,1,Ripening/Maturation,2.497285642504697,0.7916666666666666,0.1258145600828362,6.683719161522199,68.17003834563498,21.93054624285878,88.59108790705402,113.88458525651814,Low,0
Mar,Sunday,2,Ripening/Maturation,3.168431353891898,0.8333333333333334,0.2219279496668587,6.850588278463099,70.42120762057775,21.960723279085972,88.1749074728013,114.23214622266075,Low,0
Mar,Sunday,3,Ripening/Maturation,3.455283334531925,0.875,0.25531104181873954,7.01512896808192,75.24046765912433,21.924418338443683,90.8295002047161,113.56616804272285,Low,0
Mar,Sunday,4,Ripening/Maturation,3.6969703759828305,0.9166666666666666,0.16897344071023937,6.505502726976279,73.69701946533999,21.995957458073846,95.0,118.79000176793792,Low,0
Mar,Sunday,5,Ripening/Maturation,4.198714472791946,0.9583333333333334,0.2014666302011643,6.549448667437964,72.45631318090436,21.36344372456859,93.9952955110121,114.41736342256266,Low,0
Mar,Sunday,6,Ripening/Maturation,5.336331052752944,1.0,0.2225253500795477,7.047571361580165,75.36330442327608,22.16801636594784,95.0,113.6192239135242,Low,0
Mar,Sunday,7,Ripening/Maturation,4.278167768540571,1.0416666666666667,0.21106750969567248,6.886435005626393,73.71097597319284,23.8678021183288,88.29692607289788,115.25827908881642,Low,0
Mar,Sunday,8,Ripening/Maturation,3.800134508780074,1.0833333333333333,0.22943817325646224,6.687214010740011,71.0844119535919,25.23983254781779,95.0,119.29257551083597,Low,0
Mar,Sunday,9,Ripening/Maturation,3.436229566394913,1.125,0.1903983198863323,7.007470565848046,70.20869052386008,27.486955419913848,90.6818274491075,114.6422242765231,Low,0
Mar,Sunday,10,Ripening/Maturation,3.007533041471858,1.1666666666666667,0.21802688208126234,6.434471348792235,72.73912734018589,28.821563443838766,92.95909047515929,108.45170828977672,Low,0
Mar,Sunday,11,Ripening/Maturation,2.524992531898595,1.2083333333333333,0.220413105250124,6.843056930837596,68.72041332152298,29.137433171785986,91.37311187414447,115.090563046603,Low,0
Mar,Sunday,12,Ripening/Maturation,2.4473941430523216,1.25,0.21974642772283276,6.649330400751856,67.18435316926383,30.059115976841586,88.97019835136956,111.81232810071683,Low,0
Mar,Sunday,13,Ripening/Maturation,1.9553496023791852,1.2916666666666667,0.12974740172154195,6.74014940575951,68.10655835757117,32.101898981520684,92.15849285581814,109.20422870214878,Low,0
Mar,Sunday,14,Ripening/Maturation,2.2186141678823796,1.3333333333333333,0.22397286725360482,6.2047510712524065,69.06069350917595,31.8707699043363,91.45479166085542,118.25431978436788,Low,0
Mar,Sunday,15,Ripening/Maturation,2.307368641188027,1.375,0.22899674600036904,6.6344812133522835,65.0922762904636,28.739478791115562,84.69544050176131,117.71403291748763,Low,0
Mar,Sunday,16,Ripening/Maturation,2.569109130224355,1.4166666666666667,0.23857152584890978,6.826652001789445,69.58436919690406,27.89809380647339,89.62762730666061,111.74747286439136,Low,0
Mar,Sunday,17,Ripening/Maturation,2.801325734186439,1.4583333333333333,0.18450962466454163,6.703369623789786,71.95914163074399,26.515395793276273,92.61721255973484,111.76383886941889,Low,0
Mar,Sunday,18,Ripening/Maturation,3.0422376598867866,1.5,0.16974145493130996,6.938077903130379,71.70382915477195,26.691713064918257,90.83226483958167,114.41083469644936,Low,0
Mar,Sunday,19,Ripening/Maturation,2.811704444888169,1.5416666666666667,0.15584416942040127,6.974879740805492,74.70768089812154,23.836344031989956,91.40841291299338,111.79746956218376,Low,0
Mar,Sunday,20,Ripening/Maturation,3.7408895534479827,1.5833333333333333,0.1749599428060809,6.601457456537138,74.98035389289952,22.56673939487704,87.74572851856516,113.67273255752743,Low,0
Mar,Sunday,21,Ripening/Maturation,3.698755230548513,1.625,0.21287804499698323,6.901230069240692,75.27488060281814,23.972573866624707,90.76863181921404,112.22746161008156,Low,0
Mar,Sunday,22,Ripening/Maturation,2.7290558040350077,1.6666666666666667,0.2179012100780401,6.598321299230642,75.64990580151266,22.36662816455163,89.71097216642718,113.00941088138514,Low,0
Mar,Sunday,23,Ripening/Maturation,2.2939812171097294,1.7083333333333333,0.2230790758623003,6.778122794746769,70.52186744461254,22.939998977405857,89.38964029619068,110.49952867830102,Low,0
Apr,Monday,0,Ripening/Maturation,1.444786390540739,1.75,0.1391251606908362,6.888733035883767,67.29362775316316,22.791336599440314,87.96223071589988,117.27557915196923,Low,0
Apr,Monday,1,Ripening/Maturation,1.5181879010820363,1.7916666666666667,0.15660060817924082,6.633582680593447,69.09113154945956,21.90442611864324,92.74458706398948,118.21780593233291,Low,0
Apr,Monday,2,Ripening/Maturation,1.5305181329954398,1.8333333333333333,0.1546163889558354,6.9058117726206865,66.05477065239906,23.222329385393486,91.03640574853705,114.95782336039974,Low,0
Apr,Monday,3,Ripening/Maturation,1.395291151488352,1.875,0.13264747004192895,6.696107375401859,67.06407140256198,21.695239352719852,90.73364332481803,115.11772707364814,Low,0
Apr,Monday,4,Ripening/Maturation,2.4024912745345404,1.9166666666666667,0.20581351540498521,6.656270887628447,67.97052377272627,23.44690382915534,95.0,116.78122587992017,Low,0
Apr,Monday,5,Ripening/Maturation,2.615704043811368,1.9583333333333333,0.19809228972709708,6.911121588619658,70.57365882027304,21.905039227832706,91.42139750855239,115.2130861954306,Low,0
Apr,Monday,6,Ripening/Maturation,2.880438629217516,2.0,0.1969747768596241,6.632135482783418,69.10923453408239,21.992625823571124,93.60149006293018,119.53224295541686,Low,0
Apr,Monday,7,Ripening/Maturation,2.360713405930171,2.0416666666666665,0.19155852552011166,6.603603957323406,67.79185517450897,23.28437721274908,90.81879848268329,111.91742619239052,Low,0
Apr,Monday,8,Ripening/Maturation,1.8782224616753178,2.0833333333333335,0.18849635522039487,6.923308151441107,68.83468049423176,25.106662384287148,88.94050893596493,117.36068823253794,Low,0
Apr,Monday,9,Ripening/Maturation,1.9216709128014327,2.125,0.18923206848959942,6.726717682991382,67.83658730916228,27.021506957007038,86.82258803506693,114.9228274205787,Low,0
Apr,Monday,10,Ripening/Maturation,2.0101790867416223,2.1666666666666665,0.14090732870427555,6.4504898956441705,64.46938753674641,26.68457301341575,90.72417038399334,112.40530209913915,Low,0
Apr,Monday,11,Ripening/Maturation,1.1612848314952018,2.2083333333333335,0.18040361999338317,6.825574172055695,63.3759697529643,29.396085070278875,82.00953138613048,120.0,Low,0
Apr,Monday,12,Ripening/Maturation,1.1727556836924722,2.25,0.1582567062111314,6.59279111958126,64.02008065793899,29.768043907661376,90.81740122767357,120.0,Low,0
Apr,Monday,13,Ripening/Maturation,1.2574090809474685,2.2916666666666665,0.13622366019937743,6.394852465695594,64.75183798204598,31.007008878889465,90.9461951789846,114.68865848976385,Low,0
Apr,Monday,14,Ripening/Maturation,1.2152435739067038,2.3333333333333335,0.15857912854828354,6.203491179668804,67.24543123633336,30.51280788814005,89.34729726045877,116.32014670343898,Low,0
Apr,Monday,15,Ripening/Maturation,0.899624444614509,2.375,0.1545473228007396,6.839864958490734,66.0969763612181,29.016640998339916,89.72290091722385,114.03036767706598,Low,0
Apr,Monday,16,Ripening/Maturation,0.7436398346074161,2.4166666666666665,0.17645342421592974,6.533772579316865,67.41529434645621,28.262811252203512,86.24649144582273,114.43259622692214,Low,0
Apr,Monday,17,Ripening/Maturation,0.7678021440553441,2.4583333333333335,0.1025796066044023,6.480979581405473,66.84832879161637,27.17522398405315,94.15681086021218,112.37708536720454,Low,0
Apr,Monday,18,Ripening/Maturation,0.9073587434010063,2.5,0.18905842096292194,6.822069982121661,67.82146689652772,27.034835156521144,88.98824713167143,112.00767785571722,Low,0
Apr,Monday,19,Ripening/Maturation,1.2603432548733455,2.5416666666666665,0.1523194038426776,6.905082631426313,67.74161619461427,23.49732372728536,87.0837217607899,119.81870826314024,Low,0
Apr,Monday,20,Ripening/Maturation,1.7830341355224206,2.5833333333333335,0.14686048961185957,6.643833588232374,68.19864054343678,21.799191468039478,91.63398319570047,115.11141362374264,Low,0
Apr,Monday,21,Ripening/Maturation,1.6214935375727673,2.625,0.1417508049443195,6.9546933285484815,69.59028797474994,21.47213267870628,90.332268323371,115.3347956505619,Low,0
Apr,Monday,22,Ripening/Maturation,1.4199030429495576,2.6666666666666665,0.12044970453174865,7.164540199553597,68.74659288655914,21.189368416451053,88.92499564641723,113.18203778494413,Low,0
Apr,Monday,23,Ripening/Maturation,1.6605684257059226,2.7083333333333335,0.10058218971116206,7.015590345291291,68.2375549568022,22.620602898900398,88.60789990341767,115.68325883901599,Low,0
Apr,Tuesday,0,Ripening/Maturation,1.8026023918253111,2.75,0.1887740556082049,6.988830437162574,70.36838948210102,22.537322664858568,89.98308392177607,112.64676457037716,Low,0
Apr,Tuesday,1,Ripening/Maturation,1.4671633285466261,2.7916666666666665,0.22601010722843445,6.818025099749831,62.32961550350511,23.401209482268282,94.0374479116061,114.47190359380488,Low,0
Apr,Tuesday,2,Ripening/Maturation,1.7415708605182094,2.8333333333333335,0.10692273430370172,6.68450881491207,67.0988437169628,23.208127206181544,91.40863923145963,113.4068132200403,Low,0
Apr,Tuesday,3,Ripening/Maturation,2.0728459091773224,2.875,0.1385561706718705,6.738050109904202,67.8632492507221,24.292693371625447,89.89677515847754,119.6384602968063,Low,0
Apr,Tuesday,4,Ripening/Maturation,2.5059749695576707,2.9166666666666665,0.20895478585902844,6.85709496186979,71.81970568190155,22.315901785967124,92.55730162716372,112.27650409068,Low,0
Apr,Tuesday,5,Ripening/Maturation,3.102346580665015,2.9583333333333335,0.19596137271312558,6.553649202207672,74.08842178749758,22.166576348963034,90.08259567338473,113.45821125694707,Low,0
Apr,Tuesday,6,Ripening/Maturation,2.4267641303084986,3.0,0.2098737767373427,6.653988972772438,66.42387517231987,21.334818923893312,91.20465682750606,111.28727682129424,Low,0
Apr,Tuesday,7,Ripening/Maturation,2.2402350450864366,3.0416666666666665,0.17244565781695165,6.484818524178661,71.698898456506,24.712430005631575,90.45338319596001,114.18121917000529,Moderate,0
Apr,Tuesday,8,Ripening/Maturation,2.0737456803715033,3.0833333333333335,0.15152167953496437,6.7657201324209915,66.13409926083906,25.940897306097536,91.76934125404154,115.25744754771708,Moderate,0
Apr,Tuesday,9,Ripening/Maturation,1.8735697448913387,3.125,0.1589347697487239,6.70919073414802,65.71413689661757,27.883931458878415,88.6675674773792,118.85070094264778,Moderate,0
Apr,Tuesday,10,Ripening/Maturation,1.4432350001153234,3.1666666666666665,0.07270774522392438,6.579237152950347,66.49519259562204,27.71835248435352,86.58197140931227,115.85125540132562,Moderate,0
Apr,Tuesday,11,Ripening/Maturation,0.6849946651885529,3.2083333333333335,0.09710291453201755,6.812229342551743,64.50757425218737,29.864034294440714,92.7205444512444,115.37978272792009,Moderate,0
Apr,Tuesday,12,Ripening/Maturation,0.7304344961085405,3.25,0.17145064050036807,6.469393189255638,62.136208231226746,30.33858299181774,94.51478495343889,117.15602030911245,Moderate,0
Apr,Tuesday,13,Ripening/Maturation,0.36936481998009413,3.2916666666666665,0.17095061504576192,6.531036326289373,65.68623151493736,30.486228031914948,86.72435674872091,115.29899219279896,Moderate,0
Apr,Tuesday,14,Ripening/Maturation,0.4314841448526456,3.3333333333333335,0.18000291554954723,6.808577608720718,65.89436679709956,29.62781057090217,90.5378750224397,120.0,Moderate,0
Apr,Tuesday,15,Ripening/Maturation,0.07874187186398374,3.375,0.13739897392228073,6.821673680491774,65.7970636848009,30.534210662062073,88.65338943208717,114.92874144184508,Moderate,0
Apr,Tuesday,16,Ripening/Maturation,-0.3699301572790317,0.0,0.04103758939998055,6.515220814668508,61.745256962974594,30.26989792292665,92.65013607600228,117.44052945642446,Low,0
Apr,Tuesday,17,Ripening/Maturation,-0.1604027052451943,0.0,0.09777477147845004,6.757148020946306,63.03586807746664,26.474643193831778,90.73993720448514,118.47238945838912,Low,0
Apr,Tuesday,18,Ripening/Maturation,-0.019398306114610506,0.0,0.16636294867920212,6.5759783202105515,63.39258973551965,26.42242509661483,95.0,114.85696498938965,Low,0
Apr,Tuesday,19,Ripening/Maturation,0.2962973116810238,0.041666666666666664,0.18421433114594998,6.749185573697412,67.58710443097138,21.8528873505782,89.09569954406847,116.81968083160339,Low,0
Apr,Tuesday,20,Ripening/Maturation,1.2956524714815076,0.08333333333333333,0.20008398279229123,6.794742411553492,60.94107636628919,22.909887959585966,94.61187701092538,115.15413637059412,Low,0
Apr,Tuesday,21,Ripening/Maturation,1.3040265155741702,0.125,0.14433182662241129,6.900182771185369,64.7157749393998,20.878876306766596,94.9038919360534,117.09130201986673,Low,0
Apr,Tuesday,22,Ripening/Maturation,1.414882931905978,0.16666666666666666,0.10964191796753965,6.840335230603551,66.90680072215794,21.955026121680593,91.60079237715019,116.65856047763847,Low,0
Apr,Tuesday,23,Ripening/Maturation,0.8188479235721545,0.20833333333333334,0.13904909244075703,6.841800517238294,63.29409454674215,21.3245802705966,90.11124995813458,116.05554252410298,Low,0
Apr,Wednesday,0,Ripening/Maturation,0.06917864380846206,0.25,0.12224771173327073,6.585332637260132,63.149388030598075,22.202510804040482,90.28451309247009,114.7152577754932,Low,0
Apr,Wednesday,1,Ripening/Maturation,0.7285267957110788,0.2916666666666667,0.1930079385959778,6.836699270694935,64.99631323696677,23.046034958694264,90.03061455631698,120.0,Low,0
Apr,Wednesday,2,Ripening/Maturation,0.1795449211193189,0.3333333333333333,0.13246131853226037,6.898354522380058,62.61553559310143,20.88914938901838,93.39989913723943,119.07016476210606,Low,0
Apr,Wednesday,3,Ripening/Maturation,-0.3366401899423561,0.0,0.120583841260827,6.905196971689871,62.82100139634369,22.087416248387488,87.38209110876687,113.6325732853133,Low,0
Apr,Wednesday,4,Ripening/Maturation,-0.32059205533465984,0.0,0.12257233018502106,6.653521792921032,63.98687762271244,21.964304984947155,89.51704808076632,116.55324269165568,Low,0
Apr,Wednesday,5,Ripening/Maturation,-0.3248876103416901,0.0,0.13399505904169404,6.922707826778586,62.247736845117934,23.6398389470975,89.15344212682948,113.68067659390056,Low,0
Apr,Wednesday,6,Ripening/Maturation,-0.692453495015557,0.0,0.1419254030121549,6.534591592785968,60.931722144025194,22.72040880628023,84.82141673662812,119.50937008177898,Low,0
Apr,Wednesday,7,Ripening/Maturation,-0.7413398108683319,0.0,0.09464118980937014,6.686751825556595,61.389254620608256,23.213393781031776,92.57674472928723,117.5497099104812,Low,0
Apr,Wednesday,8,Ripening/Maturation,-0.09782014184100318,0.0,0.0829832861881051,6.680871049041308,63.25035896629041,25.469034409716144,93.18875814418001,117.61436110457345,Low,0
Apr,Wednesday,9,Ripening/Maturation,-0.46809643590165306,0.0,0.16796954824916446,6.456149341665731,58.89592942316719,28.60780180557829,88.0973446993153,115.4982486014288,Low,0
Apr,Wednesday,10,Ripening/Maturation,-1.0611377750624211,0.0,0.06256355469475107,6.622154856231683,61.87637717577275,29.20114411316346,93.09039736996424,116.81525670100703,Low,0
Apr,Wednesday,11,Ripening/Maturation,-0.5316514461609743,0.0,0.17732116107216706,6.719644101982639,61.322034070320065,28.848164173295014,85.24902683688815,119.57212691819903,Low,0
Apr,Wednesday,12,Ripening/Maturation,-0.29160885554854354,0.0,0.05312624559612052,6.334449504268778,65.3232088963056,29.960766866748116,90.07186350960731,120.0,Low,0
Apr,Wednesday,13,Ripening/Maturation,-0.5986213504958909,0.0,0.09954106035091427,6.588652400702145,63.24541571009482,30.186912681273483,89.62122458793384,119.72021946652858,Low,0
Apr,Wednesday,14,Ripening/Maturation,-1.3072117409058015,0.0,0.15401488897042065,6.351627265856652,62.70282463026538,29.744037755729945,90.26324612519878,113.7237495053764,Low,0
Apr,Wednesday,15,Ripening/Maturation,-1.5498530620767057,0.0,0.12001196611773958,7.056758262904619,57.758345063586084,28.214581218162,90.24763551075628,117.13887660030494,Low,0
Apr,Wednesday,16,Ripening/Maturation,-1.4558480969757988,0.0,0.07392331186833558,6.729435101736633,59.26319128488323,28.087554487432264,89.76887501033576,118.2374503098619,Low,0
Apr,Wednesday,17,Ripening/Maturation,-0.8307295106618549,0.0,0.13492498539440986,6.708035103196148,59.02133219949673,28.47427785956217,88.83668125375192,115.7672276932885,Low,0
Apr,Wednesday,18,Ripening/Maturation,-1.285811490082763,0.0,0.12234515196301685,6.771155899249273,59.003670005942716,25.541154323291526,89.6738820946267,113.4566273493933,Low,0
Apr,Wednesday,19,Ripening/Maturation,-1.247084415861726,0.0,0.11243830990453078,6.860225244998923,63.01120825094904,24.072564567281777,94.08966371730425,114.38759030103644,Low,0
Apr,Wednesday,20,Ripening/Maturation,-0.8670349676960399,0.0,0.09816271982259822,6.951256565207972,64.3940972333745,22.48742051748286,88.2638431502733,120.0,Low,0
Apr,Wednesday,21,Ripening/Maturation,-1.9077908297738215,0.0,0.118788790016429,6.468817596076815,56.625035418933905,24.1495131157697,95.0,114.6255132133183,Low,0
Apr,Wednesday,22,Ripening/Maturation,-1.2559185602552037,0.0,0.09963274358166757,7.012600470279812,59.56924011875295,22.382099817133568,88.09450664186026,117.72306841266065,Low,0
Apr,Wednesday,23,Ripening/Maturation,-1.6807970747446177,0.0,0.20520864340972056,6.987996208680103,59.31369567656502,23.250156282866808,90.72017765075074,117.21332917914016,Low,0
Apr,Thursday,0,Ripening/Maturation,-1.5075652900025287,0.0,0.11159939968641296,6.772110772110257,61.053054587613495,21.896455862359044,91.71361950950968,118.41762913900497,Low,0
Apr,Thursday,1,Ripening/Maturation,-1.3842943766450941,0.0,0.10691850661633114,6.758616626803054,56.658072968978786,22.167480591598007,89.12473228393966,118.00242966628923,Low,0
Apr,Thursday,2,Ripening/Maturation,-0.8894070655338283,0.0,0.1010427349079274,6.218227423930343,58.15942287966194,22.385042178488227,94.1470896373531,120.0,Low,0
Apr,Thursday,3,Ripening/Maturation,-0.6938036504566361,0.0,0.18219327949933678,6.562246186105907,62.81412352664888,21.75569364652049,91.63563535013401,118.8911156309633,Low,0
Apr,Thursday,4,Ripening/Maturation,-1.8354943936635388,0.0,0.06263265927365518,6.872712483094603,55.19673631737166,22.212025775517635,89.38529292274816,117.23794668344344,Low,0
Apr,Thursday,5,Ripening/Maturation,-2.0958232520604527,0.0,0.13258013476647962,6.982329532706021,57.57642938277718,23.085440748650615,94.11379431913444,118.93044289392132,Low,0
Apr,Thursday,6,Ripening/Maturation,-1.9026934663407908,0.0,0.11162485098432584,6.917670020714126,59.25771929789979,21.734708351126493,86.95352465844532,115.60822292380759,Low,0
Apr,Thursday,7,Ripening/Maturation,-1.8882047420965975,0.0,0.07018099633752957,6.736542707713586,59.7996405588344,24.155238696421424,88.30354944139454,119.99194482646806,Low,0
Apr,Thursday,8,Ripening/Maturation,-1.5779737828048672,0.0,0.09133232852479094,7.062961234788342,59.429426730180644,26.41305675426521,91.68771129578323,117.09966620749287,Low,0
Apr,Thursday,9,Ripening/Maturation,-1.1786720486604552,0.0,0.13109338978670415,6.89288141650879,59.939673645119846,26.70334557581967,92.40439927624361,117.2436554514091,Low,0
Apr,Thursday,10,Ripening/Maturation,-0.9268324582324137,0.0,0.08974623731203693,6.599021501218373,62.964743819675164,29.505982893836205,90.96786565546635,120.0,Low,0
Apr,Thursday,11,Ripening/Maturation,-1.0922952827971393,0.0,0.1290847374877015,7.060664051446788,61.44890317401838,29.64105772698841,89.61842303352965,117.78379354681644,Low,0
Apr,Thursday,12,Ripening/Maturation,-1.9817033759875338,0.0,0.1805203630040223,6.464555019051064,57.449878653727,30.042325246783157,89.24566779617136,117.92454294692865,Low,0
Apr,Thursday,13,Ripening/Maturation,-2.133391376321748,0.0,0.12597102370260674,6.4160415339728605,58.45530649019229,28.76848175535983,93.39420277792617,120.0,Low,0
Apr,Thursday,14,Ripening/Maturation,-1.8833286947519512,0.0,0.06912706325164265,6.588568030160037,59.7463491779077,29.87553334384381,90.72118394860873,116.36911399940274,Low,0
Apr,Thursday,15,Ripening/Maturation,-2.3564899511903117,0.0,0.09036213083535886,6.527744394814261,61.28089860004601,29.880024876135593,87.3832836827979,120.0,Low,0
Apr,Thursday,16,Ripening/Maturation,-1.996420752032174,0.0,0.11001079914391583,6.596423391270565,60.28123753170594,30.025927874786213,87.21029291041472,120.0,Low,0
Apr,Thursday,17,Ripening/Maturation,-1.5669530062433248,0.0,0.10767177083518695,6.838897879279814,62.168426496923914,27.81722973815916,94.54038393778178,120.0,Low,0
Apr,Thursday,18,Ripening/Maturation,-1.550967223813908,0.0,0.12532048457905715,6.70517803363571,58.556463870247356,26.747042898363144,87.84371516403371,120.0,Low,0
Apr,Thursday,19,Ripening/Maturation,-2.971340895586481,0.0,0.13093550297273235,6.763188324637144,55.32041603808244,23.18788381275296,90.81819320125445,117.19673273713792,Low,0
Apr,Thursday,20,Ripening/Maturation,-3.3844059559879,0.0,0.18056847842916007,6.788983536865438,54.906665720003055,22.273542003477637,94.0527193042112,116.6322437500955,Low,0
Apr,Thursday,21,Ripening/Maturation,-2.3079300108552756,0.0,0.11986981172192372,6.346007453956592,57.67382268067101,23.35159715386309,91.62632187233848,120.0,Low,0
Apr,Thursday,22,Ripening/Maturation,-2.4667395939760848,0.0,0.07967319435934316,6.514780911179546,55.563775058851604,21.66481315968006,87.72707277698974,120.0,Low,0
Apr,Thursday,23,Ripening/Maturation,-3.2384204122152824,0.0,0.16038321455869986,6.695936300675027,58.25965826379696,23.147178103178483,86.95291771444886,116.82524671393975,Low,0
Apr,Friday,0,Ripening/Maturation,-2.596213563098854,0.0,0.16420586018733585,6.616348001382203,59.03579072408034,22.961654291680265,95.0,120.0,Low,0
Apr,Friday,1,Ripening/Maturation,-2.5810848481936715,0.0,0.12813550829020892,6.731856568532301,56.69404064173217,22.594778918759857,86.87650622419204,120.0,Low,0
Apr,Friday,2,Ripening/Maturation,-2.065043082748914,0.0,0.11137619616768635,7.033562539831088,59.82731789943031,22.11203789989122,88.34019229829629,120.0,Low,0
Apr,Friday,3,Ripening/Maturation,-1.9836907483705444,0.0,0.14178912408921715,6.775309632324094,59.18494052991837,21.585963876342053,91.11751091585359,120.0,Low,0
Apr,Friday,4,Ripening/Maturation,-1.8242205208510878,0.0,0.11261220652121645,6.517580169280622,60.561526711820136,23.79530343528265,89.34336465277055,120.0,Low,0
Apr,Friday,5,Ripening/Maturation,-1.725178454305572,0.0,0.048050187492788055,6.62653468807967,56.67095746261537,22.880490014179223,91.72141561468686,120.0,Low,0
Apr,Friday,6,Ripening/Maturation,-1.4878170636716748,0.0,0.13972159990403635,7.0806912701225,59.63791690079311,22.64749289974036,85.59668362372642,120.0,Low,0
Apr,Friday,7,Ripening/Maturation,-0.574381940752565,0.0,0.15122880169411024,7.030975599766292,62.005406286382254,23.824887673088714,89.36880184828081,120.0,Low,0
Apr,Friday,8,Ripening/Maturation,-0.38161370641346704,0.0,0.17043805306327653,6.831612430167612,63.831411303830976,25.876367216612447,92.03306624202766,118.02876470934773,Low,0
Apr,Friday,9,Ripening/Maturation,-1.371725581601265,0.0,0.09442345449666023,6.418832663812152,58.9509834017927,27.494692230845892,92.04321923105192,120.0,Low,0
Apr,Friday,10,Ripening/Maturation,-1.3212196516349146,0.0,0.1279157860551446,6.73348160220578,55.32921138791141,28.949552407531097,88.28264017108792,118.88386881275055,Low,0
Apr,Friday,11,Ripening/Maturation,-0.9769337548828884,0.0,0.1286729845248544,6.729012130237173,58.991959552915226,30.1702231739969,86.9348698662065,115.28664833212656,Low,0
Apr,Friday,12,Ripening/Maturation,-0.6659809995913517,0.0,0.12298838958963351,6.673870546358685,61.77954962955894,29.548446076770514,90.64113932225662,115.99241556794429,Low,0
Apr,Friday,13,Ripening/Maturation,-1.1444313685685141,0.0,0.12401996134001754,6.571872173576159,60.88113316644223,29.201722427610395,86.06261206312786,120.0,Low,0
Apr,Friday,14,Ripening/Maturation,-0.8515193099675981,0.0,0.12129976053819382,6.593598692426345,64.82384990132773,30.241847978473388,93.85281178789172,120.0,Low,0
Apr,Friday,15,Ripening/Maturation,-0.7165040923855661,0.0,0.1274112290553986,6.574576660605934,62.94588305959084,28.184977073359544,90.47222629272288,117.39592854985072,Low,0
Apr,Friday,16,Ripening/Maturation,0.1319707490660209,0.041666666666666664,0.14922310491648788,6.4808258415391355,63.97979035622143,28.370723063749328,87.9095652713341,120.0,Low,0
Apr,Friday,17,Ripening/Maturation,-0.6383696359365498,0.0,0.16271006336045107,6.954044312122577,61.903130320189405,26.95556655078046,86.83649577784172,117.22504600721992,Low,0
Apr,Friday,18,Ripening/Maturation,-1.1933614796189573,0.0,0.09352836527572267,6.877724456104818,62.84429921325389,26.2394684667018,88.10083000262289,120.0,Low,0
Apr,Friday,19,Ripening/Maturation,-1.5784081431007801,0.0,0.11396945258241362,6.6750940238344105,58.53159955224325,25.74124510003956,85.31420679696677,118.96190135663674,Low,0
Apr,Friday,20,Ripening/Maturation,-1.9874995487028906,0.0,0.105208715803932,6.863602182993041,58.449433507631866,20.81932750087715,91.48433721061494,120.0,Low,0
Apr,Friday,21,Ripening/Maturation,-2.5114405148895815,0.0,0.10020146749799796,6.819730939906475,55.29402652398841,24.194348024254722,87.59146022713817,120.0,Low,0
Apr,Friday,22,Ripening/Maturation,-3.794576153691558,0.0,0.06343890046428909,7.20139094236312,57.230829328530874,22.18853987270478,91.19901528526819,120.0,Low,0
Apr,Friday,23,Ripening/Maturation,-3.838665721893507,0.0,0.12084778595485368,6.929763658378755,55.072200141458815,22.653246945738065,91.61263715238712,120.0,Low,0
Apr,Saturday,0,Ripening/Maturation,-3.657630282852348,0.0,0.1367762129340851,6.944111517262543,53.30664072914647,21.243134273901028,92.89799169564846,120.0,Low,0
Apr,Saturday,1,Ripening/Maturation,-3.8774186294095445,0.0,0.11457150868353948,6.771749123509764,53.96528526878048,23.172497256181057,90.75554279098466,116.81813889564307,Low,0
Apr,Saturday,2,Ripening/Maturation,-2.9617473775929977,0.0,0.11968647362610202,6.698181017049947,57.411107820189365,22.40817802908138,93.37570311349053,120.0,Low,0
Apr,Saturday,3,Ripening/Maturation,-3.0290242856185876,0.0,0.1346452924768196,7.02650045441335,55.72890388907085,22.32582607104937,94.15833130421929,117.34927876559193,Low,0
Apr,Saturday,4,Ripening/Maturation,-2.504151454902576,0.0,0.1693891893307271,6.917532602540748,56.42109526480861,20.82509190807764,90.77464551146996,119.73491477037504,Low,0
Apr,Saturday,5,Ripening/Maturation,-2.511189588888454,0.0,0.10530824146669375,6.626671886504039,56.16459761469905,22.43403745107794,90.95557972467589,119.12168269666135,Low,0
Apr,Saturday,6,Ripening/Maturation,-2.2613286458809934,0.0,0.07899357599831387,6.8484210398953715,58.750735048367844,23.05166265905326,88.32757860315441,120.0,Low,0
Apr,Saturday,7,Ripening/Maturation,-2.2943424595882758,0.0,0.11683459485522352,6.903737327466787,57.27746953856677,23.966144563263963,87.03712589832297,118.78821188406116,Low,0
Apr,Saturday,8,Ripening/Maturation,-1.8373350749927653,0.0,0.1859246442179481,6.333468987025448,58.18288035049187,26.785429389455786,93.84622352793332,119.6037234679621,Low,0
Apr,Saturday,9,Ripening/Maturation,-2.042876113544946,0.0,0.07936848045500643,6.522431859049015,55.924973817381314,28.269234552382958,91.81723113731907,120.0,Low,0
Apr,Saturday,10,Ripening/Maturation,-2.031708027897589,0.0,0.14275474934530996,6.75604603538391,58.779181886100126,28.116775553551562,92.06048716874709,116.76186656704033,Low,0
Apr,Saturday,11,Ripening/Maturation,-2.0923258395282724,0.0,0.16052696302497899,6.303214334856964,58.11597110754833,30.858842030257268,88.22787117970353,119.9938339207463,Low,0
Apr,Saturday,12,Ripening/Maturation,-2.4517175670404967,0.0,0.037206302321200896,6.341436501106927,56.97258114181888,30.210659268914654,94.87176451083673,117.21468208933103,Low,0
Apr,Saturday,13,Ripening/Maturation,-2.4615060862376352,0.0,0.134357788326297,6.607594943719579,57.98992674800711,30.414796200630263,89.3141582264859,120.0,Low,0
Apr,Saturday,14,Ripening/Maturation,-1.658510312264298,0.0,0.14111937229755833,6.747173842504038,61.01557977603748,30.253608275536774,87.59447786154398,118.18317796880767,Low,0
Apr,Saturday,15,Ripening/Maturation,-2.105234613657275,0.0,0.11064326795170511,6.764728014082618,59.85056787110348,29.638203543972253,88.27897762441047,120.0,Low,0
Apr,Saturday,16,Ripening/Maturation,-2.1867666996356214,0.0,0.09737465036185991,6.999448741868202,59.35721692267403,26.52554517441743,94.71357485015771,116.68833766515961,Low,0
Apr,Saturday,17,Ripening/Maturation,-1.8845380881724387,0.0,0.0993268176616607,6.719089800375339,58.49576803111471,27.214513296318096,86.66685712197062,120.0,Low,0
Apr,Saturday,18,Ripening/Maturation,-1.6791776682922601,0.0,0.10850010264435325,6.674098795342949,58.33597692421609,24.7549127356105,87.74663246983151,120.0,Low,0
Apr,Saturday,19,Ripening/Maturation,-2.008739661134683,0.0,0.10942663889092781,6.495331733990709,56.591193530631884,25.456236033423053,95.0,120.0,Low,0
Apr,Saturday,20,Ripening/Maturation,-3.3650651585809666,0.0,0.10282280350351314,6.688609033142479,54.237530604729514,23.64386639337696,92.82311320897462,120.0,Low,0
Apr,Saturday,21,Ripening/Maturation,-3.2186768891548514,0.0,0.10794336615611441,6.894007015449943,55.8144756563015,23.05655066596447,87.80083246372436,116.87147868434107,Low,0
Apr,Saturday,22,Ripening/Maturation,-4.313914429942435,0.0,0.161677713834632,6.915226605875748,51.574033124833186,22.18422605012889,86.75565792396362,118.46244422813366,Low,0
Apr,Saturday,23,Ripening/Maturation,-3.5837656779258524,0.0,0.07749499273797028,6.836602600450373,55.09107665121284,21.56858805071704,84.98190841995584,120.0,Low,0
Apr,Sunday,0,Ripening/Maturation,-3.68391968542371,0.0,0.05878295518549434,6.883246660368356,52.72767939915937,21.848935198979515,90.29134243866463,115.59502914197945,Low,0
Apr,Sunday,1,Ripening/Maturation,-3.3837799317564166,0.0,0.16223747875320105,6.983312337756314,52.05694438577056,23.929113525140828,92.18406106336644,115.86343328701848,Low,0
Apr,Sunday,2,Ripening/Maturation,-3.969645197936436,0.0,0.11327937842307963,6.798730300399832,55.611663766682135,21.821242090784033,94.5563946297029,117.94684418636041,Low,0
Apr,Sunday,3,Ripening/Maturation,-4.756019445376663,0.0,0.10641186976311125,7.051259535047675,51.13672414036432,20.49052371649115,84.31804925650968,117.1475058924618,Low,0
Apr,Sunday,4,Ripening/Maturation,-4.6085464498194115,0.0,0.1161074006693566,6.6337165828242926,50.76542121398563,23.199132406788316,86.0238554922817,119.14034163269875,Low,0
Apr,Sunday,5,Ripening/Maturation,-4.6092855737812375,0.0,0.12732468452726944,6.745676574619297,50.25002034033015,23.575402490894316,89.64134826729938,120.0,Low,0
Apr,Sunday,6,Ripening/Maturation,-4.8143234096670335,0.0,0.10165820705085721,6.670414430379126,52.79169576625992,23.70237254973322,95.0,120.0,Low,0
Apr,Sunday,7,Ripening/Maturation,-4.733034634940186,0.0,0.1377075894676556,6.880399235587271,54.89053229907949,24.98584587504998,92.65770750719251,120.0,Low,0
Apr,Sunday,8,Ripening/Maturation,-3.4607728342930493,0.0,0.08632080991668863,6.527783514792614,54.387997475684394,26.80728565472829,91.11839932126523,119.94343889010905,Low,0
Apr,Sunday,9,Ripening/Maturation,-3.24422435334225,0.0,0.1094360837752785,6.64350322929768,55.28273480265344,27.4052656741127,86.32522922842034,120.0,Low,0
Apr,Sunday,10,Ripening/Maturation,-2.9714030156802864,0.0,0.04248563106503367,6.373229001237658,58.511896442145456,26.96861536095091,83.6400441027038,119.93779859466017,Low,0
Apr,Sunday,11,Ripening/Maturation,-2.841097303520457,0.0,0.16102829972023214,6.775411858756284,53.060475062834286,29.605055776419363,90.11654905677156,120.0,Low,0
Apr,Sunday,12,Ripening/Maturation,-2.4557301607385504,0.0,0.11383693062041297,6.876847026899735,61.539984900052815,30.671681515390123,89.70189153253425,120.0,Low,0
Apr,Sunday,13,Ripening/Maturation,-2.8882867686949565,0.0,0.14345364321080056,6.8224256719128125,61.45631235978484,30.266783954746998,89.19657743834618,120.0,Low,0
Apr,Sunday,14,Ripening/Maturation,-4.111213653975989,0.0,0.13668011044931877,6.808326654387616,48.22041217161746,30.029754402462896,88.85869899705163,120.0,Low,0
Apr,Sunday,15,Ripening/Maturation,-4.333300178994641,0.0,0.13924348231299627,6.83142022359632,52.905073112579345,28.811456512004696,87.7549379386806,120.0,Low,0
Apr,Sunday,16,Ripening/Maturation,-4.081936773666847,0.0,0.11972785649989788,6.821020976141671,52.26545767946044,27.82826086512662,87.06707361889373,120.0,Low,0
Apr,Sunday,17,Ripening/Maturation,-4.672350613087881,0.0,0.13358795874587112,6.790589653650853,51.756814986779624,28.833437226682726,94.1685233946845,120.0,Low,0
Apr,Sunday,18,Ripening/Maturation,-4.824730649420221,0.0,0.08635504555858195,6.824521217240483,51.083876302159624,27.345547008844576,87.34041511045388,118.47108075175605,Low,0
Apr,Sunday,19,Ripening/Maturation,-5.186039552785041,0.0,0.07900875053195937,6.6321814701168345,52.67702327027462,24.153049766653627,89.17155582369492,118.87988736978043,Low,0
Apr,Sunday,20,Ripening/Maturation,-4.504660541295609,0.0,0.11646129232731608,6.737461896905312,52.46367488695456,22.60021888407434,89.8827656828515,119.7354128826444,Low,0
Apr,Sunday,21,Ripening/Maturation,-4.249545085303856,0.0,0.0962078266861482,6.801289083611977,51.47927736687083,21.590313554370386,92.11884100509388,117.29091229741772,Low,0
Apr,Sunday,22,Ripening/Maturation,-4.064059938515978,0.0,0.16989124606372993,6.708737176834814,53.4018858249714,22.889059879951564,87.44450897641087,118.46658109711719,Low,0
Apr,Sunday,23,Ripening/Maturation,-3.906197533873772,0.0,0.13313005502574887,6.473823475454358,55.15469439262777,23.78271933729136,92.93420406450082,117.15040592899544,Low,0
Apr,Monday,0,Ripening/Maturation,-4.209792042779902,0.0,0.09492315134578114,6.572924151718428,51.02905644179768,21.151615376044244,88.26100091534016,120.0,Low,0
Apr,Monday,1,Ripening/Maturation,-4.3525386964433155,0.0,0.1104960846523047,6.812704101107796,49.76143975059608,22.746106639761916,89.51430849223075,120.0,Low,0
Apr,Monday,2,Ripening/Maturation,-5.085716340180794,0.0,0.1246552303695835,6.933446396658204,55.279766385236734,22.806217794116034,94.92929575697946,115.57771243301909,Low,0
Apr,Monday,3,Ripening/Maturation,-6.156666710715098,0.0,0.11761989653478791,6.772225265470076,47.4391465348669,22.797085211911405,87.09231686070399,118.36479464189428,Low,0
Apr,Monday,4,Ripening/Maturation,-6.018461617774286,0.0,0.12951111115269928,7.254829123119573,48.780986143502666,23.689254134278777,92.16271413732203,120.0,Low,0
Apr,Monday,5,Ripening/Maturation,-5.816451010475257,0.0,0.12240290905618079,6.586885544025997,48.74492676320824,24.00381456973692,93.01383260417865,120.0,Low,0
Apr,Monday,6,Ripening/Maturation,-5.242678813217301,0.0,0.0713270138035472,6.859766389706298,52.013746256442765,22.18821305770187,90.92969340672097,120.0,Low,0
Apr,Monday,7,Ripening/Maturation,-4.58797229664165,0.0,0.04471834013736313,6.974510873776266,56.03444633424213,24.6937064093756,89.64740753344448,118.33936685691748,Low,0
Apr,Monday,8,Ripening/Maturation,-4.030421612076855,0.0,0.10692368342878032,6.915620028646984,54.986855814474126,25.913456877521313,95.0,120.0,Low,0
Apr,Monday,9,Ripening/Maturation,-4.714324971090199,0.0,0.1396172446784425,6.82755364241166,49.14888977430354,26.85722618051811,89.95846381674193,119.96372520402986,Low,0
Apr,Monday,10,Ripening/Maturation,-5.022038740864967,0.0,0.10731708379027474,6.8724511675128435,48.67886016790702,28.846303185249052,90.6122325000984,118.00813410508877,Low,0
Apr,Monday,11,Ripening/Maturation,-4.923820750787228,0.0,0.16327974396918288,6.670671724088092,50.88490064745682,30.11995056601955,88.99041967836742,118.76552628731652,Low,0
Apr,Monday,12,Ripening/Maturation,-3.928828740693036,0.0,0.11835896552453855,6.956599220380876,53.53434462327019,30.347966245788175,90.45324557213917,118.82186645315363,Low,0
Apr,Monday,13,Ripening/Maturation,-3.5591302085347722,0.0,0.16750186224881924,6.8984178136576,51.51418496042335,29.670055032411106,92.89235393611936,116.27831684748485,Low,0
Apr,Monday,14,Ripening/Maturation,-3.415323256440633,0.0,0.1603166203742507,6.512045410088551,56.94190602489137,29.803574785570046,89.17408397726646,116.69108183550787,Low,0
Apr,Monday,15,Ripening/Maturation,-3.980030812814266,0.0,0.15679504028110636,6.732111853667996,51.77528493348281,29.218025007079625,83.67440861620882,119.50132804231586,Low,0
Apr,Monday,16,Ripening/Maturation,-4.696401577825513,0.0,0.07787709280275498,6.414651156248171,55.21523933747028,27.955696695799677,91.54071054845046,117.88000477154229,Low,0
Apr,Monday,17,Ripening/Maturation,-4.564927174895647,0.0,0.12059992337906206,6.9722157639801114,56.18543997466189,27.613750080154407,86.76499667667356,119.24770465884319,Low,0
Apr,Monday,18,Ripening/Maturation,-5.303834939315719,0.0,0.162797072061881,6.760153265536088,50.274289080377926,26.180559589974926,92.22562932587752,115.98586789594202,Low,0
Apr,Monday,19,Ripening/Maturation,-5.549624771240818,0.0,0.12953206536653133,6.981197388646658,51.05884582985841,24.93878155236027,89.9960258048199,120.0,Low,0
Apr,Monday,20,Ripening/Maturation,-5.700462625103406,0.0,0.13940259667496388,6.767482117319719,47.354995255583425,21.688902121471497,92.82932730993454,120.0,Low,0
Apr,Monday,21,Ripening/Maturation,-5.053935649761806,0.0,0.07142394432095325,6.44967659445699,52.617907093529894,21.913017051016965,87.15496869624836,120.0,Low,0
Apr,Monday,22,Ripening/Maturation,-5.364198445127008,0.0,0.18715764757128237,7.232946323969423,49.62953888482643,23.61865556154499,88.39433638849702,120.0,Low,0
Apr,Monday,23,Ripening/Maturation,-6.557255133376927,0.0,0.09230189591021043,6.802444888862579,45.58811703671867,22.243403308741662,88.97989192201995,120.0,Low,0
Apr,Tuesday,0,Ripening/Maturation,-6.401494878811602,0.0,0.050195120038743116,6.596475875436656,47.557742314346186,22.399104823401306,85.55315339214872,120.0,Low,0
Apr,Tuesday,1,Ripening/Maturation,-6.796418852020277,0.0,0.10771059917612266,6.985213456567108,46.25709873834061,22.23491702288348,93.33426062614613,120.0,Low,0
Apr,Tuesday,2,Ripening/Maturation,-6.790491807296007,0.0,0.03433806519676266,7.129732940799313,46.55250085648207,23.281424654977315,85.123731251666,117.71368346762782,Low,0
Apr,Tuesday,3,Ripening/Maturation,-6.833447392930936,0.0,0.08202061993230916,6.726374424429157,48.99908606259847,23.312446944572024,93.29194085393453,120.0,Low,0
Apr,Tuesday,4,Ripening/Maturation,-6.946751866808719,0.0,0.20954791415865562,6.745652868862079,45.25718033438761,23.26556648047108,91.27319543602097,120.0,Low,0
Apr,Tuesday,5,Ripening/Maturation,-6.560478533719772,0.0,0.10669857278738731,6.819404510911793,51.224897518620296,22.39625408908604,89.40339800297144,118.8424760342956,Low,0
Apr,Tuesday,6,Ripening/Maturation,-7.272056289813278,0.0,0.07002744912070732,6.58736951805049,43.39694563879742,21.6770512180088,91.03534844590433,120.0,Low,0
Apr,Tuesday,7,Ripening/Maturation,-7.428550000536274,0.0,0.12088542602981411,6.6027497900674845,48.90234054507013,25.695337933857918,90.95319986499096,118.26513674929096,Low,0
Apr,Tuesday,8,Ripening/Maturation,-7.027556250328492,0.0,0.08857686892388088,7.03527989916813,44.60084375539824,26.53111709450488,88.79871626526594,118.42436157842886,Low,0
Apr,Tuesday,9,Ripening/Maturation,-7.274643847464883,0.0,0.15025817198858757,6.6837389727317476,46.03882830101105,26.997591229755955,90.89444944307941,120.0,Low,0
Apr,Tuesday,10,Ripening/Maturation,-7.944912283546842,0.0,0.08886593272148859,6.5152091398959655,43.45181829253154,29.76870693729977,92.19354998555102,120.0,Low,0
Apr,Tuesday,11,Ripening/Maturation,-7.5083480817302855,0.0,0.12947567985473057,6.593818501489429,44.79250726077161,29.154263811012076,87.16595190053695,119.4201391581584,Low,0
Apr,Tuesday,12,Ripening/Maturation,-6.9410423221449085,0.0,0.07985293370946393,6.836063473419341,48.44421289956331,31.302986020005513,91.03858485701873,119.13083461301026,Low,0
Apr,Tuesday,13,Ripening/Maturation,-6.991481929249553,0.0,0.2109659850676694,6.283474145604897,49.720096964258694,31.557627671507593,82.12102471125822,120.0,Low,0
Apr,Tuesday,14,Ripening/Maturation,-7.90881053402146,0.0,0.137626830200956,6.716778425322047,46.899904128259784,29.437237080109742,84.21120030029982,115.41149862817113,Low,0
Apr,Tuesday,15,Ripening/Maturation,-7.507794461077684,0.0,0.11490729708811365,7.104977010323101,44.67158062872986,30.048157585636122,91.69357995466929,118.10557645538108,Low,0
Apr,Tuesday,16,Ripening/Maturation,-8.23534358350666,0.0,0.10974646122790502,7.039260206568326,44.10368584439312,29.2554044229133,88.7465123044674,116.83722721746042,Low,0
Apr,Tuesday,17,Ripening/Maturation,-7.980021728277772,0.0,0.10062400058627226,6.773853813929277,42.78379210479662,29.454845774538935,87.43968548251944,120.0,Low,0
Apr,Tuesday,18,Ripening/Maturation,-8.300432963008411,0.0,0.09336802820673688,6.970676234525415,41.59586026363042,25.25222901883338,89.84092357932916,120.0,Low,0
Apr,Tuesday,19,Ripening/Maturation,-8.696885947826088,0.0,0.09240611458365848,6.968210699864645,40.334871913760054,25.301202093245575,88.81214503537733,120.0,Low,0
Apr,Tuesday,20,Ripening/Maturation,-8.709872223157289,0.0,0.17874150976616832,6.754013487155559,41.721160050454245,22.388876814426844,87.03417660656106,118.72125507973337,Low,0
Apr,Tuesday,21,Ripening/Maturation,-8.596877800141232,0.0,0.10065851147975666,6.958234254808542,43.36670454169092,21.381908653135543,85.08285296420009,118.23350789054588,Low,0
Apr,Tuesday,22,Ripening/Maturation,-8.696964176350917,0.0,0.04547033826765527,7.100259789419735,38.80365565725479,22.27901026413257,84.0955275877993,118.11533400455399,Low,0
Apr,Tuesday,23,Ripening/Maturation,-8.21641040523055,0.0,0.0791911297692037,6.54936821910446,43.687907622285145,22.376971808879766,92.21637715577957,120.0,Low,0
Apr,Wednesday,0,Ripening/Maturation,-8.411655279915859,0.0,0.15247036169996983,6.89337884026407,46.344077577300986,21.52788784550777,88.73250134256804,120.0,Low,0
Apr,Wednesday,1,Ripening/Maturation,-7.925066626376407,0.0,0.11116865801930322,6.83819449722972,46.72366223484487,22.624738895081222,92.90864794180476,120.0,Low,0
Apr,Wednesday,2,Ripening/Maturation,-7.809340485255255,0.0,0.11530714399522701,6.783950896229375,43.58721468233406,23.141247404398865,88.70204950619082,114.72217593522987,Low,0
Apr,Wednesday,3,Ripening/Maturation,-8.140096439120828,0.0,0.16094350579966826,6.776650587171024,41.170022727544435,22.56556052324961,91.06490985751013,117.04765353901578,Low,0
Apr,Wednesday,4,Ripening/Maturation,-8.492531751694115,0.0,0.0927991693789694,6.825077724128036,44.03758440886378,21.9415247284961,89.6237866762964,119.8895577953247,Low,0
Apr,Wednesday,5,Ripening/Maturation,-9.142431386651234,0.0,0.14213462027458165,6.8354596604337905,36.92330817162204,22.256222345274427,90.13334018657729,118.75459482608034,Low,0
Apr,Wednesday,6,Ripening/Maturation,-8.827472173591103,0.0,0.09662408975743426,6.978280272996893,44.53437501514671,22.37136531456524,90.27911043183292,120.0,Low,0
Apr,Wednesday,7,Ripening/Maturation,-8.848671211174405,0.0,0.14015568228633168,6.833337267776362,41.836014177414945,24.329024773635354,88.66287972950556,120.0,Low,0
Apr,Wednesday,8,Ripening/Maturation,-9.779721095564245,0.0,0.10631026622306196,6.679473195117265,43.69127001180062,26.73393452273249,86.3111354613616,120.0,Low,0
Apr,Wednesday,9,Ripening/Maturation,-9.76179471376445,0.0,0.11154577888005085,6.547607084387933,36.61776171581239,27.58047021757874,92.2983952367211,115.32709589631793,Low,0
Apr,Wednesday,10,Ripening/Maturation,-9.920919878113267,0.0,0.14870467801289472,6.614847928438526,41.52608474294382,27.50749455684047,94.78064037657617,117.23692854191161,Low,0
Apr,Wednesday,11,Ripening/Maturation,-8.9550651566017,0.0,0.1461808682688875,6.722516487233799,41.806825950527525,29.1328940856284,94.97764622992207,119.75096918013843,Low,0
Apr,Wednesday,12,Ripening/Maturation,-9.612417521140562,0.0,0.11421002051083953,6.530798665108602,39.76809688631849,30.3072401381719,88.34019026679607,118.38149197920829,Low,0
Apr,Wednesday,13,Ripening/Maturation,-10.072780172382341,0.0,0.1034931715501825,6.813643382149182,36.58564065585809,31.27429958796329,87.80048772608798,119.22430603547353,Low,0
Apr,Wednesday,14,Ripening/Maturation,-9.33241571996236,0.0,0.1759701654568579,6.721719418560856,42.29369808551377,31.21270045068383,88.33715265649401,120.0,Low,0
Apr,Wednesday,15,Ripening/Maturation,-8.594793441698098,0.0,0.14062657840242893,6.853297447362921,44.224770509478276,31.002499216489316,89.47248779356863,118.1376674071213,Low,0
Apr,Wednesday,16,Ripening/Maturation,-8.914011038183451,0.0,0.10631003669697403,6.56650038955882,45.676629112291494,28.734143377807683,89.84261710762108,120.0,Low,0
Apr,Wednesday,17,Ripening/Maturation,-9.142629589701054,0.0,0.09714204728485858,6.543304334034238,43.57378951043866,27.973565755271867,87.00621462522808,120.0,Low,0
Apr,Wednesday,18,Ripening/Maturation,-8.779166629805026,0.0,0.1558714127429749,6.946752790446909,41.242209430556464,24.682500685418088,85.56079246036379,120.0,Low,0
Apr,Wednesday,19,Ripening/Maturation,-9.789419686856988,0.0,0.12403900301186058,6.768405621247464,37.997667584308196,24.499072730179698,90.1498269195222,120.0,Low,0
Apr,Wednesday,20,Ripening/Maturation,-10.44368444462106,0.0,0.11427564517058698,6.75332508601519,35.69817446586468,21.514788718831312,79.40877269731037,114.56764654080222,Low,0
Apr,Wednesday,21,Ripening/Maturation,-10.287357996146184,0.0,0.1240241311446908,6.9033843595664885,41.75678950052809,22.3249686433962,89.69802954205257,118.53491261822472,Low,0
Apr,Wednesday,22,Ripening/Maturation,-9.318988233038723,0.0,0.1318228906122947,6.859577802289765,39.57807967215133,24.798870711097713,87.16575717476681,120.0,Low,0
Apr,Wednesday,23,Ripening/Maturation,-9.36790166440947,0.0,0.118015879839923,6.547194876553721,43.97749574335988,22.617843388952345,92.34046357983853,117.8391173175737,Low,0
Apr,Thursday,0,Ripening/Maturation,-9.31134054177799,0.0,0.16212904033950482,7.03647688078566,42.20292678145696,21.683949424655736,93.14290463131543,117.49985235088783,Low,0
Apr,Thursday,1,Ripening/Maturation,-8.78523222673191,0.0,0.16407684666741956,6.698108282113738,43.07524841903134,22.701231204766323,93.2137372807438,119.68432952523668,Low,0
Apr,Thursday,2,Ripening/Maturation,-7.883068251680943,0.0,0.138616084172063,7.089083150832614,43.96689957084514,21.961339850728518,88.96065935612809,119.95670242305853,Low,0
Apr,Thursday,3,Ripening/Maturation,-8.304738943750879,0.0,0.16811516466734697,6.548365178916431,44.88997236100239,21.60640470947396,86.59456796410977,118.66325767606895,Low,0
Apr,Thursday,4,Ripening/Maturation,-8.407583439187027,0.0,0.12029738688483778,6.808769124445769,43.290858220277535,24.0575116267124,87.55622304940015,120.0,Low,0
Apr,Thursday,5,Ripening/Maturation,-7.663633209275066,0.0,0.14416158517516153,6.730661439515873,44.36885371480222,23.228449621013404,90.8628320495442,120.0,Low,0
Apr,Thursday,6,Ripening/Maturation,-8.527080900479366,0.0,0.15515597116051796,6.417186318741898,44.42701541214592,22.651429299996597,85.06240657487643,117.74279279721237,Low,0
Apr,Thursday,7,Ripening/Maturation,-8.123914393841536,0.0,0.15566633980058137,6.873351803457512,43.714661236338046,23.841708839452483,94.1806484683921,116.40123140516806,Low,0
Apr,Thursday,8,Ripening/Maturation,-8.702739790147517,0.0,0.15205997017084205,6.3822297602874585,41.016754946168305,25.597438326562706,89.008109904608,120.0,Low,0
Apr,Thursday,9,Ripening/Maturation,-8.70396208871897,0.0,0.14209162179285897,6.631046406400757,43.810144537995775,28.596903908345187,91.50052101732881,117.68355314381108,Low,0
Apr,Thursday,10,Ripening/Maturation,-8.870452634295104,0.0,0.18849948404733302,6.878145877640775,42.08294236643462,28.874913889875895,84.65572165878947,120.0,Low,0
Apr,Thursday,11,Ripening/Maturation,-9.347379019265986,0.0,0.10111064751570781,6.610345921653988,42.04411037727724,27.116506828860302,87.22205392272495,120.0,Low,0
Apr,Thursday,12,Ripening/Maturation,-9.78150849068164,0.0,0.11456727243539264,6.468160241077482,39.116659905655695,32.11117410998166,84.28296256303086,120.0,Low,0
Apr,Thursday,13,Ripening/Maturation,-9.600759637948709,0.0,0.11249213331724531,6.798742416417495,38.03993425956119,30.521449885577827,93.06356848140345,120.0,Low,0
Apr,Thursday,14,Ripening/Maturation,-9.13352725762935,0.0,0.10711764993326667,6.610849973374071,45.049682506718106,30.44911850204244,89.51938578037495,120.0,Low,0
Apr,Thursday,15,Ripening/Maturation,-9.248229631940875,0.0,0.05039297848047723,6.582807653046324,44.39747170486905,30.45210679396719,91.7139148603087,114.01162826390001,Low,0
Apr,Thursday,16,Ripening/Maturation,-9.26472847349131,0.0,0.16812026819978867,6.9069690340665755,43.03222158614477,29.00197412159351,90.19024104699022,116.99182491504543,Low,0
Apr,Thursday,17,Ripening/Maturation,-9.058335189526387,0.0,0.08408858393338028,6.482983148036526,40.98437417438813,27.96044530904332,91.40542516173709,120.0,Low,0
Apr,Thursday,18,Ripening/Maturation,-9.57676337751519,0.0,0.1259435218061134,6.6471643269295955,39.9151319476414,25.507091139048526,88.98767441877442,120.0,Low,0
Apr,Thursday,19,Ripening/Maturation,-9.25085190803208,0.0,0.07023485878137897,6.920890493805398,44.062610312515936,23.1713312124774,89.38936323157829,116.9117949345547,Low,0
Apr,Thursday,20,Ripening/Maturation,-8.929830158682808,0.0,0.14172505057519086,6.551761682630608,41.36074754402644,22.599186225178556,89.72480274357227,115.45342208489446,Low,0
Apr,Thursday,21,Ripening/Maturation,-7.843037000974338,0.0,0.09251113874209307,7.079258112925219,43.411599124967,23.52029172181967,91.21689496478169,120.0,Low,0
Apr,Thursday,22,Ripening/Maturation,-8.239125373256408,0.0,0.08024133265618298,6.745616083388578,47.470568455457524,21.856757953293506,91.29635526365408,120.0,Low,0
Apr,Thursday,23,Ripening/Maturation,-8.604833431627858,0.0,0.12680202125685971,6.943026216592063,42.7530444008654,21.79258080414418,95.0,120.0,Low,0
Apr,Friday,0,Ripening/Maturation,-8.510044331213996,0.0,0.09547428968310799,6.919261100919497,46.6127442621141,23.35181540830395,95.0,119.85092731013874,Low,0
Apr,Friday,1,Ripening/Maturation,-8.393281337845773,0.0,0.09990443163697696,6.754950116148455,40.55934096779014,22.009203835887128,84.66372364233109,115.37036237848173,Low,0
Apr,Friday,2,Ripening/Maturation,-8.890433391789108,0.0,0.12601263653198674,6.695579538833632,43.19932962527515,22.046552068932478,89.57068356621824,119.06247465228968,Low,0
Apr,Friday,3,Ripening/Maturation,-9.248469911501235,0.0,0.1479996308772046,6.7736191101236,45.445837410830265,22.076484581643008,88.78231247920351,119.4352474225271,Low,0
Apr,Friday,4,Ripening/Maturation,-9.12366222412973,0.0,0.0913559829244901,6.905937936320153,41.662712151406375,22.323015215207615,93.84039144243,118.629399496217,Low,0
Apr,Friday,5,Ripening/Maturation,-9.627354277816222,0.0,0.08530826341029751,6.6182021852378705,39.86634074870548,21.11608952327837,89.05275611219635,115.20315393276579,Low,0
Apr,Friday,6,Ripening/Maturation,-9.87118719575093,0.0,0.12082192833387963,6.566760535378901,37.47364689500093,21.943527909966697,91.39286663234,120.0,Low,0
Apr,Friday,7,Ripening/Maturation,-9.857496099764061,0.0,0.13887384030903288,7.014564561611217,42.00669546943675,24.339461886962294,82.98881510915965,120.0,Low,0
Apr,Friday,8,Ripening/Maturation,-9.442761215063861,0.0,0.1711964317151219,6.589856183393874,39.29711691856536,26.024660261880328,85.45919756582016,118.0133885982638,Low,0
Apr,Friday,9,Ripening/Maturation,-9.814118012179796,0.0,0.08250346405972045,6.751895405911109,39.75649965198851,28.289312856933538,95.0,119.53507097967426,Low,0
Apr,Friday,10,Ripening/Maturation,-10.700636720610648,0.0,0.10887115145553668,6.62458575783566,35.34946731094922,30.101165637500085,90.15073319462473,118.75772114623499,Low,0
Apr,Friday,11,Ripening/Maturation,-11.508256529120553,0.0,0.1611525108776339,6.622193124471522,38.99397353030554,30.792737700550873,87.00461992959295,118.78201933389933,Low,0
Apr,Friday,12,Ripening/Maturation,-11.919758717283656,0.0,0.1890583087648552,6.90637797177907,37.20234969997059,30.906145204713734,90.72861261366762,120.0,Low,0
Apr,Friday,13,Ripening/Maturation,-12.310522325486161,0.0,0.0852418150241936,6.643329361292852,33.89157692040695,30.256012327386234,86.84082313964245,120.0,Low,0
Apr,Friday,14,Ripening/Maturation,-12.137046263519279,0.0,0.09414158280676725,6.603131776298445,32.062791096379875,29.675968041489085,89.14987937431295,120.0,Low,0
Apr,Friday,15,Ripening/Maturation,-12.463426310245865,0.0,0.1333385033113451,6.619995380132128,36.65959095389519,29.597053689226072,85.64214618226795,120.0,Low,0
Apr,Friday,16,Ripening/Maturation,-12.533143825738644,0.0,0.09977899002324195,6.58540576143261,32.68859136413296,29.09811487556256,87.6338363466197,119.57048476694624,Low,0
Apr,Friday,17,Ripening/Maturation,-12.630094926087544,0.0,0.09342688859215166,6.5715766455254965,30.97736249575485,28.020468653466406,88.75098993162412,120.0,Low,0
Apr,Friday,18,Ripening/Maturation,-12.565032396039106,0.0,0.12855647122291175,6.6274314871788444,29.81968622456106,26.344538499753146,93.36209794301014,120.0,Low,0
Apr,Friday,19,Ripening/Maturation,-11.714053499118613,0.0,0.17422969838089222,7.051004413901706,34.09434133832778,24.058227094549668,91.39213802304948,118.35465015872815,Low,0
Apr,Friday,20,Ripening/Maturation,-11.274567061005934,0.0,0.0741681196715215,6.895500641992769,33.531762808525876,23.00448979187381,91.91557210782628,120.0,Low,0
Apr,Friday,21,Ripening/Maturation,-11.179439890091263,0.0,0.17244169377228297,6.699609151144257,35.423702590735324,23.3836980040668,89.92267604590806,115.0354666768824,Low,0
Apr,Friday,22,Ripening/Maturation,-11.302202353962086,0.0,0.09988307734959892,6.943011089622577,37.86353181788642,23.079128307254035,92.46854729510876,120.0,Low,0
Apr,Friday,23,Ripening/Maturation,-11.383453075319999,0.0,0.13210271724403697,6.4915642724122335,35.42891229128154,22.34938955586928,87.37944219197028,120.0,Low,0
Apr,Saturday,0,Ripening/Maturation,-11.2537615110746,0.0,0.17567977523856515,7.034503287618893,37.20235913764838,21.707921045995196,87.80188216505499,120.0,Low,0
Apr,Saturday,1,Ripening/Maturation,-11.01415446108338,0.0,0.13138632573057393,7.0202938477215024,35.619359974335424,21.688946056489513,91.22277321437063,119.6968036690885,Low,0
Apr,Saturday,2,Ripening/Maturation,-11.467578492054754,0.0,0.10958781331302841,7.187589734007362,36.10814975179705,21.830025901126255,89.16255782991847,120.0,Low,0
Apr,Saturday,3,Ripening/Maturation,-11.42253070864032,0.0,0.14513614679431588,6.955869356650059,39.92772794343528,22.580660158939946,89.95846245491151,120.0,Low,0
Apr,Saturday,4,Ripening/Maturation,-12.306647748321378,0.0,0.11393918291836459,6.849339572853062,33.2670732479749,22.790843002844507,89.50759416625621,120.0,Low,0
Apr,Saturday,5,Ripening/Maturation,-12.052593272969231,0.0,0.1382472867358115,7.026254657091595,35.342635020113164,21.243374145644776,93.76035124368443,117.54256415500613,Low,0
Apr,Saturday,6,Ripening/Maturation,-11.584740833649906,0.0,0.11283616505677632,6.670277243653115,32.56556754430334,21.97180391330916,93.91665879803662,120.0,Low,0
Apr,Saturday,7,Ripening/Maturation,-11.653055411324928,0.0,0.15014035139461634,6.676078093835191,38.57287925765391,24.349795843894828,88.12150271830876,119.20732028308062,Low,0
Apr,Saturday,8,Ripening/Maturation,-10.77323303846873,0.0,0.07120189076074243,6.724041042905445,36.68982744978532,25.126325984862383,84.7203919593278,117.07461515269866,Low,0
Apr,Saturday,9,Ripening/Maturation,-11.238367259928966,0.0,0.08452674315672135,6.943248049502307,38.62898587598349,27.71004173731755,87.86550929733708,119.21184699019379,Low,0
Apr,Saturday,10,Ripening/Maturation,-11.15412543443022,0.0,0.07068750512962188,6.532686258094033,36.48373836584966,28.383709227010986,87.30911956029612,117.97598748575906,Low,0
Apr,Saturday,11,Ripening/Maturation,-11.207464654177423,0.0,0.11802496997812811,6.504268673549203,37.8252435600158,29.00401472588395,92.49524502239723,120.0,Low,0
Apr,Saturday,12,Ripening/Maturation,-11.295031330719898,0.0,0.06646616234165804,6.701822039426057,37.73394966069424,30.216987643413706,92.76149243032337,115.86901465591518,Low,0
Apr,Saturday,13,Ripening/Maturation,-11.389331831009049,0.0,0.09578589487266133,6.781323125518707,35.26072292655285,30.68882426366328,86.90677745088607,120.0,Low,0
Apr,Saturday,14,Ripening/Maturation,-11.382605888941299,0.0,0.08123719884009173,6.543511493840207,38.365558738064585,29.495600166038646,87.73648572433545,120.0,Low,0
Apr,Saturday,15,Ripening/Maturation,-11.053585639986771,0.0,0.17178866803385884,6.792345315908427,35.45342473604555,29.388661039368113,85.56296673823468,120.0,Low,0
Apr,Saturday,16,Ripening/Maturation,-10.540015366628204,0.0,0.08532618767384563,6.923754963145223,39.7598315601474,29.003794561589924,90.40313557056828,120.0,Low,0
Apr,Saturday,17,Ripening/Maturation,-10.724233968593069,0.0,0.07497090039768302,6.927284410803788,36.98142788704357,26.753246268216458,89.86525071774777,120.0,Low,0
Apr,Saturday,18,Ripening/Maturation,-10.516426758290581,0.0,0.12869184868180195,6.808294731726064,38.95969167736673,24.519864440601342,92.36736545231679,118.48583081822943,Low,0
Apr,Saturday,19,Ripening/Maturation,-11.018730281215895,0.0,0.17903874040965811,6.752303779273503,36.131061320373334,22.92590839509871,91.4913938836783,120.0,Low,0
Apr,Saturday,20,Ripening/Maturation,-10.785341110682081,0.0,0.11593765222640104,7.094303864785218,37.71513328377619,22.040559308754425,91.83060891316855,114.42693251384725,Low,0
Apr,Saturday,21,Ripening/Maturation,-11.264415550964653,0.0,0.11864482427330275,6.795468738324122,34.3160152743013,21.320265378955888,85.37399388064279,119.71503010286858,Low,0
Apr,Saturday,22,Ripening/Maturation,-10.83257818036772,0.0,0.16517651113774667,6.950311494272851,37.99692633649506,22.096822483859004,88.12102189022323,120.0,Low,0
Apr,Saturday,23,Ripening/Maturation,-9.945388751277083,0.0,0.15073802683757562,7.109386352039332,39.71944266685418,23.70695428093814,92.84669191422961,120.0,Low,0
Apr,Sunday,0,Ripening/Maturation,-10.375005409018751,0.0,0.13488952446141625,6.943766434985652,37.51967991021005,21.272121289849053,88.38427164461207,116.0648070714192,Low,0
Apr,Sunday,1,Ripening/Maturation,-11.66350042274277,0.0,0.09961807450599323,6.600789836294471,35.39754305263676,22.14891611881784,85.11730237659287,119.02458522274833,Low,0
Apr,Sunday,2,Ripening/Maturation,-12.019776516852287,0.0,0.13595852672003145,6.528263244713251,34.92054531189033,24.080843643417108,92.42396873961496,119.37309874785629,Low,0
Apr,Sunday,3,Ripening/Maturation,-11.515049095117973,0.0,0.07237255666265595,6.718404143392934,34.63116806518664,22.70150406638057,88.26820501495678,118.92731225918914,Low,0
Apr,Sunday,4,Ripening/Maturation,-11.378655756187992,0.0,0.09817135577125907,6.9089975216721875,35.93370903368948,22.08082137001952,93.18791098088063,120.0,Low,0
Apr,Sunday,5,Ripening/Maturation,-11.39333579876308,0.0,0.17010119278343375,6.858819047646153,34.14489020117876,22.24949389238461,89.94475583747906,119.4579314135041,Low,0
Apr,Sunday,6,Ripening/Maturation,-11.062401360089904,0.0,0.16556974396593926,7.168997421682742,41.641702813706246,22.71849000671462,89.16834167129677,120.0,Low,0
Apr,Sunday,7,Ripening/Maturation,-11.015364089860697,0.0,0.13531196447673816,6.808133356554766,39.1813635047507,25.511785016152466,94.0895726733701,118.77595100182795,Low,0
Apr,Sunday,8,Ripening/Maturation,-10.649834871475084,0.0,0.05247261975181697,6.672239775580506,38.486584519722896,25.42138702695867,86.09203314258849,120.0,Low,0
Apr,Sunday,9,Ripening/Maturation,-10.477502436032623,0.0,0.07771224652058975,6.507145968611831,40.698220008475104,26.756830188559242,94.30266353889327,120.0,Low,0
Apr,Sunday,10,Ripening/Maturation,-10.068420224589758,0.0,0.0962184649985076,6.912079654918721,35.37728650761702,27.526604873520057,88.08193201336223,119.22914563890262,Low,0
Apr,Sunday,11,Ripening/Maturation,-10.251734355512687,0.0,0.1139905339031449,6.6664305622041065,33.78047807110154,29.665227769227194,90.48710958094803,120.0,Low,0
Apr,Sunday,12,Ripening/Maturation,-10.176158148401965,0.0,0.07623560973229129,6.405646740694104,38.278638320335475,29.04987340160026,90.51546058627675,118.0838055056674,Low,0
Apr,Sunday,13,Ripening/Maturation,-10.66941865705765,0.0,0.1113790196746219,6.666447300022609,35.13626693585743,30.003973900142565,88.71864052931251,120.0,Low,0
Apr,Sunday,14,Ripening/Maturation,-11.237890743604465,0.0,0.18185533333543746,6.491554991828644,36.055851166452626,29.447476544566307,87.71366192976917,117.62249831353158,Low,0
Apr,Sunday,15,Ripening/Maturation,-10.698222166922776,0.0,0.13402925569005356,6.579254501865933,38.23558008057514,30.442049751406635,88.89053343310458,120.0,Low,0
Apr,Sunday,16,Ripening/Maturation,-10.91264753732715,0.0,0.1276589320136363,6.690270534511918,39.15047490709607,28.222934749850793,86.9563119486216,120.0,Low,0
Apr,Sunday,17,Ripening/Maturation,-10.837044326284778,0.0,0.08438556033435292,6.534361011140586,35.21456564836611,27.680462677274363,95.0,117.47065470662046,Low,0
Apr,Sunday,18,Ripening/Maturation,-11.080208447453117,0.0,0.06263553246506225,6.656285704914012,37.706761098432665,24.562796311589615,88.55660708793833,119.6734925887361,Low,0
Apr,Sunday,19,Ripening/Maturation,-11.607275006545164,0.0,0.07701312510599366,6.614652834331411,35.67131937059607,24.260373035212787,93.47684176328983,120.0,Low,0
Apr,Sunday,20,Ripening/Maturation,-11.786782782085533,0.0,0.06122137981856464,6.662200868332687,35.90673994286089,21.4124717553114,93.08151887572895,117.9642460743797,Low,0
Apr,Sunday,21,Ripening/Maturation,-11.292117450209561,0.0,0.12262623417845282,6.600539088915477,35.35937421798985,22.034481200056113,91.0887892168706,120.0,Low,0
Apr,Sunday,22,Ripening/Maturation,-11.252896307087816,0.0,0.13343600315425758,6.6634429474803625,39.25931914271348,24.14396205940498,89.59296289780116,120.0,Low,0
Apr,Sunday,23,Ripening/Maturation,-12.227369212517585,0.0,0.08621485165132287,6.604643187953798,33.94729659309834,23.120739501792706,90.58134554124115,119.89429261357881,Low,0
Apr,Monday,0,Ripening/Maturation,-12.534986417113283,0.0,0.12517717689682017,6.884001091869628,36.96439704593566,22.272269933734954,91.7165093017625,115.67217403114786,Low,0
Apr,Monday,1,Ripening/Maturation,-11.88796286767917,0.0,0.17141478356812995,6.774631706718054,33.388111810205544,24.934153527826556,90.30140538178965,120.0,Low,0
Apr,Monday,2,Ripening/Maturation,-12.217945542925454,0.0,0.1885194069821533,7.002905836782822,35.66258537689002,21.642860247701346,85.29975302806909,120.0,Low,0
Apr,Monday,3,Ripening/Maturation,-13.20558923480702,0.0,0.14696436227622264,7.102499013693865,31.687248875342096,23.30717310566029,84.54506605124968,120.0,Low,0
Apr,Monday,4,Ripening/Maturation,-12.385088387597344,0.0,0.11388058236145798,6.917185595988084,33.12030303643285,21.14886043452231,94.52696467143532,120.0,Low,0
Apr,Monday,5,Ripening/Maturation,-12.219357907318683,0.0,0.14583364853566894,6.860727737525771,35.43817170337025,22.179861793881642,82.09585829035359,120.0,Low,0
Apr,Monday,6,Ripening/Maturation,-12.413742475648716,0.0,0.16731334942872866,6.9263091860152475,33.1086711000639,21.296768199855553,90.58705546088055,120.0,Low,0
Apr,Monday,7,Ripening/Maturation,-12.71821503369555,0.0,0.049747015177330434,6.83107116400454,27.652353244816023,24.360988203723213,89.29506595651975,117.53117296389125,Low,0
Apr,Monday,8,Ripening/Maturation,-12.330760204675343,0.0,0.1718724163228746,6.733173190439734,27.780439262430562,25.89084611580347,90.4824034375623,120.0,Low,0
Apr,Monday,9,Ripening/Maturation,-12.736286962733331,0.0,0.10093946127924282,6.700469556224623,35.477755610008096,27.116786575523,86.58009977629789,119.06146414303873,Low,0
Apr,Monday,10,Ripening/Maturation,-12.334580285807359,0.0,0.10127629657718784,6.486049944271155,36.35752422982173,29.503297479845283,91.05203246380236,119.09359616431854,Low,0
Apr,Monday,11,Ripening/Maturation,-12.27365792289728,0.0,0.10757752095949288,6.826569443302613,37.817902877558424,29.12907176481712,90.61804930252522,120.0,Low,0
Apr,Monday,12,Ripening/Maturation,-12.367827836111243,0.0,0.13120294485715145,6.650328363789994,33.782156696768666,30.435904695700447,95.0,120.0,Low,0
Apr,Monday,13,Ripening/Maturation,-12.506121298753564,0.0,0.08110610112054317,6.907941756089059,30.900039278995663,31.03144395221707,90.38994013955204,119.4088749205099,Low,0
Apr,Monday,14,Ripening/Maturation,-12.781088822338333,0.0,0.1100315087858167,6.842406767690292,31.986219141085996,28.987846330337643,94.04470532048441,120.0,Low,0
Apr,Monday,15,Ripening/Maturation,-12.478435454283826,0.0,0.1383847022274262,6.565068415942126,33.57460394044144,28.984019469879847,85.50394297365587,120.0,Low,0
Apr,Monday,16,Ripening/Maturation,-13.085882898804241,0.0,0.12764999372458974,6.906813278937822,30.079804594299603,28.672740633596906,93.06028595413613,119.7041509331407,Low,0
Apr,Monday,17,Ripening/Maturation,-13.953644854422295,0.0,0.13332850800265145,6.233560830573168,33.30840179533422,27.867041150412525,90.67881990887054,120.0,Low,0
Apr,Monday,18,Ripening/Maturation,-13.695225408390447,0.0,0.10866109506665697,7.05519473220724,35.1104647791504,26.983060125677692,90.80921605208425,116.82361407584804,Low,0
Apr,Monday,19,Ripening/Maturation,-13.463755857962623,0.0,0.14427984833619303,6.511842895515037,32.14354734235006,23.982463632668175,90.85070563038114,120.0,Low,0
Apr,Monday,20,Ripening/Maturation,-13.327745652891887,0.0,0.15697456427009995,6.869792844762555,31.491682939663082,22.12182316588009,95.0,120.0,Low,0
Apr,Monday,21,Ripening/Maturation,-13.235620616325935,0.0,0.1548753759256949,6.864281062269119,29.14457656386889,21.676923175829067,90.76531339716772,120.0,Low,0
Apr,Monday,22,Ripening/Maturation,-13.47396578918109,0.0,0.13496635814950975,6.97518422602539,34.25534989827749,22.638987273741627,87.64763385244268,114.39737635581453,Low,0
Apr,Monday,23,Ripening/Maturation,-13.168514383821163,0.0,0.15286124130532877,6.721274985569583,32.0481791005273,22.137305941041525,88.15218588218566,119.68351861115706,Low,0
Apr,Tuesday,0,Ripening/Maturation,-13.42356797157019,0.0,0.15048712044401558,6.393970062218739,30.70510807141032,22.155774189739425,92.45138248159412,116.96490771868655,Low,0
Apr,Tuesday,1,Ripening/Maturation,-13.828931869151614,0.0,0.21367777673394514,6.719089838022162,31.2729116913852,22.299889195289193,91.34236637466039,120.0,Low,0
Apr,Tuesday,2,Ripening/Maturation,-14.086876942429761,0.0,0.1626323474517048,6.730806248804978,28.520072280190202,22.81630244967227,85.40857901391894,119.02331524500845,Low,0
Apr,Tuesday,3,Ripening/Maturation,-13.248922518206774,0.0,0.11689395521776516,6.414785203647036,31.99633630254738,21.924015557456592,91.54392547157792,120.0,Low,0
Apr,Tuesday,4,Ripening/Maturation,-14.210521802237276,0.0,0.08809122494285956,6.794307786679839,26.509813972939217,21.757273528872876,86.75297292957993,116.95739039561848,Low,0
Apr,Tuesday,5,Ripening/Maturation,-14.026958181947228,0.0,0.11086009108343113,6.578041041806772,32.00947474183152,22.720379348907283,91.31477405929228,120.0,Low,0
Apr,Tuesday,6,Ripening/Maturation,-14.847928173349732,0.0,0.10838753005400073,6.930019017379412,27.656150301689294,19.954420078493932,87.58333788444423,120.0,Low,0
Apr,Tuesday,7,Ripening/Maturation,-14.848737310282388,0.0,0.13789978987040538,6.71312227356041,30.18063217659029,23.672224932721168,89.15555479597681,120.0,Low,0
Apr,Tuesday,8,Ripening/Maturation,-15.000755654821244,0.0,0.09549103141837453,7.0916217446923335,27.095914072745778,24.925022313414573,88.36557462663161,120.0,Low,1
Apr,Tuesday,9,Ripening/Maturation,-15.88240880881852,0.0,0.16172620100321414,6.641504966869464,25.109819441267597,28.3255249932833,94.55673894970616,120.0,Low,1
Apr,Tuesday,10,Ripening/Maturation,-15.537449104333177,0.0,0.07136529479366466,6.765816843195767,23.78548729301646,28.27690564970992,91.20554325093006,120.0,Low,1
Apr,Tuesday,11,Ripening/Maturation,-15.598685668947441,0.0,0.06286162022892544,6.637134458072206,27.582668340562428,29.134178051005566,93.78333900692199,120.0,Low,1
Apr,Tuesday,12,Ripening/Maturation,-16.4376569738918,0.0,0.11527093972261279,6.368278846438347,22.297943354613498,30.135525309251967,95.0,119.75123434737905,Low,1
Apr,Tuesday,13,Ripening/Maturation,-15.849405934353003,0.0,0.0905104332781571,6.62717112821683,24.488581011154338,29.898702057228068,90.14041602578982,119.4661903006606,Low,1
Apr,Tuesday,14,Ripening/Maturation,-15.087380767893006,0.0,0.07596181511054963,6.80032984784689,27.29238052922186,29.85230477093176,94.50597055890367,120.0,Low,1
Apr,Tuesday,15,Ripening/Maturation,-14.417384183077115,0.0,0.09770255157483052,6.7759515759463245,29.14072632799364,29.660439271557884,87.9016330032216,113.07469345452306,Low,0
Apr,Tuesday,16,Ripening/Maturation,-14.357999688383039,0.0,0.0933479959822377,6.635331514508895,25.628606867445193,28.292019512139223,93.76463432978814,120.0,Low,0
Apr,Tuesday,17,Ripening/Maturation,-14.45262837958232,0.0,0.12035470159319767,6.444990732159343,28.352080158026396,27.01954445305224,87.57747345771232,120.0,Low,0
Apr,Tuesday,18,Ripening/Maturation,-13.958734371482132,0.0,0.09828352240900086,6.85293338918242,31.589497945730308,25.037943773971417,89.94475460538114,119.61037380653035,Low,0
Apr,Tuesday,19,Ripening/Maturation,-13.372913756004197,0.0,0.10113029746124746,6.839525478194917,30.648330916542122,23.232140479234086,91.61063297050526,116.17273118845145,Low,0
Apr,Tuesday,20,Ripening/Maturation,-13.11117960309946,0.0,0.11982969986225475,6.9279613109223845,31.583705444134655,22.423509518072226,92.08269369017184,119.62540853513305,Low,0
Apr,Tuesday,21,Ripening/Maturation,-13.812099056391531,0.0,0.15549845497573986,6.723855598740338,30.675774366345777,22.62028040782866,86.18234507362173,116.16575197684645,Low,0
Apr,Tuesday,22,Ripening/Maturation,-13.890444448994446,0.0,0.17147609129210767,6.490825417019687,29.911012457319334,21.23247468497284,87.39893422842661,120.0,Low,0
Apr,Tuesday,23,Ripening/Maturation,-13.83882653885855,0.0,0.12517186468694227,6.863832535969236,28.225785301964272,22.98295313230468,91.83435023631269,119.35662450132979,Low,0
Apr,Wednesday,0,Ripening/Maturation,-12.149418459431107,0.0,0.12789400915696822,6.766060730608875,34.26870345003153,22.986238111859798,88.8968503103607,114.84323986703438,Low,0
Apr,Wednesday,1,Ripening/Maturation,-9.65830544507138,0.0,0.11358845439464557,7.015681809552676,42.308213271840486,23.1547513106229,85.80795447341586,119.48372262107499,Low,0
Apr,Wednesday,2,Ripening/Maturation,-6.692496361070662,0.0,0.13684370170206775,6.778448276823468,45.33565683889623,22.61491126779248,89.78706979647784,120.0,Low,0
Apr,Wednesday,3,Ripening/Maturation,-4.866627363632272,0.0,0.13365767762044486,6.761045974742422,51.07113054831091,22.884665680231198,89.64308548162869,120.0,Low,0
Apr,Wednesday,4,Ripening/Maturation,-2.913528401289526,0.0,0.16640466890809444,6.825760494800937,53.74426918903498,24.12302067566266,90.5307449439267,117.71535981291305,Low,0
Apr,Wednesday,5,Ripening/Maturation,-1.8096924310629106,0.0,0.05389533797955999,6.673045666826324,61.039502066429705,22.133782719298164,91.58772396284189,118.30437953789519,Low,0
Apr,Wednesday,6,Ripening/Maturation,-0.9739837365068229,0.0,0.11179257897007273,6.673298868208431,60.977722618707865,21.538446799288355,91.39695407725006,119.28288188814909,Low,0
Apr,Wednesday,7,Ripening/Maturation,-0.05242352237126435,0.0,0.13187164541946755,6.75096005858307,61.67378427909724,22.927919565073346,87.69548071647422,118.90084142999376,Low,0
Apr,Wednesday,8,Ripening/Maturation,0.19652902395315558,0.041666666666666664,0.123993287084855,6.53806772865451,64.15620085777392,27.25060905712632,88.76751459386152,116.85108464636787,Low,0
Apr,Wednesday,9,Ripening/Maturation,0.33626435862237986,0.08333333333333333,0.09553555284219559,6.639593592888694,61.89983403090281,28.777948221828794,92.78336607986348,119.83100563087424,Low,0
Apr,Wednesday,10,Ripening/Maturation,1.4498243991414612,0.125,0.11076777620511984,7.043271463347813,64.9125874950187,27.889972066196854,88.37044539887086,116.66566441366842,Low,0
Apr,Wednesday,11,Ripening/Maturation,2.4433851707616134,0.16666666666666666,0.2093059141800505,6.865160656414599,66.4438573501243,29.000894293076506,88.81472382402282,120.0,Low,0
Apr,Wednesday,12,Ripening/Maturation,2.2216134048406797,0.20833333333333334,0.14904793035714248,6.719218372440492,66.69831369650284,29.91523046742965,85.48719275923146,120.0,Low,0
Apr,Wednesday,13,Ripening/Maturation,2.8998048570022,0.25,0.13107360422235895,6.921485824506133,73.17420682480488,31.354405497716787,89.91395858969629,117.4920314081666,Low,0
Apr,Wednesday,14,Ripening/Maturation,2.9965001879991826,0.2916666666666667,0.224892554800326,6.526849979278748,69.22536378863285,29.14458153867034,91.03581139428167,118.2083902172789,Low,0
Apr,Wednesday,15,Ripening/Maturation,3.26155578792185,0.3333333333333333,0.21760329621365856,7.140637346728775,72.2601841363154,28.009455323308252,84.07352034465917,118.94249966216563,Low,0
Apr,Wednesday,16,Ripening/Maturation,3.535901120573132,0.375,0.20434193460329006,6.57415459522434,70.31355984946367,30.363663440993967,86.78924885522066,119.92120551421485,Low,0
Apr,Wednesday,17,Ripening/Maturation,4.007302308860672,0.4166666666666667,0.18817325197488083,7.058992805525563,74.63659303279206,27.61281704440593,85.73481679351987,120.0,Low,0
Apr,Wednesday,18,Ripening/Maturation,4.000803176458613,0.4583333333333333,0.21604962889349807,7.079248540235207,71.04976362163804,26.209600557675312,92.36505671110123,120.0,Low,0
Apr,Wednesday,19,Ripening/Maturation,4.594233264152114,0.5,0.277401397621975,6.437052394764145,74.60461568948858,23.991082667490517,84.26294617965985,120.0,Low,0
Apr,Wednesday,20,Ripening/Maturation,4.614141140277347,0.5416666666666666,0.1788390534959257,7.03536216668091,74.67964135640354,22.747627938974418,89.76394620866195,120.0,Low,0
Apr,Wednesday,21,Ripening/Maturation,4.7806960709716675,0.5833333333333334,0.18477818518840589,6.743941825318609,79.62928124318519,21.16363529332721,92.15358646483665,120.0,Low,0
Apr,Wednesday,22,Ripening/Maturation,4.278230454843873,0.625,0.20498397506916247,6.6847317244850695,75.02860366758563,21.702263546511816,90.56346494735806,116.74379621398992,Low,0
Apr,Wednesday,23,Ripening/Maturation,5.204292612772884,0.6666666666666666,0.24917478628155992,6.870047967015426,74.31419197134146,22.459126307618085,88.68012400968314,115.97704641290066,Low,0
Apr,Thursday,0,Ripening/Maturation,5.097857306871359,0.7083333333333334,0.23007621624585167,6.6227009322589465,76.87009792730103,20.558287285679807,91.03940516032701,120.0,Low,0
Apr,Thursday,1,Ripening/Maturation,5.128432702969132,0.75,0.270709397705074,6.870864687190701,79.77634894097042,22.132985908948616,93.11091990149342,120.0,Low,0
Apr,Thursday,2,Ripening/Maturation,4.122012953952704,0.7916666666666666,0.26115951190450976,6.611901965630451,70.1335589085179,22.083668503732476,89.67716516833744,120.0,Low,0
Apr,Thursday,3,Ripening/Maturation,3.6201079067363153,0.8333333333333334,0.22025960477966927,6.812381553050531,70.50329489102971,22.13284781443971,83.2831883011981,120.0,Low,0
Apr,Thursday,4,Ripening/Maturation,4.123520148586542,0.875,0.24270313574612723,7.023853245930078,72.92265323838112,21.934134553743213,93.44319837643697,120.0,Low,0
Apr,Thursday,5,Ripening/Maturation,4.133403140948707,0.9166666666666666,0.23285856284454623,6.858398931488335,72.585991083993,21.5782864593004,91.20079396518094,120.0,Low,0
Apr,Thursday,6,Ripening/Maturation,3.1532702649873157,0.9583333333333334,0.19916453980671903,6.733976896492644,70.40233523930982,20.917374519783266,89.90077090497272,119.0685289536072,Low,0
Apr,Thursday,7,Ripening/Maturation,3.637117705864419,1.0,0.16565338815309613,6.845889523310059,69.62061796288812,24.270965109384445,84.05888445529204,120.0,Low,0
Apr,Thursday,8,Ripening/Maturation,3.3363986543145567,1.0416666666666667,0.16743025659177196,6.475243995586566,74.31526887745495,25.60597072350347,89.10507419049885,118.68783688852656,Low,0
Apr,Thursday,9,Ripening/Maturation,3.9497881630776246,1.0833333333333333,0.17146255738292318,6.56756466118049,70.13427439443305,26.262693177614924,87.37356830982985,117.74178220418895,Low,0
Apr,Thursday,10,Ripening/Maturation,3.7925362093195365,1.125,0.2096157374093505,6.604856210258569,72.2016612831219,28.679678590011257,86.35116221110658,115.7728884003165,Low,0
Apr,Thursday,11,Ripening/Maturation,3.7771257263785074,1.1666666666666667,0.2225578742533657,6.813931182493845,74.65676292682981,29.346790787161186,89.59065170789934,119.40568822753478,Low,0
Apr,Thursday,12,Ripening/Maturation,4.189602129496203,1.2083333333333333,0.1740158697700569,6.738459713645984,73.49467539649918,29.805604136124895,88.3920993435071,120.0,Low,0
Apr,Thursday,13,Ripening/Maturation,3.597248305716557,1.25,0.2124720342914842,6.779087700451931,70.1746075999142,28.64948409055404,88.5897035920651,118.85662464377889,Low,0
Apr,Thursday,14,Ripening/Maturation,3.033096923835411,1.2916666666666667,0.16519485160677796,6.646761581586608,68.08208130445708,30.7206373073009,92.21887909978831,116.55363031254055,Low,0
Apr,Thursday,15,Ripening/Maturation,2.8961352774856084,1.3333333333333333,0.15498140491335016,6.5416974120525575,69.99072627390989,28.59631011113205,90.76671642035805,120.0,Low,0
Apr,Thursday,16,Ripening/Maturation,3.2312132981261805,1.375,0.17889310287352972,6.950157027628221,69.74085278380191,28.680268063617234,88.51345553065066,118.3723305093151,Low,0
Apr,Thursday,17,Ripening/Maturation,2.5433627516687243,1.4166666666666667,0.1443673913496415,6.586152623293965,70.01453278741089,26.716303660123717,88.13285633745063,120.0,Low,0
Apr,Thursday,18,Ripening/Maturation,1.7984208409294538,1.4583333333333333,0.1861935901518114,6.804900680463517,65.01330772278233,25.535088698902076,88.63542428862104,120.0,Low,0
Apr,Thursday,19,Ripening/Maturation,2.280730419325317,1.5,0.17113810585142047,6.716166140456568,70.59982448015599,25.07700146505044,89.25766730969698,116.82276301281367,Low,0
Apr,Thursday,20,Ripening/Maturation,2.0583971196236277,1.5416666666666667,0.1999924199851563,6.871834351656597,68.67125213342564,22.800294560642698,91.75215055312754,119.56526316195277,Low,0
Apr,Thursday,21,Ripening/Maturation,1.969816029228496,1.5833333333333333,0.15372302840699298,6.654326863305477,68.60723125885335,23.279031957031577,86.8723196111205,118.11182164108284,Low,0
Apr,Thursday,22,Ripening/Maturation,1.2447215487078767,1.625,0.13691902655176794,6.96239226302421,69.36948527337893,22.63930839569726,94.3753176525168,117.0987385347972,Low,0
Apr,Thursday,23,Ripening/Maturation,1.162982151664803,1.6666666666666667,0.21464294622009103,7.020211301838379,65.4155661672518,22.691914867472626,91.75431597338292,119.86016377047548,Low,0
Apr,Friday,0,Ripening/Maturation,1.2519482558366017,1.7083333333333333,0.09449158988710318,6.97668682285206,65.05304242454139,20.950088799819056,81.7862160273781,120.0,Low,0
Apr,Friday,1,Ripening/Maturation,1.7632165580486914,1.75,0.20903725747090676,6.809057858601655,66.63619248262312,22.120980004906755,90.25604770328563,119.79573178041011,Low,0
Apr,Friday,2,Ripening/Maturation,1.449001554005176,1.7916666666666667,0.21413338016773337,6.70125136288352,66.5925505905659,22.195072854521115,93.12220993012738,118.70962187088226,Low,0
Apr,Friday,3,Ripening/Maturation,2.2817977117161043,1.8333333333333333,0.2038485551620551,7.270171143250497,68.79438471853601,23.35393185628158,91.1661177244824,114.48440870952227,Low,0
Apr,Friday,4,Ripening/Maturation,1.951919954869266,1.875,0.15723153244374583,6.604457333877728,66.52321241848269,21.970016537674457,88.76297712084552,118.33546170068539,Low,0
Apr,Friday,5,Ripening/Maturation,1.6737791048512933,1.9166666666666667,0.21178605013217328,6.93231800520095,63.47089934557698,22.586887607244897,89.81672466106515,120.0,Low,0
Apr,Friday,6,Ripening/Maturation,2.4354498174150123,1.9583333333333333,0.16962459783922537,6.834067191736775,68.22322156003796,22.5556058744678,90.53495984451305,116.64514767090358,Low,0
Apr,Friday,7,Ripening/Maturation,2.4921631659177264,2.0,0.15760158364806792,6.725023646409703,70.20084293077632,25.081307599875096,92.30876476386995,120.0,Low,0
Apr,Friday,8,Ripening/Maturation,2.192473328308362,2.0416666666666665,0.16122244116100082,6.7597432094456895,69.03445260044705,25.739074647095556,85.7547154556289,118.54091284538315,Low,0
Apr,Friday,9,Ripening/Maturation,2.105554274480954,2.0833333333333335,0.15268207599287503,6.6002840257876,70.95243919840594,28.025147973824385,88.18494494029035,120.0,Low,0
Apr,Friday,10,Ripening/Maturation,2.699348674836436,2.125,0.15435190749872554,6.780383601497631,73.88940990753503,27.26575975243422,94.91573438420244,119.00215211130481,Low,0
Apr,Friday,11,Ripening/Maturation,3.2491021512898044,2.1666666666666665,0.24007782797605887,6.745155376519849,72.81651270601246,28.291535396864198,90.09884166984281,117.05920814894579,Low,0
Apr,Friday,12,Ripening/Maturation,2.681859808326505,2.2083333333333335,0.15997580286640017,7.169261362800206,72.70150482480005,28.347747821754968,94.58370641063424,120.0,Low,0
Apr,Friday,13,Ripening/Maturation,2.529810976304061,2.25,0.1822076297953535,6.840191179013477,71.105094927656,31.003787980106665,95.0,118.50496824187047,Low,0
Apr,Friday,14,Ripening/Maturation,2.4468969009607893,2.2916666666666665,0.1306404063950616,6.74465854626747,72.79235107416065,30.713356847685578,88.52389557957582,117.91742208990446,Low,0
Apr,Friday,15,Ripening/Maturation,1.881063941704558,2.3333333333333335,0.16810497240383568,6.7615974129606515,71.71626072867348,30.30021300233878,86.40815657591799,114.05962681828974,Low,0
Apr,Friday,16,Ripening/Maturation,1.805410360276874,2.375,0.124677847459126,7.022300342121545,69.73531520622235,28.087762391179286,89.2034078676602,120.0,Low,0
Apr,Friday,17,Ripening/Maturation,1.7629067204421016,2.4166666666666665,0.1227556642086694,6.534142014014119,69.14373642191022,26.912080288842137,93.2969781529462,120.0,Low,0
Apr,Friday,18,Ripening/Maturation,2.2353829339906275,2.4583333333333335,0.1720594964964028,6.693369629140722,68.45445469770277,25.749231798810616,93.71668761532887,120.0,Low,0
Apr,Friday,19,Ripening/Maturation,2.6736291093727047,2.5,0.22383475701565037,6.3895631073076995,69.83403530056667,25.310126914008634,95.0,120.0,Low,0
Apr,Friday,20,Ripening/Maturation,2.3639304489024235,2.5416666666666665,0.19451274029345347,6.857128354057677,68.49775841466528,23.730062502097642,89.88958344205118,120.0,Low,0
Apr,Friday,21,Ripening/Maturation,2.157241927929467,2.5833333333333335,0.19175026171288329,6.920020573219878,69.91988384882083,23.01004679187309,91.46416954665746,118.58963796174298,Low,0
Apr,Friday,22,Ripening/Maturation,2.3848484828332666,2.625,0.17507411077156643,6.593694753900087,67.78294028408114,22.639815779842802,87.86469104713636,116.56886097024737,Low,0
Apr,Friday,23,Ripening/Maturation,2.030141648898319,2.6666666666666665,0.15900613194218988,7.019164810867725,67.99012753779614,23.4433061581601,82.47904515186715,120.0,Low,0
Apr,Saturday,0,Ripening/Maturation,2.110443219667719,2.7083333333333335,0.20045100283899125,6.650546710813333,63.85472395684593,22.170326034280354,89.88104190705472,120.0,Low,0
Apr,Saturday,1,Ripening/Maturation,1.887738716141449,2.75,0.14748226722230817,6.719922038742806,71.4767527082845,22.062246775614163,86.53873723878087,118.83408404269892,Low,0
Apr,Saturday,2,Ripening/Maturation,1.3113592692326002,2.7916666666666665,0.18198917713648438,6.799945130258972,66.2063130809856,22.27178230350895,91.930071609779,120.0,Low,0
Apr,Saturday,3,Ripening/Maturation,0.8314740163556693,2.8333333333333335,0.18404499327158383,7.075574917729802,66.40669851392676,21.592028504464338,84.35582003838252,120.0,Low,0
Apr,Saturday,4,Ripening/Maturation,1.5083126453986424,2.875,0.12825927873081389,6.624499505117897,70.03552373837954,22.23499250850271,87.78200132784738,120.0,Low,0
Apr,Saturday,5,Ripening/Maturation,1.3737229082498457,2.9166666666666665,0.13003748035908388,6.84270837909123,67.39752185468198,21.48107356497285,90.80303761092138,117.4440139229893,Low,0
Apr,Saturday,6,Ripening/Maturation,2.0681943766824404,2.9583333333333335,0.15260551669254988,6.904045702035841,71.35235390822473,23.19500625511966,91.11708650223937,120.0,Low,0
Apr,Saturday,7,Ripening/Maturation,1.694474545446687,3.0,0.11101817173479771,6.845972868695154,65.08326328476933,24.59011738447693,89.8576822575718,119.9884233100045,Low,0
Apr,Saturday,8,Ripening/Maturation,1.7303590277120937,3.0416666666666665,0.14682988008561734,6.816626388487325,72.44761484570444,26.989719830978725,95.0,120.0,Moderate,0
Apr,Saturday,9,Ripening/Maturation,2.699094854802084,3.0833333333333335,0.23302811217273478,6.8586776574032315,72.15204804850254,26.059492172538516,94.70839090742734,120.0,Moderate,0
Apr,Saturday,10,Ripening/Maturation,1.96953087336465,3.125,0.13264312785237908,6.560384768311849,68.64527908104844,30.151009417281898,87.94701752080223,120.0,Moderate,0
Apr,Saturday,11,Ripening/Maturation,0.9520954926820564,3.1666666666666665,0.1901842511199396,6.9914288024466895,68.63518784768782,28.3247706121846,94.82822900335908,119.72218447214452,Moderate,0
Apr,Saturday,12,Ripening/Maturation,1.4974010161191567,3.2083333333333335,0.1422644693746212,6.6542564557681425,64.75649266670723,29.215776837388024,95.0,120.0,Moderate,0
Apr,Saturday,13,Ripening/Maturation,1.0026519765589015,3.25,0.2190575467125689,6.620432182025524,65.32913498620238,29.87834276250953,89.62829287787298,120.0,Moderate,0
Apr,Saturday,14,Ripening/Maturation,0.9280961693261834,3.2916666666666665,0.11933894694711462,6.886763592471018,68.6159315991876,31.220599851030478,90.13620936855648,120.0,Moderate,0
Apr,Saturday,15,Ripening/Maturation,0.5994846119724971,3.3333333333333335,0.12994774705553686,6.552549817847112,61.204642706944064,29.76320974100221,89.84783534062021,120.0,Moderate,0
Apr,Saturday,16,Ripening/Maturation,0.6934281062741356,3.375,0.1054792953751194,6.743631247435919,66.28514300497554,28.43458845932698,88.06500183552791,120.0,Moderate,0
Apr,Saturday,17,Ripening/Maturation,0.22090984600734176,3.4166666666666665,0.10145321907467962,6.581457520673551,65.09453595010793,26.72881646715374,88.36299696123159,118.68573876144883,Moderate,0
Apr,Saturday,18,Ripening/Maturation,0.15964276135215955,3.4583333333333335,0.17082733987384768,7.194782619893924,67.8215942608895,24.745321792411904,93.95796771718979,120.0,Moderate,0
Apr,Saturday,19,Ripening/Maturation,0.39201263955846666,3.5,0.14640909996882598,7.152138773051748,61.274919495495844,25.06126933060492,91.31212842945105,115.79543153899456,Moderate,0
Apr,Saturday,20,Ripening/Maturation,-0.059410040255240715,0.0,0.15600862227121073,6.747447952208838,66.57667801745069,23.01391140883891,88.3374313588144,120.0,Low,0
Apr,Saturday,21,Ripening/Maturation,-0.3011453469049645,0.0,0.07395437446534886,6.854219886704987,61.65830968113028,23.45696030167388,87.22201178293365,118.98510520352171,Low,0
Apr,Saturday,22,Ripening/Maturation,-0.3401739401242754,0.0,0.14291899586052703,6.7730491473847545,61.78956362387804,22.692454501584898,87.72566880415957,118.39777076668203,Low,0
Apr,Saturday,23,Ripening/Maturation,-0.8485653337853922,0.0,0.08599948391478351,6.7458323215891545,59.019434424995474,20.261318033155572,89.50843433389525,120.0,Low,0
Apr,Sunday,0,Ripening/Maturation,-0.9758408515370953,0.0,0.07319385204385016,6.813343665031233,58.98227788137712,21.37933365385484,92.73950966192177,117.1863109855388,Low,0
Apr,Sunday,1,Ripening/Maturation,-0.8290047783777948,0.0,0.12835681485987446,6.763988285989797,62.317433226801136,22.746897044677368,87.4197564917288,120.0,Low,0
Apr,Sunday,2,Ripening/Maturation,-0.9241633553419186,0.0,0.12799884166939948,6.507591470965079,59.05734411761669,22.079226379811185,92.70510770440976,116.61973640419725,Low,0
Apr,Sunday,3,Ripening/Maturation,-0.9381738973574075,0.0,0.12186710252047027,6.830925301484943,62.72895131364805,21.9279264264575,90.5908702449639,117.62182994186976,Low,0
Apr,Sunday,4,Ripening/Maturation,-0.8292722810721186,0.0,0.1451145444419683,6.782501004126398,60.18381443148741,21.492418588088377,90.42852582759592,117.38579090592533,Low,0
Apr,Sunday,5,Ripening/Maturation,-1.0168505765506213,0.0,0.1505748211171787,6.821700007385061,58.63349100458122,23.133071653931633,93.07738844443776,120.0,Low,0
Apr,Sunday,6,Ripening/Maturation,-0.5704355634156617,0.0,0.17144052687177955,6.757447488353422,61.07533635508263,22.739954109931446,92.53007615381937,120.0,Low,0
Apr,Sunday,7,Ripening/Maturation,0.14702371488927213,0.041666666666666664,0.08201358793152758,6.679297107824206,64.52627129924687,24.556120449977012,85.78644632228533,120.0,Low,0
Apr,Sunday,8,Ripening/Maturation,-0.09601775911996255,0.0,0.17257056859075787,6.889895989140939,62.714850854250045,25.339188113912417,86.7479590625747,120.0,Low,0
Apr,Sunday,9,Ripening/Maturation,0.11448994137771898,0.041666666666666664,0.18874315067378816,6.795904963337668,63.843196095972125,27.503948621989714,89.31145050397382,117.9318298864369,Low,0
Apr,Sunday,10,Ripening/Maturation,-0.04078859258297507,0.0,0.1071819494241788,6.950396915206618,64.79452230147304,27.559439918787053,91.06791846909356,120.0,Low,0
Apr,Sunday,11,Ripening/Maturation,0.08615102663376983,0.041666666666666664,0.06375656675828308,6.759368029226883,65.87160536715494,29.478888558542398,94.09372696566997,119.24115841047795,Low,0
Apr,Sunday,12,Ripening/Maturation,0.7227684497242843,0.08333333333333333,0.08964674928568797,6.6546496261545744,64.61445366215942,28.1520796345801,90.19520257758721,120.0,Low,0
Apr,Sunday,13,Ripening/Maturation,0.7818733056887832,0.125,0.12338203430953967,6.786710728382813,63.288051902500754,29.120507088692356,95.0,120.0,Low,0
Apr,Sunday,14,Ripening/Maturation,-0.20604772179422504,0.0,0.1904949556607598,6.30724102400619,63.15767442553889,29.916573822052978,87.87997345834225,115.7693242043366,Low,0
Apr,Sunday,15,Ripening/Maturation,-0.0634734610922651,0.0,0.12059780000711126,7.018919698067952,64.28896286558671,31.482845460239297,88.38726403716169,120.0,Low,0
Apr,Sunday,16,Ripening/Maturation,0.4018440409420464,0.041666666666666664,0.10844465693723772,6.754052564864897,61.542975086317,27.189057401004348,89.08295248641912,119.63689000470433,Low,0
Apr,Sunday,17,Ripening/Maturation,0.14261501100062707,0.08333333333333333,0.09957629623251028,7.110181251830065,62.06105943238633,26.36805394083798,87.54831742310094,115.98343123199355,Low,0
Apr,Sunday,18,Ripening/Maturation,0.4657623499913416,0.125,0.08534877737458084,6.565725543003066,63.17945584805334,26.019489750294714,93.47821344584412,118.2678812127139,Low,0
Apr,Sunday,19,Ripening/Maturation,-0.013248960236208529,0.0,0.15061016103881367,6.527763244182536,63.05255811799235,25.570705796462192,81.69050726497211,120.0,Low,0
Apr,Sunday,20,Ripening/Maturation,-0.7782441945958223,0.0,0.11677759393483204,6.84029892271572,60.110146125716454,22.53673799759046,88.48929320584912,118.26730988138088,Low,0
Apr,Sunday,21,Ripening/Maturation,-0.6963344033780822,0.0,0.19349403284168515,6.833705551470349,63.2428788820864,22.936713481843324,93.44462184059549,114.8802676237312,Low,0
Apr,Sunday,22,Ripening/Maturation,-1.4696843334632144,0.0,0.14198732887492577,6.841810304406768,56.76249119677145,22.10491699945882,89.0630445567924,120.0,Low,0
Apr,Sunday,23,Ripening/Maturation,-1.4404298380127265,0.0,0.14904777106200445,6.816451175652358,56.88353099438061,21.9665027288485,93.2186594109375,118.19562609117129,Low,0
Apr,Monday,0,Ripening/Maturation,-0.8711684202782464,0.0,0.11152633092400628,6.662827698808437,60.741418168309295,22.440747481654206,95.0,120.0,Low,0
Apr,Monday,1,Ripening/Maturation,-1.8073937935928726,0.0,0.08181393816392792,6.517410429753379,58.81094928709739,21.848368487499116,90.24115394110727,117.32903159866662,Low,0
Apr,Monday,2,Ripening/Maturation,-2.317109998428902,0.0,0.0894246656884787,6.81915086813251,55.029648258054436,22.954415470974197,93.50680280698423,120.0,Low,0
Apr,Monday,3,Ripening/Maturation,-2.633958654471203,0.0,0.07207635696388213,6.5652837027336375,55.965001543973976,21.08998248084353,95.0,120.0,Low,0
Apr,Monday,4,Ripening/Maturation,-2.4627409127075066,0.0,0.15186381519363318,6.518334022016227,56.787334174663805,23.086989626053466,91.20627212163141,120.0,Low,0
Apr,Monday,5,Ripening/Maturation,-2.4466771507588634,0.0,0.10652796844639398,6.707889520128084,56.84137894413444,22.4064504098422,89.85581043783509,120.0,Low,0
Apr,Monday,6,Ripening/Maturation,-1.6370087556671606,0.0,0.15333751888572233,6.856970267782319,59.874941952977395,22.20322330511931,92.70739595227519,115.44621916046536,Low,0
Apr,Monday,7,Ripening/Maturation,-1.1425181940721076,0.0,0.12475700408076473,7.1276849653536125,59.434798565379815,22.84077982350138,93.55265026011685,118.75760473377825,Low,0
Apr,Monday,8,Ripening/Maturation,-0.9287353541634836,0.0,0.10975135754803439,6.91283308995555,64.22670775002419,25.06223897534217,89.88355411837908,120.0,Low,0
Apr,Monday,9,Ripening/Maturation,-0.9100083086254847,0.0,0.07906390077610076,6.945651571782588,62.29238933876597,28.32183959337641,88.54846902431773,119.19966827338675,Low,0
Apr,Monday,10,Ripening/Maturation,-0.7926315235525223,0.0,0.13055714565369372,6.80321751383799,59.983457302191304,28.462772661317548,95.0,119.84293545668675,Low,0
Apr,Monday,11,Ripening/Maturation,-1.2683508147139422,0.0,0.11234784442436219,6.7314516236711075,60.644981031421686,29.80546971591761,89.18815662683365,118.83375129455287,Low,0
Apr,Monday,12,Ripening/Maturation,-0.9165148193312925,0.0,0.15157643747843974,7.121480291372062,61.5483950708161,29.47079768680231,93.58118631144677,120.0,Low,0
Apr,Monday,13,Ripening/Maturation,-1.5127825700743536,0.0,0.09496062634435405,6.419109645134074,62.298764780817116,30.35175629101964,90.78860181960852,119.388414250252,Low,0
Apr,Monday,14,Ripening/Maturation,-1.1610511407857178,0.0,0.1415637720723963,6.601968018164657,59.51271240428158,29.076701658958605,95.0,116.8704117469061,Low,0
Apr,Monday,15,Ripening/Maturation,-0.7108658651781619,0.0,0.17742969456778881,6.60722779027542,63.32859931901356,29.662656746649663,87.4528622320337,120.0,Low,0
Apr,Monday,16,Ripening/Maturation,-0.7703685956767952,0.0,0.1295394570130902,6.8394477951810915,61.73482432194064,28.926164577560403,87.44705879390219,116.5624414000006,Low,0
Apr,Monday,17,Ripening/Maturation,-1.0006210120808752,0.0,0.14748520084596584,6.522029030667236,64.08164260390343,27.619410196617885,92.56345920549,119.75654942634377,Low,0
Apr,Monday,18,Ripening/Maturation,-0.9408723894279774,0.0,0.1400161586162153,6.873069298635563,63.823689170651676,25.123202048548336,86.60898208026809,117.8955142418377,Low,0
Apr,Monday,19,Ripening/Maturation,-2.3556416647193057,0.0,0.18643320195811328,6.8586140694529405,58.240418613858864,23.881526684370108,90.34988538746877,118.2459972984998,Low,0
Apr,Monday,20,Ripening/Maturation,-2.1437486559033605,0.0,0.13300461475928402,6.916831208538643,57.83043798379982,22.804755316785304,94.64522769887962,117.35041888345839,Low,0
Apr,Monday,21,Ripening/Maturation,-2.1407591531607215,0.0,0.14449855981074286,6.922552399575455,59.37538985177318,22.20584992377752,84.6455035831992,118.65001959770231,Low,0
Apr,Monday,22,Ripening/Maturation,-2.099813300371644,0.0,0.11873033900194152,7.057220199181948,58.099548024853725,22.14515569412791,91.20641783582572,120.0,Low,0
Apr,Monday,23,Ripening/Maturation,-1.7120597185033928,0.0,0.09289640125110343,6.745175685367766,62.75167088754853,23.897774086900444,93.6352361679728,115.24503444441537,Low,0
Apr,Tuesday,0,Ripening/Maturation,-1.8730507059503787,0.0,0.07771385100115909,6.883715293134874,59.161618462073115,21.6142087049071,89.92227700483956,120.0,Low,0
Apr,Tuesday,1,Ripening/Maturation,-2.4782678927336566,0.0,0.16434234229728362,6.631331106981609,56.74087179241355,23.239334774471185,87.21872150890256,120.0,Low,0
Apr,Tuesday,2,Ripening/Maturation,-2.537474922955698,0.0,0.0847074220030111,6.617068066113896,56.49083001275847,21.451255469196056,89.21217597571797,120.0,Low,0
Apr,Tuesday,3,Ripening/Maturation,-2.484213566960722,0.0,0.14610525749242015,7.086686808199391,55.11181626889685,22.898824868617133,87.48444064057783,120.0,Low,0
Apr,Tuesday,4,Ripening/Maturation,-2.4093014959226604,0.0,0.13456058206343166,6.622195787578239,58.830794665972256,22.941522046499177,90.20747467504933,120.0,Low,0
Apr,Tuesday,5,Ripening/Maturation,-2.3188385390603763,0.0,0.15212248707135062,6.898435555712204,56.29476510097609,21.966707875954363,89.16988331894323,120.0,Low,0
Apr,Tuesday,6,Ripening/Maturation,-1.8445184067119078,0.0,0.10198507920958735,6.887072426145692,61.269452328266915,21.401018517710316,88.46021843260955,115.63553816380164,Low,0
Apr,Tuesday,7,Ripening/Maturation,-2.394704346482776,0.0,0.09232445299308763,6.985314247351592,55.16683946043819,22.57882090860778,91.39844218488507,120.0,Low,0
Apr,Tuesday,8,Ripening/Maturation,-2.3049786212489005,0.0,0.1332430143334915,6.4337141966651625,58.22253420694914,25.353979105800196,94.73734686636416,118.13457011680961,Low,0
Apr,Tuesday,9,Ripening/Maturation,-1.7341983509510384,0.0,0.10976804143773704,6.856158858659837,61.638371474712415,27.783893333231727,90.98346263653352,120.0,Low,0
Apr,Tuesday,10,Ripening/Maturation,-2.614519088772964,0.0,0.07691400821878026,6.685540998834296,52.92066005769761,27.767549334064576,94.03099671133128,118.4659991374005,Low,0
Apr,Tuesday,11,Ripening/Maturation,-2.521996610117035,0.0,0.18784839398191214,6.559611711557392,61.48373922330349,29.660309807958335,94.73647469334136,120.0,Low,0
Apr,Tuesday,12,Ripening/Maturation,-2.7993707439218527,0.0,0.09230071419131092,6.632453655996241,55.930939820191334,28.99327945912591,88.24007909304544,116.12878666234751,Low,0
Apr,Tuesday,13,Ripening/Maturation,-2.9539939793290473,0.0,0.08522285508052449,6.846300399972629,56.692605213934556,30.187889446316827,90.82457551197358,115.76856644635187,Low,0
Apr,Tuesday,14,Ripening/Maturation,-3.3391315320028037,0.0,0.11152524811372179,6.805271470507079,56.62898277422596,29.256788174095604,88.72515706755414,119.71734289899106,Low,0
Apr,Tuesday,15,Ripening/Maturation,-3.349632505199085,0.0,0.16385004992052699,6.646668279433452,56.9131400997533,29.52036654170381,85.5535084764717,120.0,Low,0
Apr,Tuesday,16,Ripening/Maturation,-2.4615875060978767,0.0,0.044164273490673436,6.484028832206657,58.13995786188446,28.228788284058215,91.06728260615657,120.0,Low,0
Apr,Tuesday,17,Ripening/Maturation,-3.1003226165954176,0.0,0.16094592651014072,6.524002589967708,58.053994887583734,26.41062550587979,86.8435511458546,120.0,Low,0
Apr,Tuesday,18,Ripening/Maturation,-3.608635284720865,0.0,0.0880984274490294,6.868260861826999,55.87741674251355,25.31897113062931,91.45290982679663,120.0,Low,0
Apr,Tuesday,19,Ripening/Maturation,-4.103660600255019,0.0,0.12925838340378892,6.531388733654356,57.172976839452566,23.407841981856915,85.33236575057634,119.00755896098136,Low,0
Apr,Tuesday,20,Ripening/Maturation,-3.1612784653554415,0.0,0.09633975633966699,6.7713742885188735,56.95758676885614,21.32386023981007,90.51297899843281,120.0,Low,0
Apr,Tuesday,21,Ripening/Maturation,-3.328433913301733,0.0,0.18971708989007025,7.246475033024909,59.441029647842015,23.241196660231534,85.28780098718121,118.5508175664177,Low,0
Apr,Tuesday,22,Ripening/Maturation,-3.2655240759292767,0.0,0.12436170303248231,6.863918049280029,57.464899898245044,22.08686010843926,92.02159429911578,119.2149626976152,Low,0
Apr,Tuesday,23,Ripening/Maturation,-3.369318495340343,0.0,0.09521679573805675,6.936906562107985,51.80213535964665,20.613219640741068,88.81985977923156,119.5253762337655,Low,0
Apr,Wednesday,0,Ripening/Maturation,-3.845193090162975,0.0,0.10946180373568083,6.593368020755197,59.49374194038454,21.876375353924253,88.53062067739346,118.63618072608156,Low,0
Apr,Wednesday,1,Ripening/Maturation,-3.9225906041955194,0.0,0.12313729762155906,6.54498416132314,52.93709433297631,23.10676937105461,93.3795145537288,119.83487363733838,Low,0
Apr,Wednesday,2,Ripening/Maturation,-2.7653071859155833,0.0,0.126218681271677,6.929259270265938,59.85435078420607,21.765913093394097,89.0352894953592,119.36360475192235,Low,0
Apr,Wednesday,3,Ripening/Maturation,-2.239672922059735,0.0,0.13535668692324623,6.708078715461322,58.178371873295504,23.573195102506904,90.33255780621938,118.23083754622817,Low,0
Apr,Wednesday,4,Ripening/Maturation,-2.790094375081346,0.0,0.11995083873111897,6.998406811341001,58.92595401500993,21.689670356030728,89.40415137909324,119.64849572583157,Low,0
Apr,Wednesday,5,Ripening/Maturation,-2.5833313395929234,0.0,0.07179931541869494,6.796598086102615,55.92304696324539,22.777726444653165,91.52217725802943,120.0,Low,0
Apr,Wednesday,6,Ripening/Maturation,-3.0694390886386724,0.0,0.10809063151844188,7.404580638383931,57.384835273446356,23.20431086767281,93.12883476678779,117.25033927614166,Low,0
Apr,Wednesday,7,Ripening/Maturation,-3.9143415771107826,0.0,0.14123304311943005,6.659752593501103,53.59919912414531,24.515322649499662,92.5069063706739,120.0,Low,0
Apr,Wednesday,8,Ripening/Maturation,-3.3877074874696413,0.0,0.09655410177673497,6.811346554255683,58.52750825325264,24.74647473322764,88.59999429132871,118.7657997025158,Low,0
Apr,Wednesday,9,Ripening/Maturation,-2.8793273148450416,0.0,0.14354734478944323,6.5704196274342666,57.46695077920592,26.608943553332615,93.62714090581747,120.0,Low,0
Apr,Wednesday,10,Ripening/Maturation,-2.50358686668407,0.0,0.12111013465352337,6.8727887721366345,59.363276802561366,29.565708652053505,87.25094591063935,118.33675689999585,Low,0
Apr,Wednesday,11,Ripening/Maturation,-2.8744308231759734,0.0,0.11237909451317286,6.775706304225065,52.27321228143152,28.93906177815377,87.77255425986598,120.0,Low,0
Apr,Wednesday,12,Ripening/Maturation,-3.06964847712112,0.0,0.16179503623888575,6.493161358756775,55.96169829533206,30.954964508576353,89.61659779256371,120.0,Low,0
Apr,Wednesday,13,Ripening/Maturation,-2.83777421327692,0.0,0.05916539944655015,6.622927135721362,57.51044515825199,30.030772222548045,93.14040135662637,117.37652806929061,Low,0
Apr,Wednesday,14,Ripening/Maturation,-2.8114014955003923,0.0,0.09636376856073728,6.923116661937646,57.19986622367847,30.28757315282991,86.48954574166919,120.0,Low,0
Apr,Wednesday,15,Ripening/Maturation,-3.1521792693810364,0.0,0.16313500483875715,6.928699662143003,57.85708418092121,28.473865121602593,92.67445243241596,120.0,Low,0
Apr,Wednesday,16,Ripening/Maturation,-4.004480624395192,0.0,0.18405172071037373,6.453763217932569,53.15743801117663,28.14303779997424,89.83575871554606,117.62955321964651,Low,0
Apr,Wednesday,17,Ripening/Maturation,-3.9625287539930127,0.0,0.20000973696350954,6.646685364470431,54.08750520048603,26.662673310518095,88.6987994292416,117.82761410160477,Low,0
Apr,Wednesday,18,Ripening/Maturation,-3.4938092796666287,0.0,0.12176244356184064,7.06795317163265,57.47731125763007,26.026549633387003,93.29341909904377,120.0,Low,0
Apr,Wednesday,19,Ripening/Maturation,-4.113509964955725,0.0,0.136026408286544,6.736962112843601,49.07019807721555,24.229725535423217,87.59198751393616,116.73205381160267,Low,0
Apr,Wednesday,20,Ripening/Maturation,-3.8152009817820596,0.0,0.14860997395324835,6.822339253863919,55.52221864699975,22.745119916996508,95.0,118.05621764376971,Low,0
Apr,Wednesday,21,Ripening/Maturation,-3.6891162026894393,0.0,0.16462763452553997,6.985609015035926,53.97835146155824,21.982581997525863,89.47007463437315,117.46333691336366,Low,0
Apr,Wednesday,22,Ripening/Maturation,-3.3821621047472568,0.0,0.13095821771361665,6.566248653721819,53.55817469949934,21.630815942964336,90.44952511269312,120.0,Low,0
Apr,Wednesday,23,Ripening/Maturation,-3.051541457308,0.0,0.15241521232061234,6.623536701436176,56.849388951012756,22.521183268435447,94.62871504823578,118.26892560304437,Low,0
Apr,Thursday,0,Ripening/Maturation,-3.6149794565957336,0.0,0.13609208301555828,6.748964231857089,57.27895189778755,21.551328877594372,90.52778903574094,119.28849148793314,Low,0
Apr,Thursday,1,Ripening/Maturation,-4.501976373980978,0.0,0.1382778379667932,6.998766181256873,54.77354436541402,23.23773802113807,93.56660663525213,118.12918940320019,Low,0
Apr,Thursday,2,Ripening/Maturation,-4.765427912625381,0.0,0.08785707670849721,6.979807031324483,51.79274694788584,22.28338209072871,84.14052459759307,120.0,Low,0
Apr,Thursday,3,Ripening/Maturation,-4.341656924136979,0.0,0.10847751982183217,6.928346567410136,54.83150530959315,22.114091912236034,88.67220887948712,117.85153260366485,Low,0
Apr,Thursday,4,Ripening/Maturation,-4.613435911003496,0.0,0.10170307806727633,6.764280101766259,54.163889610483295,22.74474049820017,91.19020133526777,116.48099986087674,Low,0
Apr,Thursday,5,Ripening/Maturation,-4.910688458155225,0.0,0.07838865912475175,6.999113926775525,51.53960515944112,22.313908400454626,93.24425789287022,116.38301909829373,Low,0
Apr,Thursday,6,Ripening/Maturation,-5.671944172324026,0.0,0.06219381715261796,6.787295479051126,48.50117288244593,21.048558626531843,92.30908967478273,120.0,Low,0
Apr,Thursday,7,Ripening/Maturation,-4.71999466760702,0.0,0.1051730375492748,6.884943888944949,50.90154473549849,23.306023552138967,92.02809632379868,120.0,Low,0
Apr,Thursday,8,Ripening/Maturation,-4.323333475159655,0.0,0.11076411857473092,6.894283462430546,54.7997063573531,26.692236876032155,93.18317352706359,120.0,Low,0
Apr,Thursday,9,Ripening/Maturation,-4.015109809229962,0.0,0.12367629766097447,7.024477223754733,53.77944283042271,27.430025893145533,91.42505896022378,116.84756670846936,Low,0
Apr,Thursday,10,Ripening/Maturation,-3.6711624563314484,0.0,0.13945082442940493,6.711095610507469,52.596845665343345,27.284397617853486,83.57044791963037,119.421969639772,Low,0
Apr,Thursday,11,Ripening/Maturation,-3.563143260984936,0.0,0.1265842785262038,6.6172635512807725,51.5787305026179,29.864440596591486,94.32660975754106,120.0,Low,0
Apr,Thursday,12,Ripening/Maturation,-3.8523956337222773,0.0,0.11100810878642983,6.917708321678524,55.9179133832593,29.72701624155879,87.4870050028692,119.24420846252754,Low,0
Apr,Thursday,13,Ripening/Maturation,-4.077580669510618,0.0,0.08797057894780938,6.932302463592958,52.620249548646065,29.675400037992976,90.9408750220925,118.5914784176569,Low,0
Apr,Thursday,14,Ripening/Maturation,-4.4017677842900325,0.0,0.15069741841254264,6.59381471461553,53.596532829015885,29.25852511694751,90.54301428350159,119.94747569880734,Low,0
Apr,Thursday,15,Ripening/Maturation,-3.3126796317252634,0.0,0.11643622239487096,6.475853510460317,58.02898269799761,30.382694520274303,90.14198285720956,120.0,Low,0
Apr,Thursday,16,Ripening/Maturation,-3.3193237584288595,0.0,0.10481735717475817,6.9440674064778,52.91577402606377,27.057253162139958,86.68187794684489,120.0,Low,0
Apr,Thursday,17,Ripening/Maturation,-3.788803440789574,0.0,0.11347410011553558,6.434595681423058,54.31659698107933,26.69289275531828,84.18392020849562,118.46392194407031,Low,0
Apr,Thursday,18,Ripening/Maturation,-3.7760418551486516,0.0,0.09435394784258523,6.43666317297746,54.09611125520549,25.94217132566946,86.99286328021088,118.53741177662286,Low,0
Apr,Thursday,19,Ripening/Maturation,-4.427761818395791,0.0,0.10142641268061128,6.700939010432832,53.63285738710602,25.41785792677331,92.47871531173301,119.25884985457988,Low,0
Apr,Thursday,20,Ripening/Maturation,-3.8514268296851104,0.0,0.10031395903484343,6.7886678504750435,56.7348956055966,22.818086557080257,85.66013441230747,118.17478339057293,Low,0
Apr,Thursday,21,Ripening/Maturation,-4.322500843364994,0.0,0.1099431903699836,6.596235905456497,50.4670943465992,21.698180307573757,87.35915708997598,116.9130923091874,Low,0
Apr,Thursday,22,Ripening/Maturation,-4.194506725058229,0.0,0.14295142348863316,6.798458339458611,54.57277975727178,23.598482763285453,91.2541399613987,120.0,Low,0
Apr,Thursday,23,Ripening/Maturation,-3.818412427820134,0.0,0.13424892239892128,6.841101096751026,56.39885772321908,21.29090128023602,86.9177259753969,118.98268846443577,Low,0
Apr,Friday,0,Ripening/Maturation,-3.9443888430330682,0.0,0.17413580925482747,6.687221145085967,53.66071264880707,22.587268932284125,88.37085543075727,119.12439206780836,Low,0
Apr,Friday,1,Ripening/Maturation,-4.170680775479578,0.0,0.16241051822392033,7.137045136501188,53.21547215306276,22.76522771660177,90.24546454821028,119.20228349054345,Low,0
Apr,Friday,2,Ripening/Maturation,-4.3911245287272305,0.0,0.18847476206321018,6.8648054047997205,53.798199869024494,21.670107533439648,90.84792821739047,119.79872499914343,Low,0
Apr,Friday,3,Ripening/Maturation,-4.600817356026475,0.0,0.13957054678847902,6.971631909951262,53.14767250131604,22.933074441510602,86.85832215546458,120.0,Low,0
Apr,Friday,4,Ripening/Maturation,-5.007482001414708,0.0,0.13900868278307357,6.520923343586813,52.64674841133895,21.963887896847233,90.42282874974353,118.837020490854,Low,0
Apr,Friday,5,Ripening/Maturation,-5.295071699124851,0.0,0.10294044778270026,6.504861764628686,51.91438897490279,22.93111394201437,91.19656425859111,120.0,Low,0
Apr,Friday,6,Ripening/Maturation,-4.672645993104451,0.0,0.14891052141234246,6.881761415827841,50.321705005318016,20.903323605931032,86.18039842790384,120.0,Low,0
Apr,Friday,7,Ripening/Maturation,-4.8536866732899835,0.0,0.09703590744849187,7.080027158938145,53.83168497951393,24.423148343833613,90.64452892816749,119.52275347343945,Low,0
Apr,Friday,8,Ripening/Maturation,-5.319043615466197,0.0,0.06853405664664476,6.547965791163187,53.06786164726161,25.51638457478558,87.850250310766,118.33441344125893,Low,0
Apr,Friday,9,Ripening/Maturation,-5.605763195610467,0.0,0.17342131872867145,6.714067574751568,50.41833411791547,28.282681441244126,90.37174554205822,120.0,Low,0
Apr,Friday,10,Ripening/Maturation,-5.134989541911252,0.0,0.0762786441878565,6.46126566681575,48.18771448631366,28.594467275927478,92.16923700902143,119.59489453064661,Low,0
Apr,Friday,11,Ripening/Maturation,-4.933085887909638,0.0,0.13535981263584596,6.52441591358843,51.43110245701669,30.582134570195446,89.47122293814799,116.89312187411498,Low,0
Apr,Friday,12,Ripening/Maturation,-4.824005733397773,0.0,0.08918840195083233,6.688552334743263,52.31119799372648,30.58051350948103,92.74024624793716,120.0,Low,0
Apr,Friday,13,Ripening/Maturation,-5.110911603441515,0.0,0.1594333667977142,6.56973508310328,48.94461167616672,30.272993232761475,92.37244195272105,118.18417887896696,Low,0
Apr,Friday,14,Ripening/Maturation,-4.995570867381878,0.0,0.16420324950197435,6.415437316252268,50.79035379112946,30.804558745146025,92.72349028577848,120.0,Low,0
Apr,Friday,15,Ripening/Maturation,-5.454141684454347,0.0,0.13852122325981153,6.420204849966759,47.59132118219249,30.21799771484105,91.209329819554,113.71433082446771,Low,0
Apr,Friday,16,Ripening/Maturation,-5.6835234075217755,0.0,0.163622764831667,6.3379108441463785,51.07412827192063,29.00717986333721,93.30230067131822,119.07834372189808,Low,0
Apr,Friday,17,Ripening/Maturation,-5.3324484766306055,0.0,0.12025679765408931,6.81534892485108,51.03403428589064,25.529077315169722,91.15528591059073,120.0,Low,0
Apr,Friday,18,Ripening/Maturation,-5.075180734388741,0.0,0.19819611382891178,6.84416426177267,48.027999907838534,25.060021520328945,84.99821890097012,120.0,Low,0
Apr,Friday,19,Ripening/Maturation,-5.687545227740343,0.0,0.14611578317225177,6.8402228363457,50.55282117658714,25.26245214885525,87.62378802972077,120.0,Low,0
Apr,Friday,20,Ripening/Maturation,-6.152411044450992,0.0,0.08848069541317073,6.62829470664948,48.62119559853703,21.370243315651788,89.36622880019713,117.74517315820682,Low,0
Apr,Friday,21,Ripening/Maturation,-6.110505761739959,0.0,0.12243623480604487,6.9473566985025625,49.86761473733291,23.080968920052644,89.73833085185133,120.0,Low,0
Apr,Friday,22,Ripening/Maturation,-5.336475386495086,0.0,0.11466242908247262,6.895617728270598,49.90939420490095,22.940162125423736,91.0732162777376,120.0,Low,0
Apr,Friday,23,Ripening/Maturation,-6.297755289606845,0.0,0.11123515795468188,6.786897021535085,46.782428503457524,21.794398110734377,87.57914437451991,120.0,Low,0
Apr,Saturday,0,Ripening/Maturation,-6.280075281810714,0.0,0.06200012702352775,6.7725886057387354,46.88613007073867,20.77881469830662,95.0,120.0,Low,0
Apr,Saturday,1,Ripening/Maturation,-6.996657663910663,0.0,0.1335402590555211,6.6668611667489,45.6316811735176,21.91986992164166,89.69262507156506,120.0,Low,0
Apr,Saturday,2,Ripening/Maturation,-7.267330093605221,0.0,0.07149864573708066,6.786527949583574,46.09605796850956,24.03741203490641,89.97693661182649,120.0,Low,0
Apr,Saturday,3,Ripening/Maturation,-7.368503991906813,0.0,0.03161074518171658,7.078338932463752,46.111507350273236,21.684378166232516,87.98775267859688,120.0,Low,0
Apr,Saturday,4,Ripening/Maturation,-7.472962498356578,0.0,0.10795952256068436,6.991220278946163,45.18345024832801,21.739594124320583,86.98986971946019,117.72711034507469,Low,0
Apr,Saturday,5,Ripening/Maturation,-7.6088811115006925,0.0,0.09354372213127168,6.742728112670483,44.39204623440529,21.576934071752138,89.62109048829352,118.821927284022,Low,0
Apr,Saturday,6,Ripening/Maturation,-7.480650134276785,0.0,0.08984620455775563,6.8592494494007905,44.84363314172476,23.346827581239616,90.08265217256846,116.16854565422834,Low,0
Apr,Saturday,7,Ripening/Maturation,-7.616149310529187,0.0,0.011391641737206762,6.554830067550826,50.23669122574382,23.96083490235043,89.73928771051396,116.82603659404715,Low,0
Apr,Saturday,8,Ripening/Maturation,-8.154814541009587,0.0,0.0902204993416433,6.863731917986218,42.386994798580574,25.345344929781152,94.96546782911236,117.78366543835541,Low,0
Apr,Saturday,9,Ripening/Maturation,-7.616806502910411,0.0,0.11392253471895543,6.535540249890842,44.103720375922634,28.493697628626148,89.6210719458665,119.92718854350035,Low,0
Apr,Saturday,10,Ripening/Maturation,-7.176416672841513,0.0,0.09780461209663673,6.80034729407859,52.864308201916664,29.093247130092667,89.74221217668689,116.93747825671801,Low,0
Apr,Saturday,11,Ripening/Maturation,-6.7688633214790315,0.0,0.1335570286688666,7.214223213037625,48.09675463337143,28.847318749851144,92.44588643543261,119.90207453353246,Low,0
Apr,Saturday,12,Ripening/Maturation,-7.503808535346359,0.0,0.1687431226966447,6.57196441965204,42.73089818336135,29.195556168605165,89.4868025132124,119.61492622968393,Low,0
Apr,Saturday,13,Ripening/Maturation,-7.3206998605005795,0.0,0.13807286040893113,7.1690815560842855,47.615694742753135,31.301535971903977,91.6180172061926,117.16442803217225,Low,0
Apr,Saturday,14,Ripening/Maturation,-7.005366950472939,0.0,0.1559238002935695,6.747996580374216,44.86704154046265,30.18785382844796,86.16286578496991,120.0,Low,0
Apr,Saturday,15,Ripening/Maturation,-7.512560296038236,0.0,0.1588194341376957,6.552414890102832,47.28797830511843,28.34349972733446,86.18656643670204,116.68868574589463,Low,0
Apr,Saturday,16,Ripening/Maturation,-7.488364693251917,0.0,0.08433987315266506,6.5612705003343645,45.10600017745404,27.2031593102294,90.36617569336676,120.0,Low,0
Apr,Saturday,17,Ripening/Maturation,-7.528899547630033,0.0,0.13536901424401682,7.141140697772059,44.55104938670911,26.470087442710064,89.30514724328445,114.36430944530275,Low,0
Apr,Saturday,18,Ripening/Maturation,-6.684141370161665,0.0,0.1548305073677913,6.828420729609688,50.67639064926717,24.85448224245804,87.57292565531084,119.64441696606649,Low,0
Apr,Saturday,19,Ripening/Maturation,-5.918924282727094,0.0,0.10474138326830323,6.672817897466208,50.427384426773465,22.518305894929362,90.36555520207494,117.00593791739762,Low,0
Apr,Saturday,20,Ripening/Maturation,-6.870926060484884,0.0,0.09232806724893981,6.753446173852059,48.95575632973469,21.495394410681204,90.62730028252494,118.36386320601252,Low,0
Apr,Saturday,21,Ripening/Maturation,-5.810633047273102,0.0,0.1385642260725755,6.865443606727337,50.42432004558445,21.639735550684918,87.87030936848545,120.0,Low,0
Apr,Saturday,22,Ripening/Maturation,-6.422751550729418,0.0,0.06814298948743124,6.78085745392227,47.1965072306632,22.004854969292342,88.44361252678722,119.13258096984161,Low,0
Apr,Saturday,23,Ripening/Maturation,-6.084201039945537,0.0,0.08191983959267975,6.818821925787818,50.12062634464713,23.72932803610217,90.64984964832867,117.23862800732853,Low,0
Apr,Sunday,0,Ripening/Maturation,-5.940499914075594,0.0,0.09666352783457983,7.099327080662949,51.661230991587495,22.161525382321383,86.93676464604111,120.0,Low,0
Apr,Sunday,1,Ripening/Maturation,-6.689019506084912,0.0,0.1357679974595748,6.575851178431649,47.71582927243133,22.240940129804628,88.18790139767496,119.11063270991542,Low,0
Apr,Sunday,2,Ripening/Maturation,-6.65089737911654,0.0,0.12766193825444827,6.886797394631916,51.14113149881332,22.782404291039153,91.601805421676,120.0,Low,0
Apr,Sunday,3,Ripening/Maturation,-6.878324809792924,0.0,0.15613298078432464,6.766601248010015,48.69299486290079,22.185145543146753,89.92849191002296,117.71386360915399,Low,0
Apr,Sunday,4,Ripening/Maturation,-6.768286700663013,0.0,0.08773454809728035,6.682245002142791,47.680077017952,22.695122371109367,88.56839146813236,117.8369589198432,Low,0
Apr,Sunday,5,Ripening/Maturation,-6.814404772121856,0.0,0.08585844600563722,6.966498971678768,47.64840160894318,22.599491901561386,87.29079204305384,118.03079799546745,Low,0
Apr,Sunday,6,Ripening/Maturation,-6.417846446719297,0.0,0.13833691890623825,6.5123473229695605,48.37164278580894,22.473070852479395,86.9603659446828,120.0,Low,0
Apr,Sunday,7,Ripening/Maturation,-6.582898895385814,0.0,0.09204665835625375,6.291016890445527,45.19856507988406,26.368340339185682,89.6047335555886,119.43292561908575,Low,0
Apr,Sunday,8,Ripening/Maturation,-6.839212247599313,0.0,0.09887736295769527,6.7542913838345475,46.905746214144436,26.574970588175947,95.0,117.3793493911062,Low,0
Apr,Sunday,9,Ripening/Maturation,-6.498656506892649,0.0,0.05501323062618879,6.690164534416311,48.345597354139976,26.497540827104483,91.69735992722369,120.0,Low,0
Apr,Sunday,10,Ripening/Maturation,-6.447977522852418,0.0,0.13017961004947556,6.435100050783174,47.19268370262114,28.92582960869557,86.00140727131574,120.0,Low,0
Apr,Sunday,11,Ripening/Maturation,-6.348073620109768,0.0,0.1739451665135659,6.370360128218319,48.93997734914595,28.949361497891577,92.12164850219688,120.0,Low,0
Apr,Sunday,12,Ripening/Maturation,-6.903218426921881,0.0,0.08397488792948671,7.002042649349847,46.9748907560977,30.53142390870247,87.72334017630718,118.79549691718344,Low,0
Apr,Sunday,13,Ripening/Maturation,-7.564629343103266,0.0,0.15575962641020397,6.756719921638042,46.8922733587497,29.274850066313384,89.9854278701801,119.80607122289977,Low,0
Apr,Sunday,14,Ripening/Maturation,-7.930367310643636,0.0,0.11792104966535172,6.676713234068109,45.793343216586734,29.288199738987405,88.2334181865487,120.0,Low,0
Apr,Sunday,15,Ripening/Maturation,-8.278944854099043,0.0,0.058210487655648915,7.059775928714527,43.96483892533198,29.857876993211455,95.0,117.47661743793596,Low,0
Apr,Sunday,16,Ripening/Maturation,-7.953349259527914,0.0,0.08868456005301552,6.855054441492462,41.677535994529,29.42778715062266,86.59767626485527,120.0,Low,0
Apr,Sunday,17,Ripening/Maturation,-7.592829017160959,0.0,0.08652364335186799,7.014494310289152,48.85865583617605,27.765033893872282,90.94083676840638,120.0,Low,0
Apr,Sunday,18,Ripening/Maturation,-7.793452696159116,0.0,0.10892152752007808,6.502167836230496,44.511931532075835,26.529363780568637,87.94402858724625,117.24746796726038,Low,0
Apr,Sunday,19,Ripening/Maturation,-7.250597236825157,0.0,0.13468300009563466,6.526555998997632,45.936793724229354,24.45422231866159,92.21648423812977,117.22894423540383,Low,0
Apr,Sunday,20,Ripening/Maturation,-6.806948752371875,0.0,0.18471229930345012,6.885878589132495,46.47828129690872,22.512996879225867,90.88036146018862,119.75150358515553,Low,0
Apr,Sunday,21,Ripening/Maturation,-6.923905758048822,0.0,0.06990989717785298,6.857529178548343,45.90580286855175,21.97204538059325,93.76365793845608,118.62443547398986,Low,0
Apr,Sunday,22,Ripening/Maturation,-7.493721360227467,0.0,0.10303279110780042,6.992058144714176,48.60318483145512,23.025401446973436,92.15435338396753,120.0,Low,0
Apr,Sunday,23,Ripening/Maturation,-6.893174121870764,0.0,0.0886406701481251,6.4710344516498015,49.72847074828233,23.194903386261313,87.91939839337947,119.28312021871533,Low,0
Apr,Monday,0,Transplanting,-7.0459542194383085,0.0,0.0756207188478746,6.9042799231708525,47.478496680503405,22.32450744693618,18.74860773260028,5.757616409705277,Low,0
Apr,Monday,1,Transplanting,-7.08043082377965,0.0,0.1233406690313348,6.9563464665169965,46.29196571406739,22.281459166577072,11.666278400953217,5.0,Low,0
Apr,Monday,2,Transplanting,-7.307859436640121,0.0,0.12005179969153966,6.9262891022853825,47.199373322091205,23.648124649377788,10.0,5.0,Low,0
Apr,Monday,3,Transplanting,-7.740883196732768,0.0,0.0565169178520996,6.703915072740441,45.069474291380104,22.358662576147022,10.61662117853866,8.288839863983961,Low,0
Apr,Monday,4,Transplanting,-8.365978714713291,0.0,0.12063526847809128,6.869317500442902,43.041205248041905,22.435548696292777,11.892500880307878,5.0,Low,0
Apr,Monday,5,Transplanting,-7.9529872502311525,0.0,0.07781114024811013,6.6314460125532015,45.08904244245789,22.762380726202316,11.778383436805715,5.0,Low,0
Apr,Monday,6,Transplanting,-8.233466176118938,0.0,0.12041397016972416,6.725318380338966,42.85736568342366,22.29675499523668,11.488084292850335,5.0,Low,0
Apr,Monday,7,Transplanting,-6.747028159592219,0.0,0.16443237726221316,6.572288030724531,47.81166094498554,23.498895213456038,12.899446461764114,5.0,Low,0
Apr,Monday,8,Transplanting,-7.339108751306152,0.0,0.13620737863765786,6.583713533118635,46.2945808481085,26.14844237335928,12.604513028807894,8.523286920353,Low,0
Apr,Monday,9,Transplanting,-7.933174074253433,0.0,0.12621309830424815,6.659148064788978,45.66625426430761,27.33191440685201,10.0,5.0,Low,0
Apr,Monday,10,Transplanting,-7.65883394849857,0.0,0.10149319849088145,6.572579610451325,43.880524608652216,30.10345166492384,16.324162312021713,5.0,Low,0
Apr,Monday,11,Transplanting,-6.9760906636301305,0.0,0.12234036777956711,6.522714893498185,48.17765511304076,30.213509783453254,15.906663452650642,5.0,Low,0
Apr,Monday,12,Transplanting,-7.060739291764128,0.0,0.1397138977786619,6.433101968583418,44.74160271386508,29.698037468300186,12.402894685719613,5.0,Low,0
Apr,Monday,13,Transplanting,-6.917775501709567,0.0,0.13624582199829435,7.001123519292337,45.75220549265456,30.9582481753523,10.11609015265186,5.656923409906809,Low,0
Apr,Monday,14,Transplanting,-7.8937499359933145,0.0,0.11652734326652597,6.566087930741043,43.49715003532455,30.42071596523937,10.167657648134169,5.0,Low,0
Apr,Monday,15,Transplanting,-8.218520039460353,0.0,0.12760817133786206,6.712439423463985,41.63144836054779,30.630291984775763,10.0,5.0,Low,0
Apr,Monday,16,Transplanting,-8.683856223499914,0.0,0.07392033629852719,6.372733720533801,44.69006963037153,28.21008848948101,10.0,5.726298649833604,Low,0
Apr,Monday,17,Transplanting,-9.458584016841305,0.0,0.09429821288277918,6.944168953920332,38.861293407201266,27.51385933355749,10.0,5.327845228353584,Low,0
Apr,Monday,18,Transplanting,-9.22110781583944,0.0,0.14476459133910952,6.756086992182635,39.971508567172,25.76679499366647,14.59079035873874,5.847395668052687,Low,0
Apr,Monday,19,Transplanting,-10.077122183501444,0.0,0.1494711532980973,6.66957331712202,41.82572218056982,24.20195101009715,13.53236092488647,5.0,Low,0
Apr,Monday,20,Transplanting,-10.394115174002698,0.0,0.12327595067937767,6.709171994668536,37.412958178686225,21.66684084079684,10.0,5.725269259420745,Low,0
Apr,Monday,21,Transplanting,-10.305691155893165,0.0,0.1717638007027803,6.926457834382932,38.390055855580215,22.83572933433054,12.669963744608333,5.0,Low,0
Apr,Monday,22,Transplanting,-10.351839686912772,0.0,0.13778067957614787,6.240302251515743,36.63152674957628,22.7093714206796,10.0,6.785073371637084,Low,0
Apr,Monday,23,Transplanting,-9.827247104628494,0.0,0.11184053687479274,6.613097515629304,41.58050936413699,23.403178893537437,10.0,5.0,Low,0
Apr,Tuesday,0,Transplanting,-9.55984364584661,0.0,0.07730865364358049,6.755560219455627,42.24984773835026,22.366979318410575,12.37852452569223,5.473893220686346,Low,0
Apr,Tuesday,1,Transplanting,-9.052496188769327,0.0,0.17035566375101202,6.75830707947735,43.25190095520051,22.045528393401494,10.0,6.445109403747818,Low,0
Apr,Tuesday,2,Transplanting,-8.667996264843138,0.0,0.1469611110004102,7.218359620926786,43.77186862076436,23.00643550235523,10.866252453436614,9.571496793074825,Low,0
Apr,Tuesday,3,Transplanting,-8.15238502249656,0.0,0.18294089980256814,6.725638627898532,44.08145416804721,21.73963649472025,11.1384435303951,6.414909263482305,Low,0
Apr,Tuesday,4,Transplanting,-8.2154013767879,0.0,0.19583966094263705,6.94209604415009,42.73428336183307,23.242987628067166,11.141346893698552,6.668631045866786,Low,0
Apr,Tuesday,5,Transplanting,-8.12727693540415,0.0,0.07495708926260337,7.089979189607507,42.364596741697994,23.241273597930963,10.0,7.136642237873833,Low,0
Apr,Tuesday,6,Transplanting,-7.956199220806155,0.0,0.07504831895554852,6.882498188628304,46.98493292358857,23.380823120907525,12.240747893127011,9.330634668038325,Low,0
Apr,Tuesday,7,Transplanting,-7.97717767280139,0.0,0.019788003060082646,6.624366119278447,45.88438212872985,24.45646585939411,14.079444988186259,5.243180636226342,Low,0
Apr,Tuesday,8,Transplanting,-8.242597215508663,0.0,0.1521426747960415,6.499439142419416,42.331158228378364,25.45687280686225,12.121994392259811,5.0,Low,0
Apr,Tuesday,9,Transplanting,-8.449506735734428,0.0,0.14297689406206598,6.834921621949845,43.30084737068364,27.450268595914157,10.212436266465177,5.0,Low,0
Apr,Tuesday,10,Transplanting,-8.855899294202313,0.0,0.12342226500440463,6.974598935621047,41.64561150794442,28.933706975807603,18.96712180875805,7.858404817191922,Low,0
Apr,Tuesday,11,Transplanting,-8.659585908566765,0.0,0.07708533691348096,6.773753792789205,40.46057240802826,29.13463762706905,10.0,6.755934152280741,Low,0
Apr,Tuesday,12,Transplanting,-8.73547293192796,0.0,0.11688382088063301,6.865906922779585,42.8901677166155,31.24091632859476,13.22035390141226,5.557060493899263,Low,0
Apr,Tuesday,13,Transplanting,-9.069539264676836,0.0,0.1264646923252697,7.116464458582033,40.9021204362972,30.839067334054835,11.629821117042072,5.0,Low,0
Apr,Tuesday,14,Transplanting,-9.368236158540368,0.0,0.14739539834077095,6.821317697192356,39.11115988691175,29.460644933196985,16.93693884902032,6.649998429260711,Low,0
Apr,Tuesday,15,Transplanting,-9.881932978347335,0.0,0.12955454200628502,6.448050335891216,36.82509574368287,31.089049884391976,12.060249447744127,6.722224733502679,Low,0
Apr,Tuesday,16,Transplanting,-9.34634122482963,0.0,0.14323304532469083,6.691077488592596,37.94117405999754,28.707563279880382,12.703465734985189,7.397491186792019,Low,0
Apr,Tuesday,17,Transplanting,-9.295728089774565,0.0,0.11565541955300832,6.961824195124959,40.44740032915176,26.487635980589882,12.417150944692777,5.0,Low,0
Apr,Tuesday,18,Transplanting,-9.677508388236319,0.0,0.16135186628738382,6.689991638408218,40.103789927383,25.181866614742646,10.0,5.0,Low,0
Apr,Tuesday,19,Transplanting,-9.252063314272712,0.0,0.14211055271052048,7.00334609182559,39.54444642542086,25.345394349382786,10.0,5.0,Low,0
Apr,Tuesday,20,Transplanting,-9.49733388168966,0.0,0.07845734252547115,6.742926539367487,42.00787753925927,23.83498793297346,10.07299637010796,5.0,Low,0
Apr,Tuesday,21,Transplanting,-10.081202874908975,0.0,0.16862271286796848,6.824943715128659,39.17402001665254,23.182588042784733,13.772148452437609,5.0,Low,0
Apr,Tuesday,22,Transplanting,-9.480706664495331,0.0,0.1628950032950298,6.697909908955061,41.900074626408504,23.43044691886971,11.599290216073852,10.122257540128153,Low,0
Apr,Tuesday,23,Transplanting,-9.653705732202981,0.0,0.13629161579685298,6.79099215575221,39.965284662337424,23.348292367038887,10.279795339930327,5.0,Low,0
May,Wednesday,0,Transplanting,-9.887669298066298,0.0,0.12982511967456128,6.808432543165349,38.195358414226675,22.820532922211253,15.916599403346002,8.57009510784618,Low,0
May,Wednesday,1,Transplanting,-9.87366023174764,0.0,0.1780514049107414,6.48338895179126,40.03145058608289,22.63823343024874,10.0,9.663328869587497,Low,0
May,Wednesday,2,Transplanting,-9.354160426825198,0.0,0.0628340496804774,6.690909849001687,38.52466595158288,22.806890555581287,10.0,9.864494918557718,Low,0
May,Wednesday,3,Transplanting,-9.402390731679466,0.0,0.16344285834208777,6.546065359048661,42.01313928524258,22.963812354514637,10.0,8.088913376605031,Low,0
May,Wednesday,4,Transplanting,-9.984701269002036,0.0,0.10333276554989772,6.712494626748412,37.66241854136885,21.781721594778883,15.424931514730194,10.695607572717641,Low,0
May,Wednesday,5,Transplanting,-9.696245851780882,0.0,0.1583312106243635,6.624962016708519,42.06547500879278,22.960566983449688,11.509821566280863,11.85433266063629,Low,0
May,Wednesday,6,Transplanting,-9.909494586227114,0.0,0.12421315465091651,6.941499409554839,39.0403015005711,23.541893477837615,14.698875336078377,6.6402557106018705,Low,0
May,Wednesday,7,Transplanting,-9.02674696925667,0.0,0.07649758918071166,6.936860945740582,43.960874306403824,23.99006952898729,11.472225000902874,8.51451258403669,Low,0
May,Wednesday,8,Transplanting,-9.122548801452128,0.0,0.10262180664875081,6.82942087250978,39.36063649933826,25.595471684683027,14.869551005580881,10.585318539219958,Low,0
May,Wednesday,9,Transplanting,-10.217987488802867,0.0,0.1557605175608088,6.468160806447417,37.621290625415476,27.7441554622608,11.419743051477798,5.240935116012152,Low,0
May,Wednesday,10,Transplanting,-10.003632780678192,0.0,0.11264272415380444,6.673186852810296,40.25315122006948,28.10992581941773,13.02973427529366,6.783563566556027,Low,0
May,Wednesday,11,Transplanting,-9.116850829433895,0.0,0.09824801048486632,6.4420659431308165,43.96055219621216,28.52929604991735,12.590540472433807,5.831279401385078,Low,0
May,Wednesday,12,Transplanting,-8.532805361245503,0.0,0.09801397797717429,6.619598212585722,46.35448494964064,31.09259852953873,12.8131218696639,8.548278274052205,Low,0
May,Wednesday,13,Transplanting,-7.92844309171848,0.0,0.1424786597781827,6.77882222522155,44.5544689072374,30.014238991981255,16.85421166062352,5.0,Low,0
May,Wednesday,14,Transplanting,-8.70333092007733,0.0,0.18127222605489873,6.838241045718258,46.28749705338792,30.189182160430754,10.0,10.98740078199382,Low,0
May,Wednesday,15,Transplanting,-8.510522023132872,0.0,0.045069082027730134,6.761192296718434,42.495418044830245,29.0946509104129,11.594849932381832,8.730324744210037,Low,0
May,Wednesday,16,Transplanting,-9.087859505339006,0.0,0.21802395565701507,6.894259045847408,43.88667243191233,29.651055711674637,12.393961642534089,8.870686262083346,Low,0
May,Wednesday,17,Transplanting,-9.163437088119872,0.0,0.1271311180141646,6.7385742595262865,39.6233889945937,28.045459341497082,11.944861042090949,5.0,Low,0
May,Wednesday,18,Transplanting,-9.903862266493746,0.0,0.14030784473545896,6.685656976837883,40.57113157414152,25.653478280017502,10.606344338339833,5.0,Low,0
May,Wednesday,19,Transplanting,-10.256134786647788,0.0,0.10473083884984079,6.921590148048288,34.20189043033242,23.21124957984031,10.19585114676937,11.122006258839285,Low,0
May,Wednesday,20,Transplanting,-10.56849995289394,0.0,0.11987697063001106,6.9442038556901,35.89241808974829,22.09745615611344,16.39004396623274,6.952318657288614,Low,0
May,Wednesday,21,Transplanting,-10.12068609348053,0.0,0.12673795542458877,6.675682261902335,40.143706971808264,22.831122159959772,11.587836734347102,5.0,Low,0
May,Wednesday,22,Transplanting,-9.769444213419687,0.0,0.08328164026820377,6.842828178093655,37.4284561833917,22.525908563263812,19.11383960169212,7.94988872802754,Low,0
May,Wednesday,23,Transplanting,-9.691313056329863,0.0,0.09180114966098647,6.722589416085983,41.09474788638669,22.46227843556159,13.384824959124547,9.093728593050566,Low,0
May,Thursday,0,Transplanting,-10.499252199901939,0.0,0.16145986393119388,6.412787550490289,40.11471096186008,22.54435900757585,11.831033302672944,9.922480950264477,Low,0
May,Thursday,1,Transplanting,-10.713945837316352,0.0,0.06566786041242725,6.84698861380242,36.7838896050042,22.982036985198526,14.358036521393903,8.217736963484636,Low,0
May,Thursday,2,Transplanting,-11.082279170749622,0.0,0.1354363686159739,6.5443633177264875,34.96462407885251,22.341512636747964,13.026798611313138,11.432658983908452,Low,0
May,Thursday,3,Transplanting,-10.661791097387345,0.0,0.10703190817207855,6.830555196274562,36.963328134560896,22.7350107603676,16.72599780081817,6.838720035324981,Low,0
May,Thursday,4,Transplanting,-10.15355524853328,0.0,0.08637524976835487,6.512362896103924,37.19984276515176,21.585464633803923,10.0,9.94397258082207,Low,0
May,Thursday,5,Transplanting,-9.766386967869892,0.0,0.18901761481892904,6.616688716812563,39.85824416108043,24.41808062158026,10.0,8.931294108665098,Low,0
May,Thursday,6,Transplanting,-10.2469748644391,0.0,0.08659241035584968,6.702233527519372,39.11144157512232,22.147912544546998,13.782943031449992,8.26103413637581,Low,0
May,Thursday,7,Transplanting,-11.554891256293061,0.0,0.0804464300092935,6.964039830486676,35.15624073870304,24.318041877957697,15.20708769418282,7.646258137896059,Low,0
May,Thursday,8,Transplanting,-12.246937423118451,0.0,0.11345595537678124,6.621978654210991,37.45606866488936,26.299242332769435,13.55771634885379,7.734769016562506,Low,0
May,Thursday,9,Transplanting,-11.415019144800066,0.0,0.09310044780642646,6.513490938276191,34.66514641310589,27.034286004949433,14.717425536907273,8.67438354058358,Low,0
May,Thursday,10,Transplanting,-11.53001452055531,0.0,0.1202233229948092,6.74854343933169,38.61083150917788,28.63591169514381,14.276310588160756,7.861948004109043,Low,0
May,Thursday,11,Transplanting,-11.797989766020178,0.0,0.12543897538279866,6.629755386583734,33.10234608892735,29.579291162944774,10.0,10.426424779693285,Low,0
May,Thursday,12,Transplanting,-10.96410740006438,0.0,0.12821303229722245,6.813153008565942,37.33169737972859,29.443192823395886,13.54371911141955,7.2537867093901145,Low,0
May,Thursday,13,Transplanting,-10.429525855128976,0.0,0.1156638203464753,6.469473536043909,40.835348764786595,30.72587154043171,16.650341990714292,12.514477493349505,Low,0
May,Thursday,14,Transplanting,-10.539923643880346,0.0,0.09542434039177213,6.7176280113824465,40.466897559193804,28.855045826847604,13.215300864433942,7.142078703763126,Low,0
May,Thursday,15,Transplanting,-10.78804729032736,0.0,0.14251910649377658,7.092248257953604,36.76817070781387,30.984917697152643,10.0,10.893951952609022,Low,0
May,Thursday,16,Transplanting,-10.936634793566204,0.0,0.11609075317235495,6.630469358857914,38.3622159355838,29.264028567726953,11.698428645715454,11.001792165240492,Low,0
May,Thursday,17,Transplanting,-10.907646362014074,0.0,0.10265339407807575,6.727998229231225,38.16400689849467,27.874216300992572,14.370270189139685,9.008405413348198,Low,0
May,Thursday,18,Transplanting,-10.266587928071614,0.0,0.1717997794684133,6.44666141020832,37.780310615442644,24.45675622299387,18.086890848394155,8.785649950590702,Low,0
May,Thursday,19,Transplanting,-10.243518976056333,0.0,0.11575408138629922,6.60614656016617,40.147454331760954,23.521144533016095,10.0,6.771332460727026,Low,0
May,Thursday,20,Transplanting,-10.082181832659604,0.0,0.15821953105238068,6.842952584918037,43.0277479457217,23.486476096644044,13.783696357306434,7.301071375892644,Low,0
May,Thursday,21,Transplanting,-9.736186392617158,0.0,0.16293934564882867,6.667678509585126,41.076553987844086,25.69599311763168,10.0,9.143208990323991,Low,0
May,Thursday,22,Transplanting,-10.481007831445078,0.0,0.16506854923990277,6.873136623327456,39.478293962673156,23.330753972045624,14.223181289016251,8.480911003330643,Low,0
May,Thursday,23,Transplanting,-10.243694349972804,0.0,0.14419052328388854,6.840920642520375,40.25944351646669,23.204554728200762,14.463493776935625,11.551460439976807,Low,0
May,Friday,0,Transplanting,-10.654721969463226,0.0,0.11997782760934825,6.533330010804633,35.00671405857798,22.794979382491352,12.900558350111812,8.655192182295028,Low,0
May,Friday,1,Transplanting,-11.995210487514985,0.0,0.11775854082721411,6.969800097220989,35.631944176376614,21.697002243431864,15.494797606873904,8.806505514291326,Low,0
May,Friday,2,Transplanting,-12.96164620204539,0.0,0.1114557958530849,6.541249621185564,30.358529965414007,23.171139266560264,17.019687149452647,5.629840148756943,Low,0
May,Friday,3,Transplanting,-13.283109315553194,0.0,0.0441586515495406,6.652403544999825,30.440763761276735,21.494034130322458,13.106284883729336,11.400486325955814,Low,0
May,Friday,4,Transplanting,-12.854577202612537,0.0,0.14515823820117518,6.832709306777836,36.97289827610692,21.406531867888116,10.0,11.174713721526501,Low,0
May,Friday,5,Transplanting,-12.668985113244375,0.0,0.12855629482347777,7.074221493346446,32.587912508895876,21.35617653964921,17.876718463233217,12.234371406649709,Low,0
May,Friday,6,Transplanting,-12.475951068050003,0.0,0.14889334931730197,6.5844685848590325,32.07736922809154,23.155578117201273,16.086084577122932,12.375257340673425,Low,0
May,Friday,7,Transplanting,-11.516651874714718,0.0,0.11590494569848127,6.777444658199892,38.16520065848746,24.109236227708514,15.291269294936928,11.764033015296038,Low,0
May,Friday,8,Transplanting,-12.145564583045026,0.0,0.1432688806683734,6.751682338496502,32.45529099500719,25.926756392863968,11.527100052643744,11.86945654158692,Low,0
May,Friday,9,Transplanting,-12.135471207412147,0.0,0.07178725279984945,6.820565867020599,33.4800308138315,27.35059526522932,16.55630762288234,11.316838573817748,Low,0
May,Friday,10,Transplanting,-11.987598141997116,0.0,0.07907570367584504,6.90968931954045,37.227868795179255,27.72907862678566,19.72727692986531,11.701899956712023,Low,0
May,Friday,11,Transplanting,-12.340564060238636,0.0,0.03333259400975165,6.604073959203569,33.96818138604319,29.04616621840543,13.236069009253733,5.186762386307026,Low,0
May,Friday,12,Transplanting,-12.312726945406792,0.0,0.11529777814589309,6.849461628440553,30.82626124077064,29.678082332451826,13.883478099371537,7.04218988727442,Low,0
May,Friday,13,Transplanting,-13.03419339548671,0.0,0.092961604427749,6.913196166755452,33.30591507947713,29.25078284221971,10.404428038910888,6.633681605093619,Low,0
May,Friday,14,Transplanting,-12.312037411233698,0.0,0.0883816343690353,6.987046823878669,33.15817844894611,29.771055221214308,11.441373995347321,12.967099194048672,Low,0
May,Friday,15,Transplanting,-12.642315843466704,0.0,0.1317128332287858,6.772080607278356,36.2381449487404,28.71770577810236,10.376291840851103,7.8342677731861246,Low,0
May,Friday,16,Transplanting,-11.713285684905365,0.0,0.10510724820308301,6.704461758420907,34.175740460958856,29.091792362837833,13.992467589689653,8.23451121331091,Low,0
May,Friday,17,Transplanting,-11.84795838915852,0.0,0.0698418147618718,6.608699365758673,37.1673518134714,27.891695266043328,12.577663141825425,9.808309833141319,Low,0
May,Friday,18,Transplanting,-11.488208999135583,0.0,0.20906683704632345,6.477715008990642,39.47969446680603,24.811158614828553,14.718400769988003,6.682468048864512,Low,0
May,Friday,19,Transplanting,-11.663765284679675,0.0,0.11870462828291735,6.703700433217688,33.80507686914564,23.917862060252112,10.924297487777451,10.743028615018428,Low,0
May,Friday,20,Transplanting,-11.799697003016085,0.0,0.08208929314725064,6.7748230739449715,34.79430115124501,23.859847905053364,13.097330350702567,5.0,Low,0
May,Friday,21,Transplanting,-12.157789743710767,0.0,0.09655575886734327,6.768935540334216,35.09855516338307,21.590389681857367,10.739391324873651,6.847942474356653,Low,0
May,Friday,22,Transplanting,-12.139182300265325,0.0,0.11393999608467786,6.879344584893128,32.65127097425487,22.716310254236053,14.162714733093399,10.288707136717633,Low,0
May,Friday,23,Transplanting,-12.02186838784077,0.0,0.11386639132099798,6.51385754739879,35.188105762597814,22.459417547202307,10.0,6.687576084748869,Low,0
May,Saturday,0,Transplanting,-12.559867586999339,0.0,0.16557574955660567,6.731004980653744,32.90647721618961,23.249310046272726,14.954734922964368,14.237366092425912,Low,0
May,Saturday,1,Transplanting,-12.713218423190801,0.0,0.11721995148287273,7.132387909547167,32.49814064115535,22.611373473085926,13.663809163640485,11.105281929917439,Low,0
May,Saturday,2,Transplanting,-13.051556778114234,0.0,0.18493228601538886,6.9612583224454845,32.27414051794206,22.029963617661,15.042892266767469,13.819758664737416,Low,0
May,Saturday,3,Transplanting,-12.02298621001787,0.0,0.1048651969595763,6.886988053800614,34.78736252711424,22.428411297178307,10.0,11.88437496046607,Low,0
May,Saturday,4,Transplanting,-12.205856186734604,0.0,0.13492526140909625,6.846221388176604,34.53370668998903,22.440095955162988,16.464147021806504,10.95975890847747,Low,0
May,Saturday,5,Transplanting,-11.622495931284588,0.0,0.15576930680147408,6.712197607855634,34.40835707400342,22.30164385417374,13.603771322219279,8.498177945947523,Low,0
May,Saturday,6,Transplanting,-11.902520994212649,0.0,0.16183033066490876,6.47697169214768,33.82360616519013,21.319710835740786,15.151338146085576,13.312448954081312,Low,0
May,Saturday,7,Transplanting,-11.94030269528845,0.0,0.16591552761000847,6.817538570908227,34.606098353658055,25.14963835772883,10.0,12.092719980846564,Low,0
May,Saturday,8,Transplanting,-12.688983349847446,0.0,0.11047958906919529,6.27129465131938,32.95692467789454,26.699216783231925,10.771800171298194,16.201203089722277,Low,0
May,Saturday,9,Transplanting,-12.947204559375647,0.0,0.11980787589037784,6.655986436829091,31.549010377605214,26.52756719337398,13.329537516664779,13.060584253136321,Low,0
May,Saturday,10,Transplanting,-12.88349976365234,0.0,0.03322021017027135,6.686005275579622,33.227479851406414,28.389071353997238,18.62650041553043,9.996075892619537,Low,0
May,Saturday,11,Transplanting,-12.221570384043492,0.0,0.11313964864898038,6.590965485510697,30.538707580945225,29.40268240773598,16.081814045290283,11.713137265460995,Low,0
May,Saturday,12,Transplanting,-12.278802724767525,0.0,0.15819389622754937,7.064610826968517,32.56994094274004,29.24920825705492,14.88962512417131,12.044928276727562,Low,0
May,Saturday,13,Transplanting,-11.81792275841769,0.0,0.1513892767949559,7.007658256531158,34.577129727391835,28.881562985790186,11.727075502154197,13.89697907391958,Low,0
May,Saturday,14,Transplanting,-11.767729917092344,0.0,0.11697295076464716,6.853836874422947,33.54521782491717,29.63794917592472,11.181205151203784,14.294258234232103,Low,0
May,Saturday,15,Transplanting,-11.290709802662892,0.0,0.17946988050254853,6.506476746041695,39.66069250322684,29.2976290710184,15.329965572896393,10.584645087682294,Low,0
May,Saturday,16,Transplanting,-11.647159117307243,0.0,0.10655981504793176,7.046204780957986,35.58454181191252,27.476665193053023,16.60206789456228,7.950780637147782,Low,0
May,Saturday,17,Transplanting,-10.856431431023527,0.0,0.09493510615930352,6.811346935596193,37.79810392199534,27.504500626138253,15.126922304401022,6.354986785637867,Low,0
May,Saturday,18,Transplanting,-11.472103766436032,0.0,0.10361433926707708,6.541298336910555,35.0004895446226,26.776354955593536,19.62867162426319,8.14070968403577,Low,0
May,Saturday,19,Transplanting,-12.126391874456548,0.0,0.08071372413073596,6.7459561382045825,34.365101660558366,24.828860388582726,12.452614830291427,9.510142218902768,Low,0
May,Saturday,20,Transplanting,-12.883800483622577,0.0,0.14178382610962378,6.950938701474769,30.148371910700348,22.273651477473024,15.038109822324842,14.750421757059353,Low,0
May,Saturday,21,Transplanting,-11.93389999043687,0.0,0.13009686340630133,6.691161749042639,34.51900595076136,20.902670642783043,10.0,14.788347055477983,Low,0
May,Saturday,22,Transplanting,-11.787047028542098,0.0,0.1413492806230568,6.793582431753193,33.33707027430746,22.94756187252724,15.133136562001695,13.38998346872065,Low,0
May,Saturday,23,Transplanting,-12.168041352221813,0.0,0.1054970096824076,6.832084041863654,33.741893585155324,22.492113735251646,18.90811964006589,14.065580517863275,Low,0
May,Sunday,0,Transplanting,-9.126155349317685,0.0,0.11796744572312613,6.573629030412184,36.47739402903257,22.714480887374418,12.275473352164408,10.419018160917886,Low,0
May,Sunday,1,Transplanting,-6.750049983900183,0.0,0.04375534468068823,6.705025053799948,45.04387362175251,23.923882240242012,17.92639462588618,8.399210569871029,Low,0
May,Sunday,2,Transplanting,-4.119485624035143,0.0,0.13316789429588666,6.602189476046594,56.54108731134432,21.715150696375478,19.7231192390965,9.671178634096465,Low,0
May,Sunday,3,Transplanting,-3.428334179125042,0.0,0.12345945092708774,6.967733034024674,56.93279346831499,20.075147253502365,13.330861675505556,7.100453581015501,Low,0
May,Sunday,4,Transplanting,-2.249044198003513,0.0,0.08148153184772874,6.626066478329818,60.74037259662203,21.532236337752195,16.800819082234042,9.402611870661273,Low,0
May,Sunday,5,Transplanting,-1.3186822675691285,0.0,0.1163369863769691,6.823567125924437,63.11060509717593,22.763836054614256,20.138895234425828,10.922632559061459,Low,0
May,Sunday,6,Transplanting,-1.1969239544933212,0.0,0.11097527442754415,6.526323841868176,61.973357357544984,22.39654072139843,16.091425486838627,12.60425920685574,Low,0
May,Sunday,7,Transplanting,0.2714230067747705,0.041666666666666664,0.18853649289463148,6.560741482514991,63.245677845501184,23.18265856797157,17.7601449925349,12.526143127462705,Low,0
May,Sunday,8,Transplanting,0.930480580500229,0.08333333333333333,0.10612257062803258,6.5291069422532875,63.65865150066931,24.71029600639932,10.07815192174598,10.463408431228252,Low,0
May,Sunday,9,Transplanting,1.943995573752291,0.125,0.18019980560414184,6.654188004268346,70.45907858790488,27.07923120221595,17.19140958031717,13.609869846043557,Low,0
May,Sunday,10,Transplanting,3.5345335638752955,0.16666666666666666,0.1701864467531398,6.7304770497371,72.11201650207548,27.632776123838795,16.951713221558993,10.511400788988706,Low,0
May,Sunday,11,Transplanting,3.669721336820354,0.20833333333333334,0.1922174628780494,6.728167087967149,77.29537684113266,29.99925767782297,11.421363802117625,12.212611751601429,Low,0
May,Sunday,12,Transplanting,3.7427415074697845,0.25,0.2232572010659727,6.345818449493843,71.75238366590598,29.845281786553574,12.507014038089348,9.4125443947172,Low,0
May,Sunday,13,Transplanting,4.035774439589789,0.2916666666666667,0.21349665630953585,6.63404532548664,77.13165036457646,29.87330569253463,17.212005406594503,14.909168280110956,Low,0
May,Sunday,14,Transplanting,4.666827326889754,0.3333333333333333,0.2364610032047694,6.533879987625438,74.3868020031439,29.56780217511618,14.49186428704908,12.239586563589645,Low,0
May,Sunday,15,Transplanting,4.50010240745748,0.375,0.24414783397455594,6.761753391831389,76.97234297241536,29.79324912448383,18.73581516690792,13.884562539918484,Low,0
May,Sunday,16,Transplanting,4.320020106918537,0.4166666666666667,0.2107213676810139,6.634369371824448,77.26143173106941,28.663739238752267,16.332180791516347,9.147016532200594,Low,0
May,Sunday,17,Transplanting,4.9199220980703915,0.4583333333333333,0.2739431811703002,6.685083155527273,73.26191317900751,27.524484230759946,15.569366699626821,12.62356042803771,Low,0
May,Sunday,18,Transplanting,5.128820700067652,0.5,0.23752872648837514,6.588556589049673,74.53000384341826,25.990173467985112,14.888652900330968,13.618334311722148,Low,0
May,Sunday,19,Transplanting,4.219627718217846,0.5416666666666666,0.22207625180110616,7.061475422090693,71.56114807232576,24.097411042373146,16.278046395803543,7.0778317195782705,Low,0
May,Sunday,20,Transplanting,3.8113182831208112,0.5833333333333334,0.22792885168859522,6.55822827081952,70.18727490297348,21.548495533233528,17.80879711754846,15.107742504008376,Low,0
May,Sunday,21,Transplanting,4.694941629928001,0.625,0.24531854778896925,6.713687443250773,76.1019936128771,21.79069589861499,17.001552079062915,9.063938539721907,Low,0
May,Sunday,22,Transplanting,4.970317529123547,0.6666666666666666,0.26680591558708855,6.800978820450801,75.03550532939848,22.05926007588885,14.130974018773053,12.714750538642077,Low,0
May,Sunday,23,Transplanting,4.695102772869465,0.7083333333333334,0.2484713233737013,6.706847773944199,74.872979301267,24.027156190470656,19.118311157620813,16.656757295199867,Low,0
May,Monday,0,Transplanting,4.581848483356443,0.75,0.2509622852383772,6.655552558957765,75.60891463000203,21.29593094366655,18.2730827183857,15.772674197505872,Low,0
May,Monday,1,Transplanting,4.579772776101761,0.7916666666666666,0.22310628140676408,6.4557996814857495,70.7766809952144,22.039818797346488,17.455701674920576,9.660571867906018,Low,0
May,Monday,2,Transplanting,4.914929044018033,0.8333333333333334,0.2054662376674576,6.651224184118157,77.86936171355738,22.453613648088393,16.57509153223699,12.940328910215158,Low,0
May,Monday,3,Transplanting,4.2710131268916385,0.875,0.17680796657594086,6.607825721569054,73.05224317786009,22.132333797382007,17.8001486930154,16.468991058498457,Low,0
May,Monday,4,Transplanting,3.9578238659549854,0.9166666666666666,0.16047074148139417,7.066247792191094,74.06357989076768,23.23417563315019,10.804963180824744,11.343479127099975,Low,0
May,Monday,5,Transplanting,4.194633424342421,0.9583333333333334,0.2865612707290852,7.1882222423136835,74.80854589687891,22.128201655597707,17.02392782314371,12.48571731138721,Low,0
May,Monday,6,Transplanting,4.2322036281559745,1.0,0.14835802132260498,6.770546994750599,76.39888182910202,22.187366880679512,21.22054878869817,12.415710700730504,Low,0
May,Monday,7,Transplanting,4.565106562333266,1.0416666666666667,0.27590798652253024,6.487540768508004,74.24654097403378,24.806870282543567,16.9599600601134,14.810513980972802,Low,0
May,Monday,8,Transplanting,4.035893004024672,1.0833333333333333,0.19216690970520525,6.835928350379099,68.93886829157334,27.294639243275164,16.550431956120917,9.542938095839816,Low,0
May,Monday,9,Transplanting,4.286968564505898,1.125,0.26869964813684066,6.50857247485235,73.90297978172127,28.488917114028528,14.512347083582785,14.950692210560511,Low,0
May,Monday,10,Transplanting,4.8232500386393795,1.1666666666666667,0.16349234998894374,6.585844279066106,75.47721380905772,28.520328752456923,17.778181840650888,11.828418719401183,Low,0
May,Monday,11,Transplanting,5.000489957101513,1.2083333333333333,0.23678396236162294,6.556159985379507,73.43147828171976,29.54313957383343,15.714776777985554,13.357074154879426,Low,0
May,Monday,12,Transplanting,4.983766090444461,1.25,0.29548500636699593,6.569232000764058,75.75601992593258,30.211798693281953,20.227899347171768,12.823238448939495,Low,0
May,Monday,13,Transplanting,4.85095352786197,1.2916666666666667,0.2662361729181946,6.591261361830114,74.42025159741615,30.492599526770068,13.70914092595753,14.884833768684135,Low,0
May,Monday,14,Transplanting,4.392381459658562,1.3333333333333333,0.21800524536728635,6.433621477031087,71.35620760461553,29.496544805976335,14.943085197198899,13.332816281269922,Low,0
May,Monday,15,Transplanting,4.3311449008747624,1.375,0.1602744169683722,6.5311571511666875,75.237717552118,30.332025982303705,14.497365829283169,16.9865027723907,Low,0
May,Monday,16,Transplanting,4.869961448207486,1.4166666666666667,0.19546193792990454,6.864165877186581,74.06045717390238,28.794939161922468,21.803737266134263,15.858989322202707,Low,0
May,Monday,17,Transplanting,4.708018096444662,1.4583333333333333,0.2863206007906949,6.696554248775388,73.98648500199305,27.32703346381762,15.730703015162792,11.397109923055172,Low,0
May,Monday,18,Transplanting,4.220228212180069,1.5,0.21331726326062134,6.7626191872925805,72.70339001465798,24.829153611693208,14.65576761138576,16.798661082071945,Low,0
May,Monday,19,Transplanting,3.981299151486715,1.5416666666666667,0.21701863516769754,6.347620389960122,75.5260751584964,24.204996438443,10.028216363636066,14.183932304489442,Low,0
May,Monday,20,Transplanting,4.092609103711751,1.5833333333333333,0.23223895625738586,6.970194606172941,73.2404295253614,20.860430157423355,13.565884043391925,13.810125032487656,Low,0
May,Monday,21,Transplanting,3.937658742627028,1.625,0.17284210660761123,6.660461211899025,73.1085806233965,21.909680524774213,17.883654830177814,15.505939296859784,Low,0
May,Monday,22,Transplanting,4.201017440482102,1.6666666666666667,0.23928059230645882,6.9859465122639355,72.70116954838426,21.92452183481664,17.871627224774013,10.78254512902999,Low,0
May,Monday,23,Transplanting,4.456217002386092,1.7083333333333333,0.21671888323623711,6.801200522438534,75.12065445023642,22.604596154470094,14.346390302639316,9.936820986653718,Low,0
May,Tuesday,0,Transplanting,4.6975779421230195,1.75,0.24771904604821943,6.653147182472497,77.47282315799659,23.878880019956238,15.413032301100746,14.645687000449628,Low,0
May,Tuesday,1,Transplanting,5.158389814843974,1.7916666666666667,0.22872796315230318,6.468009983212802,76.795721634973,22.83252597253235,22.779613204193993,13.067578740717822,Low,0
May,Tuesday,2,Transplanting,5.374040555622269,1.8333333333333333,0.19929195178841624,7.150966447465426,76.87373392266971,23.53372165810849,25.289139287665435,19.767629762266633,Low,0
May,Tuesday,3,Transplanting,4.701104420135598,1.875,0.22256957188996937,6.913716963071286,75.99511102009413,22.891169738482862,20.649317770355516,12.672526297796297,Low,0
May,Tuesday,4,Transplanting,4.143983434031618,1.9166666666666667,0.24602680244957054,6.918727750067769,70.68507495505355,23.275042791750092,21.87783966188408,14.683951703074415,Low,0
May,Tuesday,5,Transplanting,4.042247843237324,1.9583333333333333,0.23484829919862937,7.081978458746155,71.4491571603713,23.860701882354483,22.51427578935636,15.06324451572703,Low,0
May,Tuesday,6,Transplanting,3.7874931233152513,2.0,0.21576990843959676,6.825992704188822,72.18000870875835,21.789530534158196,23.84371464971415,17.661518732366343,Low,0
May,Tuesday,7,Transplanting,3.257516313295745,2.0416666666666665,0.23287252268775563,7.003169750383536,69.86631106692333,23.517483924345314,16.294216418777946,12.096930778221989,Low,0
May,Tuesday,8,Transplanting,3.11032685573082,2.0833333333333335,0.19063238095422258,6.630639674105736,68.83571040424196,26.381118633322323,14.565196111779994,10.553169835912005,Low,0
May,Tuesday,9,Transplanting,2.961187396966967,2.125,0.19599935591470682,6.834864501135676,66.86249827097957,27.359975651620072,22.700469349414718,18.069420351257538,Low,0
May,Tuesday,10,Transplanting,2.733978567387938,2.1666666666666665,0.17155762339541805,6.5669935687737055,67.36849013546276,28.805934925989806,14.307117946175048,14.78463054368668,Low,0
May,Tuesday,11,Transplanting,2.6869873212827864,2.2083333333333335,0.22065631221844062,6.581048155369821,69.43571845639349,29.383817429533465,14.114211717336303,16.6076896399172,Low,0
May,Tuesday,12,Transplanting,3.3063008678353345,2.25,0.2128610208661451,6.684498858724247,71.29626934916705,29.697416323834815,14.183095947215556,16.72507642584501,Low,0
May,Tuesday,13,Transplanting,3.385582620579411,2.2916666666666665,0.18514603165841728,6.4092940201819495,70.03929073712942,31.671611735020022,16.805810986704213,17.15835477274753,Low,0
May,Tuesday,14,Transplanting,4.464604026812143,2.3333333333333335,0.17949905954183043,6.732378343931463,74.37290008971559,29.294534406398657,11.24687238564578,13.638674662470759,Low,0
May,Tuesday,15,Transplanting,4.346828803378034,2.375,0.2673443647058923,6.604369550963442,73.06472184629052,30.13186475061259,12.900671729320187,12.960995442409331,Low,0
May,Tuesday,16,Transplanting,4.030496816736798,2.4166666666666665,0.19472014362695755,6.319003568773288,75.35433953491601,29.049034488328598,15.33298361849998,9.592690743464903,Low,0
May,Tuesday,17,Transplanting,3.8859455829890606,2.4583333333333335,0.21967089191186068,6.638625243911189,72.50301787112407,26.099707776813673,13.6122240585248,12.09607974381567,Low,0
May,Tuesday,18,Transplanting,3.873523480559074,2.5,0.29917907592403686,6.6726684686982045,74.1891181161452,25.18144564894559,20.38723544207378,14.738711062754248,Low,0
May,Tuesday,19,Transplanting,3.9449529974085067,2.5416666666666665,0.2466766588958785,6.911635338327525,73.3743147183698,23.62501502289062,17.219944604552953,12.829842724085124,Low,0
May,Tuesday,20,Transplanting,4.749933318511328,2.5833333333333335,0.29513856857172793,6.821435622089081,72.09569788593907,22.826667290653273,18.931065762808345,11.731081177880672,Low,0
May,Tuesday,21,Transplanting,4.135089101290584,2.625,0.20454285909332443,7.041824447335332,73.24289749162304,22.08137191525556,18.60259053788181,14.709387232217882,Low,0
May,Tuesday,22,Transplanting,4.383436242178772,2.6666666666666665,0.26707007994317655,6.871521804891798,71.54899878257169,22.306528154711355,16.579680730700847,17.940688441737638,Low,0
May,Tuesday,23,Transplanting,4.315749692878965,2.7083333333333335,0.22882715707529033,6.694653775641645,73.64155758647567,21.20888211441222,20.16439457568001,14.44329373541913,Low,0
May,Wednesday,0,Transplanting,3.3141840850524655,2.75,0.21566519435321202,6.73845937451364,69.96378016966455,24.23572937337225,19.456443655548817,12.949201022854792,Low,0
May,Wednesday,1,Transplanting,3.5193282316311207,2.7916666666666665,0.2787126657471627,6.713372005931048,72.7103138228843,22.4319564949916,17.144799180633555,18.962311784784415,Low,0
May,Wednesday,2,Transplanting,3.9311862148978545,2.8333333333333335,0.20852705152720666,6.8587221033328065,70.25013824082245,22.774200717837555,13.048270416658053,13.845956377848948,Low,0
May,Wednesday,3,Transplanting,3.3393723287237855,2.875,0.20415821409677343,6.794130492406163,71.54389723949596,21.942499609147823,19.66197517720538,19.47967930724536,Low,0
May,Wednesday,4,Transplanting,3.2199085402698393,2.9166666666666665,0.1688852007039673,6.671565793812208,72.372611661774,21.85289813834572,14.3160898659223,15.123416006991434,Low,0
May,Wednesday,5,Transplanting,2.349675625550093,2.9583333333333335,0.209838290095535,6.75547086893181,70.95441263993821,23.905147723962827,19.240849376772562,16.039075268951414,Low,0
May,Wednesday,6,Transplanting,1.812891464448462,3.0,0.1457003451711793,6.882888179083936,66.32260399890785,20.841622714394695,18.336665676018693,19.683482688997028,Low,0
May,Wednesday,7,Transplanting,2.3876636681749384,3.0416666666666665,0.21548645625803423,6.565672846209752,69.2658947480342,24.378085126395135,14.018892447880601,12.402506462606198,Moderate,0
May,Wednesday,8,Transplanting,2.1955719050458726,3.0833333333333335,0.11714233416507704,6.796408575095234,69.13766651793324,24.87686680005415,18.875191123104454,13.155986820571947,Moderate,0
May,Wednesday,9,Transplanting,1.7335120652288072,3.125,0.18254013414489645,6.422753280322387,70.75468151563467,27.03891749135226,18.673958310791427,14.964880096008672,Moderate,0
May,Wednesday,10,Transplanting,1.928210873436401,3.1666666666666665,0.14567600612370307,6.889715197481414,65.16504597474709,28.119176285605022,18.684842504185276,15.431330241636946,Moderate,0
May,Wednesday,11,Transplanting,1.7454912235547013,3.2083333333333335,0.1892053979654249,6.775483013991695,65.86697384638919,28.793968796483952,18.540990751866097,22.38642445112726,Moderate,0
May,Wednesday,12,Transplanting,1.5988860395913853,3.25,0.15949757993988664,6.9527292961936284,72.94625148049147,30.20277668121965,16.14283544163058,13.561096695011518,Moderate,0
May,Wednesday,13,Transplanting,2.004689905725608,3.2916666666666665,0.15138038562275002,6.486703990608096,67.76506120582951,28.32057668215515,19.874827402301072,12.520631263360746,Moderate,0
May,Wednesday,14,Transplanting,1.4863866407369002,3.3333333333333335,0.14363007942776268,6.867690823508168,63.285340317962,29.92203251191963,16.037032617140017,13.441662752162589,Moderate,0
May,Wednesday,15,Transplanting,1.1458632663821022,3.375,0.11888299115750015,6.838282626998173,65.08497155262071,29.510518962939372,14.876227257975223,16.36158261503503,Moderate,0
May,Wednesday,16,Transplanting,1.3219764941034948,3.4166666666666665,0.18237198378881744,6.666564772163288,61.13499714291967,27.542230622619428,20.123901112994304,17.011339408831773,Moderate,0
May,Wednesday,17,Transplanting,1.8354371586108669,3.4583333333333335,0.12918362173538217,6.616101795569676,68.38689060557839,28.573493392029377,20.909291802672424,14.013532271554753,Moderate,0
May,Wednesday,18,Transplanting,2.396281425409111,3.5,0.17055928327957987,6.536616161635254,70.8706449415383,25.370503213102612,19.918594299843296,15.833840358700327,Moderate,0
May,Wednesday,19,Transplanting,2.023827219534274,3.5416666666666665,0.18267906577794346,6.510776553244772,66.53386057454475,23.965180077678642,17.47841541561268,20.64425584762311,Moderate,0
May,Wednesday,20,Transplanting,2.4295091324612135,3.5833333333333335,0.2372100367022285,6.648759452461831,68.3893740734039,21.901224668868238,12.281602888249102,15.869171204651991,Moderate,0
May,Wednesday,21,Transplanting,2.0114989229101523,3.625,0.16996202204154032,6.551814177812635,70.1749057257222,22.309747103655532,22.54507051266093,16.583725058131677,Moderate,0
May,Wednesday,22,Transplanting,2.8368166131441246,3.6666666666666665,0.1824325447997577,7.048407317924238,66.80792894185375,23.42151527480484,12.234707677634098,20.503720534059042,Moderate,0
May,Wednesday,23,Transplanting,2.226416525988379,3.7083333333333335,0.18523763342877048,6.476829464164509,66.20025723797302,24.35341264313878,19.858184180256647,14.036185712877895,Moderate,0
May,Thursday,0,Transplanting,2.666611454984063,3.75,0.11409403882599656,6.794728515614689,69.44363712853048,22.971511362960527,25.33071055341737,15.070644870223525,Moderate,0
May,Thursday,1,Transplanting,2.1646270142056694,3.7916666666666665,0.13216307583096656,6.842245997635658,67.19043515915997,23.24539501357742,19.448399343829312,15.804961415797926,Moderate,0
May,Thursday,2,Transplanting,2.9461179146522234,3.8333333333333335,0.1805151204055598,6.820627731972906,69.98294920021816,23.748141985181665,19.873699133795395,15.659390372646493,Moderate,0
May,Thursday,3,Transplanting,2.9884817446404486,3.875,0.16975812334036838,6.854040496950619,68.14485554832403,22.574096861413167,20.137962848840502,12.426633885804353,Moderate,0
May,Thursday,4,Transplanting,2.309399884720301,3.9166666666666665,0.1217058319944881,6.928384046657598,69.47118669517172,23.631200698889497,19.594502018979956,17.32415202415677,Moderate,0
May,Thursday,5,Transplanting,1.9524847283312727,3.9583333333333335,0.1988343709991473,6.687100197172714,67.88749717763508,23.008920905912323,26.05184045182153,17.52151992229481,Moderate,0
May,Thursday,6,Transplanting,2.233746186493356,4.0,0.18493514019684018,6.790906267912499,69.95937183605011,22.490189887449258,16.47050544181425,16.51452029208676,Moderate,0
May,Thursday,7,Transplanting,2.596119851577231,4.041666666666667,0.18981227994431857,6.693127323177993,70.13148664474595,24.435440299211688,16.093820060160702,17.59784377375167,Moderate,0
May,Thursday,8,Transplanting,2.3973540786436254,4.083333333333333,0.15564416167568756,6.981120561291339,69.66702993373676,24.388936342246204,18.017496799521435,17.62443876679154,Moderate,0
May,Thursday,9,Transplanting,2.2705467441229965,4.125,0.1795424223663032,7.076526658877075,66.05669747683497,27.596613823226786,24.222494777744526,13.68878674309593,Moderate,0
May,Thursday,10,Transplanting,2.472506842413384,4.166666666666667,0.19981840214077168,6.486672115520144,70.41919952508186,27.394653843387204,17.2693701730643,17.700766534458488,Moderate,0
May,Thursday,11,Transplanting,2.3524250876181805,4.208333333333333,0.1695392653038397,6.322663814002264,68.48408740667475,28.282535621930467,20.29089475537239,18.375446863496002,Moderate,0
May,Thursday,12,Transplanting,1.5950861664271438,4.25,0.17543718253409138,6.7600127886933015,66.99501018412592,30.32872624867477,22.213025623745946,12.986413004915214,Moderate,0
May,Thursday,13,Transplanting,1.1473314366070166,4.291666666666667,0.12082116905129639,6.862911062304828,68.35012420063846,29.48373712383996,21.336950859775335,20.63695672258865,Moderate,0
May,Thursday,14,Transplanting,1.2220867876780612,4.333333333333333,0.15396415564659152,7.012224931938544,64.99413717739357,30.168732296411886,22.054221524689098,13.889675909404524,Moderate,0
May,Thursday,15,Transplanting,1.7173912703267318,4.375,0.20292222166058183,6.7999177848385095,70.32410770570215,29.693498558699243,23.253959107732378,14.133571371444395,Moderate,0
May,Thursday,16,Transplanting,2.315791116346251,4.416666666666667,0.22101546753381765,6.932099199457728,71.9468492779772,28.776091540397946,19.92469512907578,17.484054946317897,Moderate,0
May,Thursday,17,Transplanting,2.4491160116945414,4.458333333333333,0.22769350846560174,7.0117166125791925,70.88344730279564,26.63962128923619,17.62885330503479,18.315913643624917,Moderate,0
May,Thursday,18,Transplanting,2.340598390301447,4.5,0.18850985429768827,6.977684761609674,67.15619451518863,26.565015818925424,19.441656671681482,18.92334492815599,Moderate,0
May,Thursday,19,Transplanting,2.4566282766409726,4.541666666666667,0.18252219533604544,6.909852202592202,65.02332137268446,24.083779282477646,17.9828396166117,18.381647504687866,Moderate,0
May,Thursday,20,Transplanting,1.9243049683104916,4.583333333333333,0.1524000121421828,6.540784370508112,70.27600175246506,22.72786054413693,26.564655945127196,15.679909130774181,Moderate,0
May,Thursday,21,Transplanting,1.7053778861304636,4.625,0.09937248067515202,6.789727141316459,67.81567704937527,21.4178483088424,17.40203004114615,17.250569900381702,Moderate,0
May,Thursday,22,Transplanting,1.225343935247212,4.666666666666667,0.10356210900716306,6.8330218821122015,64.9504305029504,22.23233795456321,20.44942301343892,16.187490733300635,Moderate,0
May,Thursday,23,Transplanting,0.6332572540618863,4.708333333333333,0.1299495073327631,6.745741732225906,67.36694209725974,23.252835586616097,14.497403202590077,17.414814258978293,Moderate,0
May,Friday,0,Transplanting,0.6932205159517366,4.75,0.13354041717929838,6.758373796005509,63.440611476528545,23.15114210544696,20.298455179364236,18.348224982348384,Moderate,0
May,Friday,1,Transplanting,0.6908549871138738,4.791666666666667,0.18669918068607405,7.068543563658915,64.30974145261142,21.737165853660485,19.038688433706167,16.914811809393072,Moderate,0
May,Friday,2,Transplanting,0.9266011291692096,4.833333333333333,0.18918299775737715,6.647191995222993,66.77362343864009,21.938553447540123,21.927056157533286,17.309038542925936,Moderate,0
May,Friday,3,Transplanting,1.0757977494874846,4.875,0.12286792878515666,6.932568666076763,63.854708935540216,21.584050615948946,22.005259106093987,13.546572520076198,Moderate,0
May,Friday,4,Transplanting,1.0753334536626344,4.916666666666667,0.17552473636968152,6.841711447497392,65.8618384695762,21.849869665391296,24.150995416879976,20.25240838248478,Moderate,0
May,Friday,5,Transplanting,1.2211168574151516,4.958333333333333,0.13383051117529193,6.6393079804255795,68.60895482562309,21.255745967434777,23.912708002444965,18.92097710080479,Moderate,0
May,Friday,6,Transplanting,1.0784753262968882,5.0,0.17085345516255523,6.584744840783258,66.51056227035478,22.26445930207322,19.701085213629906,12.410382959876767,Moderate,0
May,Friday,7,Transplanting,1.1591424961757908,5.041666666666667,0.17718918288813085,6.436338113920619,68.77679466446925,24.66167819019679,17.06684157249284,20.15998400516907,Moderate,0
May,Friday,8,Transplanting,0.711055032509978,5.083333333333333,0.18124962423792026,6.821633451062285,67.47373679403594,25.2180276218996,17.41868095113196,18.04451381194214,Moderate,0
May,Friday,9,Transplanting,0.8110454489965526,5.125,0.12303361880751942,6.691759432756698,65.46198574643495,27.290433388740926,20.80821392806594,15.835028042429874,Moderate,0
May,Friday,10,Transplanting,1.0213092667379617,5.166666666666667,0.18103336071978138,6.5370612655995926,61.27765948745633,28.453253133639155,20.373358340161285,15.61352038492007,Moderate,0
May,Friday,11,Transplanting,0.5881736821944015,5.208333333333333,0.06915585079061552,6.318398388674042,62.70007224683595,30.426845928497926,20.673779772343856,16.456527911464207,Moderate,0
May,Friday,12,Transplanting,0.5276760334561885,5.25,0.17855944969026488,6.745110714912634,66.29309070506383,29.685149828011053,18.294669080990552,15.848269998387822,Moderate,0
May,Friday,13,Transplanting,0.15902034845130902,5.291666666666667,0.12309992341263466,6.632506680443753,60.78114599571256,29.91482711387932,24.211712293936078,16.18411333224016,Moderate,0
May,Friday,14,Transplanting,-0.1261482915419037,0.0,0.11986952007050058,6.541571079144568,62.54385892312553,29.4976063948207,15.481948533040342,22.42866887422447,Low,0
May,Friday,15,Transplanting,-0.6508317505779254,0.0,0.048689722300834154,6.508881663655502,62.61496502599105,28.672743327156564,18.128604455046826,19.104898319290065,Low,0
May,Friday,16,Transplanting,-0.034029611735281184,0.0,0.10639669394634167,6.633761472790285,66.35747032335834,29.052999852901817,16.668678674107397,23.26710912801701,Low,0
May,Friday,17,Transplanting,0.4014847192657376,0.041666666666666664,0.17747889696811775,6.788276920765984,63.313523933328945,27.254829777805487,19.27308043097005,18.741429872383833,Low,0
May,Friday,18,Transplanting,0.5366443151930582,0.08333333333333333,0.11848154167022797,6.66475429579217,63.500970938297094,25.889917800799108,23.63969922819387,19.62524763354291,Low,0
May,Friday,19,Transplanting,1.300194146174804,0.125,0.1774760502885024,6.5209420551375326,66.51557441782852,25.174880396606827,19.036738290552346,15.975320350664042,Low,0
May,Friday,20,Transplanting,0.98909337969134,0.16666666666666666,0.14593676396227734,6.7504275393824775,66.57565005087942,23.440664580742297,20.204432007321774,17.757012377219073,Low,0
May,Friday,21,Transplanting,2.1787873832784195,0.20833333333333334,0.21166310446794995,6.984828355799488,68.42059606507601,21.05801255373216,21.892728569275707,17.972882905487666,Low,0
May,Friday,22,Transplanting,1.7453911349282136,0.25,0.1703373121553497,6.776349150346811,69.78747542159932,22.893267738476453,18.894050925905713,19.727314446732706,Low,0
May,Friday,23,Transplanting,1.60171347334067,0.2916666666666667,0.12742943324508318,6.786483474504438,65.74582466996067,22.55551754056895,21.04788299278373,18.053374381452866,Low,0
May,Saturday,0,Transplanting,1.041440192466549,0.3333333333333333,0.14801177860637676,6.723793679769679,66.2397783286778,22.00572720068325,21.552267255496115,20.253318729330278,Low,0
May,Saturday,1,Transplanting,0.9188338674250598,0.375,0.19901343831516893,6.612803309854035,66.59562670231418,22.637146949622355,17.407572058101813,20.163819692647657,Low,0
May,Saturday,2,Transplanting,1.033690510201028,0.4166666666666667,0.16325984048629277,6.6314700638789805,65.18039160467075,20.99389341182337,19.407053816345375,18.617855818699436,Low,0
May,Saturday,3,Transplanting,0.715326360843804,0.4583333333333333,0.13380753826581684,6.460189559871338,66.89620313914506,23.54511387422112,21.86375683923023,18.360772338938954,Low,0
May,Saturday,4,Transplanting,1.300106512980705,0.5,0.2314536964941834,6.983316321384824,66.9181727136384,22.786955277657526,24.646576076971854,17.702517163262648,Low,0
May,Saturday,5,Transplanting,1.1160058114032947,0.5416666666666666,0.18847269487472512,6.870499124626605,67.75610537367245,21.682841804133872,24.643780876774535,22.08075922257179,Low,0
May,Saturday,6,Transplanting,0.9734500882230899,0.5833333333333334,0.17292193924452337,6.798747553727355,66.22448842783308,21.906671822544382,27.086461091299984,18.61892097170397,Low,0
May,Saturday,7,Transplanting,0.3184151454955155,0.625,0.13906736492094102,6.823815143651742,65.01700549216369,22.792650291212563,22.25637146786338,20.197243761151686,Low,0
May,Saturday,8,Transplanting,0.3475635201259206,0.6666666666666666,0.15424867221943678,6.789691729624408,63.069368934603496,25.59490411307146,19.560056335946882,18.983612163361656,Low,0
May,Saturday,9,Transplanting,0.11620727688888471,0.7083333333333334,0.14960080448362154,6.575630675257953,62.517354054150886,26.9767328330774,20.608143004365026,22.031543482193303,Low,0
May,Saturday,10,Transplanting,-0.3063029534106716,0.0,0.04360146290567518,6.640409327476527,65.21366587167194,27.56956355004523,20.458705545109172,14.404780849944203,Low,0
May,Saturday,11,Transplanting,-0.757185223723251,0.0,0.1338227674490307,6.574080747118321,62.95377635210486,30.204112730187173,19.576359360292464,20.13242461399189,Low,0
May,Saturday,12,Transplanting,0.3940808951551792,0.041666666666666664,0.12422381730213145,7.0966184072993475,62.39986381592763,31.19586104921017,21.94886603038648,16.23772375073037,Low,0
May,Saturday,13,Transplanting,0.05062934070953136,0.08333333333333333,0.10377356395795814,6.8408396933426285,63.983237267012534,30.35311160796442,22.08846548984244,20.351753748670024,Low,0
May,Saturday,14,Transplanting,-0.7936355396747068,0.0,0.11315969519845168,6.693770224400907,56.84772259770985,29.929905791177493,17.278727509172516,19.008633621614482,Low,0
May,Saturday,15,Transplanting,-1.1884077866113796,0.0,0.06554529596122295,6.909416090149471,59.49994098473386,29.930738624924786,24.06451014332388,15.67909722881375,Low,0
May,Saturday,16,Transplanting,-1.2447048023688534,0.0,0.05683864649869873,6.906434773665292,62.43476382755456,28.613940689748205,15.289589184776684,20.219099467041747,Low,0
May,Saturday,17,Transplanting,-1.0288096641812934,0.0,0.1636275846106974,6.466547999010025,60.78056562854258,26.497175041884923,20.13255414122888,19.935454549145994,Low,0
May,Saturday,18,Transplanting,-0.8411512097528546,0.0,0.13617552368981242,6.692527496551448,61.71706243592521,25.323927523670655,24.247945819168578,18.796947106458116,Low,0
May,Saturday,19,Transplanting,-0.623277190909516,0.0,0.035544575547570234,6.750791328580672,55.971372248776746,23.918018666252088,22.622174280394965,19.113586056255045,Low,0
May,Saturday,20,Transplanting,-1.025674100287753,0.0,0.09982654105093908,6.883971791683052,60.253874923037095,22.573549275581357,19.729078522068836,19.77877770624534,Low,0
May,Saturday,21,Transplanting,-0.9205630922832462,0.0,0.15081931066887858,6.736444265232844,61.967193026174634,22.382469374301174,26.70647054035295,22.320550507976513,Low,0
May,Saturday,22,Transplanting,-1.3674443515466854,0.0,0.11019949691977791,6.756614966724337,61.14871330708464,22.543295503989693,19.47977949308147,18.58918282866816,Low,0
May,Saturday,23,Transplanting,-1.6245569512298115,0.0,0.16357517338294264,6.712130146886966,61.52577473971718,21.15513761337286,14.794147092855159,21.90757989099132,Low,0
May,Sunday,0,Transplanting,-2.1226769054716437,0.0,0.1567413129746822,6.9577007163363005,57.9850599233212,22.90717419526794,23.058219065033306,20.47929099020371,Low,0
May,Sunday,1,Transplanting,-2.6601838789537005,0.0,0.07251510767412503,6.517032729700848,56.784247065262825,22.37773270720681,16.364459333669814,23.812253227961826,Low,0
May,Sunday,2,Transplanting,-2.096952754802967,0.0,0.11498365654029089,6.6693186324680775,55.803078529653156,24.417167243320122,19.205654414675593,19.98506249551551,Low,0
May,Sunday,3,Transplanting,-1.7714447603008001,0.0,0.10431687013169536,6.449664933450818,58.83948949693169,22.064892503858868,23.568250795187776,18.907106125478464,Low,0
May,Sunday,4,Transplanting,-1.354096721471981,0.0,0.07137665969767648,6.587658398292001,57.727017743671645,22.6337667960875,20.317427002304647,17.828725405218844,Low,0
May,Sunday,5,Transplanting,-1.4120908241556949,0.0,0.06910039863006551,6.80001631400044,56.4152417824155,24.638375329766802,23.441828523258845,20.488377947793957,Low,0
May,Sunday,6,Transplanting,-1.1284235331734704,0.0,0.09178924588153954,6.835053672638878,58.62142478016251,22.53027330360254,18.22570200418098,18.589983981759573,Low,0
May,Sunday,7,Transplanting,-2.0282829940190545,0.0,0.09756761066705766,6.694609549829237,61.64949062996221,24.1010630402297,24.275440072786214,24.08413751929908,Low,0
May,Sunday,8,Transplanting,-1.6260876358394287,0.0,0.1299130422035177,6.9389693403477,59.05626727095882,25.056532397139943,16.627160526214652,18.394885312266723,Low,0
May,Sunday,9,Transplanting,-1.5966720999303932,0.0,0.1565474715625047,6.927444747084317,60.10774168621378,28.585531508637054,25.65589482387556,18.847858242996193,Low,0
May,Sunday,10,Transplanting,-1.3790275747619023,0.0,0.13797757345343295,6.68450352078756,59.16334131817532,27.702370590802982,20.27393128905936,22.02562443922596,Low,0
May,Sunday,11,Transplanting,-1.3148599854022254,0.0,0.14626302840982885,6.70871119900049,56.763233996130865,29.92444767669785,26.293475566204563,23.53739654668858,Low,0
May,Sunday,12,Transplanting,-1.8875432958764016,0.0,0.11066837624853715,6.58410831479367,60.84212233975605,29.795579040407883,19.178463133099772,22.400530099564424,Low,0
May,Sunday,13,Transplanting,-2.6226761554785885,0.0,0.14110500688145117,6.771986825012211,52.86118094714022,30.223530989937583,27.47429584515531,23.21962835778431,Low,0
May,Sunday,14,Transplanting,-2.9130147573828085,0.0,0.11480687564434086,6.462039951357065,55.39917922869794,29.035277482566542,18.827016657918474,20.372376416823773,Low,0
May,Sunday,15,Transplanting,-2.598217035943435,0.0,0.1045484665861526,6.975891474879172,57.15504935203563,30.65725272060647,16.318153959985942,20.407603820507497,Low,0
May,Sunday,16,Transplanting,-2.2789496477567526,0.0,0.18639853321134692,6.891586137065936,58.4915001322435,28.407414015009618,21.829309828357733,25.602311334813166,Low,0
May,Sunday,17,Transplanting,-2.9353899762696987,0.0,0.03843334152083756,6.50083055597427,55.00212484789499,26.390846687755445,25.401967117288056,24.7985884513526,Low,0
May,Sunday,18,Transplanting,-3.3275189838415264,0.0,0.05443434959424237,6.567753338551289,51.83803147267039,26.848222390572538,24.07236553788579,22.358422570264903,Low,0
May,Sunday,19,Transplanting,-3.5470416391541435,0.0,0.13339449139467616,6.832046907209758,53.38491348135918,23.75185802122067,25.188913807491534,23.339433010850804,Low,0
May,Sunday,20,Transplanting,-3.566267220466957,0.0,0.11072561780136425,6.7119745138361795,53.44344269563997,22.642685833384576,24.131560593644686,22.719248302524168,Low,0
May,Sunday,21,Transplanting,-4.027149804652306,0.0,0.06970554774415771,6.864805922184284,52.2886534785243,23.048133105707493,19.239196333133,17.557980526340188,Low,0
May,Sunday,22,Transplanting,-4.440361015652932,0.0,0.08308861670926812,6.706495245570209,54.783250742848175,22.754227464459454,23.99925068525582,20.47378639176162,Low,0
May,Sunday,23,Transplanting,-4.513807378943833,0.0,0.08764579710983764,7.077700743067599,50.23965673425651,20.61769155960077,21.978501857057413,24.314852389203452,Low,0
May,Monday,0,Vegetative/Tillering,-4.521204564034888,0.0,0.151231778799582,6.770025978274501,53.25106759519259,22.93128536078223,20.47080603938095,23.571681279154856,Low,0
May,Monday,1,Vegetative/Tillering,-5.084965689193496,0.0,0.1624343650872554,7.213782288733555,51.61267642037144,22.294508989867897,23.138062262317764,21.611859181914262,Low,0
May,Monday,2,Vegetative/Tillering,-5.078826516638145,0.0,0.17738468978307165,6.889304897841948,53.23172651501179,22.111777042557335,22.43102259065333,25.542727833910376,Low,0
May,Monday,3,Vegetative/Tillering,-4.534938249211292,0.0,0.06438460722267317,6.5352911185030385,52.349884458419034,22.287740040819823,26.847977545956617,22.694088103155142,Low,0
May,Monday,4,Vegetative/Tillering,-5.121556975816798,0.0,0.07215067636209639,7.171764778552477,52.79052519243481,21.086973764847134,21.055367821742564,23.65978242905995,Low,0
May,Monday,5,Vegetative/Tillering,-5.12825366944347,0.0,0.06975307339248171,6.972331160900751,50.84775091714747,22.528736731729442,20.91514712379712,22.707161947763385,Low,0
May,Monday,6,Vegetative/Tillering,-4.5783020699779815,0.0,0.16510999520195035,6.861674268999089,53.380860085222444,21.283486901032553,20.504084078857275,23.123738995529596,Low,0
May,Monday,7,Vegetative/Tillering,-4.756374634801058,0.0,0.13460285590468354,6.869996586555638,49.078818701982975,23.92649570400521,28.290545408927514,23.302506250586994,Low,0
May,Monday,8,Vegetative/Tillering,-4.984342746474206,0.0,0.12280697257644026,6.508905360496341,46.26102125587969,25.97108145817103,20.671940727002696,25.020018525666135,Low,0
May,Monday,9,Vegetative/Tillering,-4.406457857696208,0.0,0.12803700428466067,6.364380078860573,53.67959484866081,28.22214808525996,26.490514697335016,25.34572463844617,Low,0
May,Monday,10,Vegetative/Tillering,-4.58098913760038,0.0,0.11801276030014397,6.685375632671909,53.36799232183755,27.97396133185647,19.5058374995155,20.64310553579425,Low,0
May,Monday,11,Vegetative/Tillering,-4.108090208228242,0.0,0.08076002834077232,6.899518348436408,54.591588166555994,30.744020840696145,24.11987146658019,22.659611048204404,Low,0
May,Monday,12,Vegetative/Tillering,-4.018067597513493,0.0,0.13796104764247166,6.719749003284349,52.806772736458264,30.931905900266706,23.387528195891406,24.948355629701748,Low,0
May,Monday,13,Vegetative/Tillering,-4.300644805325499,0.0,0.11348515230212099,6.969678786443532,56.15789697163955,30.03147220600757,26.300105374765966,21.44193482830119,Low,0
May,Monday,14,Vegetative/Tillering,-4.1853382382554845,0.0,0.07798874702822474,6.911008382709607,52.535432596712795,29.287423884332505,25.865136473771397,18.498592917804288,Low,0
May,Monday,15,Vegetative/Tillering,-4.167981280391585,0.0,0.14009999058753203,6.689794097259856,54.338602966404935,28.427697997435015,22.845670131229742,19.499212851338136,Low,0
May,Monday,16,Vegetative/Tillering,-3.8456463209155314,0.0,0.10509743273045943,6.892870421724339,55.45972127981088,28.84705494097075,20.988772211701328,19.671885736285194,Low,0
May,Monday,17,Vegetative/Tillering,-4.279486137959224,0.0,0.1279619220394482,6.984970803025293,56.66671358839608,26.77309109523722,27.47488491730577,20.625385824128845,Low,0
May,Monday,18,Vegetative/Tillering,-4.388959793037649,0.0,0.11562572935456913,6.695983914847595,52.332437257129975,26.805555357165836,20.68915764498952,19.905262560880395,Low,0
May,Monday,19,Vegetative/Tillering,-4.527662287767074,0.0,0.15119825702786832,6.719847172985114,51.327224696900714,23.611548407787893,15.796828675376835,24.343598541388424,Low,0
May,Monday,20,Vegetative/Tillering,-4.297502592971663,0.0,0.12770570409801296,6.8129641394806075,50.18970300803736,21.654463215958422,17.024303630475778,21.078773124232377,Low,0
May,Monday,21,Vegetative/Tillering,-4.869975544178094,0.0,0.08907049388001181,6.3399280747945115,54.916792707297525,22.56190108099545,17.7548159526593,24.923587614961914,Low,0
May,Monday,22,Vegetative/Tillering,-4.43318374073057,0.0,0.13127011282384862,6.835585304569564,53.70318083634371,21.82616251427246,24.387086635599836,18.94509996190091,Low,0
May,Monday,23,Vegetative/Tillering,-4.29351664720607,0.0,0.13241410535655718,6.90645123703484,54.10168225849404,22.381839994695042,29.243402804933567,20.8875263893622,Low,0
May,Tuesday,0,Vegetative/Tillering,-5.118740599732046,0.0,0.13789665409136054,6.791055124494088,57.44843104329093,23.163791464046817,17.380117984744018,23.229443384678852,Low,0
May,Tuesday,1,Vegetative/Tillering,-4.67941651109331,0.0,0.15625559891561697,6.8375096436850225,52.91948985574866,22.46878346533498,21.152335350506334,24.995404000738986,Low,0
May,Tuesday,2,Vegetative/Tillering,-3.828156313181267,0.0,0.09844060251879894,6.767597678863657,51.70778203816489,22.47177156856218,23.767077384364626,25.827816913015283,Low,0
May,Tuesday,3,Vegetative/Tillering,-3.6404409107605153,0.0,0.14337774835131864,6.414949299301324,54.371134664188816,22.539117367126735,28.136520897011657,21.62295677022175,Low,0
May,Tuesday,4,Vegetative/Tillering,-3.279900793216694,0.0,0.059631396675571824,7.09645924484603,53.67867327858263,21.020520807771685,21.13618744254319,25.452296271021524,Low,0
May,Tuesday,5,Vegetative/Tillering,-3.568667194957028,0.0,0.11580053146490928,6.705963754468525,54.14346194293758,22.68847019994439,25.27239946745093,18.764017940008642,Low,0
May,Tuesday,6,Vegetative/Tillering,-4.601431001545373,0.0,0.11038690403173253,6.663757198123858,51.65138639078189,22.502945261380717,22.74973225475989,25.147077960027374,Low,0
May,Tuesday,7,Vegetative/Tillering,-5.5734544988662424,0.0,0.1706745827063098,6.98389462012277,48.949660420586916,24.86948533323725,31.321484898745794,19.61608741882292,Low,0
May,Tuesday,8,Vegetative/Tillering,-5.46964870449904,0.0,0.11452825998582301,6.893705306015265,47.586278098491505,26.33071855385016,23.933620862899836,24.085359851281904,Low,0
May,Tuesday,9,Vegetative/Tillering,-5.7693401170695235,0.0,0.14127960723600635,6.7536314614318576,52.838586986377734,27.201359509585455,24.56706631943598,25.79171632061406,Low,0
May,Tuesday,10,Vegetative/Tillering,-6.182391825927097,0.0,0.05833774819946051,6.809153057563635,49.25995570665175,29.455566172952793,23.752770877793996,25.186825848521835,Low,0
May,Tuesday,11,Vegetative/Tillering,-6.166110844873184,0.0,0.10768847123589964,6.464372403798775,48.25038990290388,29.348646385129175,22.25594029691914,18.870805223627134,Low,0
May,Tuesday,12,Vegetative/Tillering,-5.8595419470533585,0.0,0.09037740463982473,6.64235677796573,50.95237498610343,30.37214898071675,26.349611226706177,21.850668969959674,Low,0
May,Tuesday,13,Vegetative/Tillering,-6.539329103718878,0.0,0.2066428893153434,6.8936699328680575,48.74774470077348,30.126080455616513,20.022917340217635,24.76108280309019,Low,0
May,Tuesday,14,Vegetative/Tillering,-6.684017958324409,0.0,0.09666211350075249,6.532457029435672,48.00973836550551,30.54382954139316,17.494112798767198,24.689487285330912,Low,0
May,Tuesday,15,Vegetative/Tillering,-5.937161869032991,0.0,0.12256476754315083,6.493576618344487,50.62080765985448,29.281559117109143,23.04941612642942,23.65857798019637,Low,0
May,Tuesday,16,Vegetative/Tillering,-6.465974223253429,0.0,0.12443015307963096,6.677433314307141,48.24953135170909,29.947693146897493,25.94669116198744,17.46473186941027,Low,0
May,Tuesday,17,Vegetative/Tillering,-6.0503756632618835,0.0,0.06436825981721714,6.696218132927847,50.31954132215466,28.976808604650383,21.75766931440084,25.963872152634842,Low,0
May,Tuesday,18,Vegetative/Tillering,-6.304151913102267,0.0,0.10158876063099101,6.830884670226864,49.876260010310105,26.54522051628927,24.059471632969494,26.40940097457022,Low,0
May,Tuesday,19,Vegetative/Tillering,-6.056993818823635,0.0,0.13416682794272394,6.483609489429138,49.288652304888885,25.388204791181735,19.837911035809817,23.378099626985836,Low,0
May,Tuesday,20,Vegetative/Tillering,-5.5913525507324735,0.0,0.12300027963344498,6.336457755098195,49.63996489124983,21.14362841531276,26.687989930882466,23.54019484187831,Low,0
May,Tuesday,21,Vegetative/Tillering,-5.343334630764809,0.0,0.03948561597972222,6.959753279858296,53.73679248907228,21.237897805380005,25.45572889781314,24.22640095079823,Low,0
May,Tuesday,22,Vegetative/Tillering,-5.044345961461492,0.0,0.10015529944233897,6.585796971622719,50.43776661294555,22.11775154669503,23.55918495735463,26.619857008561866,Low,0
May,Tuesday,23,Vegetative/Tillering,-5.702736750100487,0.0,0.15572875815064124,6.666581963404279,50.596059000613515,22.4079847722071,24.006189363674707,23.59513545909148,Low,0
May,Wednesday,0,Vegetative/Tillering,-5.392462292608389,0.0,0.14058780245595273,6.386271102265483,51.38590731921799,22.216434065520268,20.219274210114847,23.6887300533858,Low,0
May,Wednesday,1,Vegetative/Tillering,-5.997802895574416,0.0,0.16263116731388216,6.980704905760195,47.88615734609414,21.06129180029364,20.353320028664193,25.120466950373864,Low,0
May,Wednesday,2,Vegetative/Tillering,-6.006072251242361,0.0,0.08550234319018482,6.826116779857172,47.46978182639535,23.296273365058916,24.034025728679993,24.138891971724384,Low,0
May,Wednesday,3,Vegetative/Tillering,-6.003618675197093,0.0,0.16483253373476703,6.806859639128888,48.38361113778728,24.09835858668555,25.941204432176278,24.167290355906633,Low,0
May,Wednesday,4,Vegetative/Tillering,-5.891627219948307,0.0,0.11844578830987865,6.816125063004045,48.375660965772845,23.399790143338098,26.093136012823813,19.752018238958648,Low,0
May,Wednesday,5,Vegetative/Tillering,-5.85709409499585,0.0,0.1757277875328629,6.393019533048895,46.52671304873223,23.243418615029178,23.31120137765805,25.473745656705294,Low,0
May,Wednesday,6,Vegetative/Tillering,-6.357070967588112,0.0,0.12011565519293207,6.59683168682483,46.940039512749976,22.555895684116482,26.63613506887428,27.09530428859817,Low,0
May,Wednesday,7,Vegetative/Tillering,-7.01644655772624,0.0,0.048338357754999034,6.6789775764936525,47.19297423072615,23.480769575068805,28.662374582240723,26.717598576090083,Low,0
May,Wednesday,8,Vegetative/Tillering,-6.588407444431888,0.0,0.14972390999575005,6.589164915869721,50.21970930166067,25.90409235504924,24.133997750007307,26.54414533991369,Low,0
May,Wednesday,9,Vegetative/Tillering,-6.537012165605327,0.0,0.10447702127088751,6.6279170883985365,48.919953472894484,29.047388844343068,25.328991719835333,24.034160888587852,Low,0
May,Wednesday,10,Vegetative/Tillering,-6.069366439545119,0.0,0.10683196360210306,6.731595025936104,43.73445154835123,28.348061369738595,23.776437608997625,24.53085714960667,Low,0
May,Wednesday,11,Vegetative/Tillering,-6.216358380738875,0.0,0.06914162491255807,6.855377119751531,49.86334731574136,29.2187851449602,24.021081073094468,27.145173409620597,Low,0
May,Wednesday,12,Vegetative/Tillering,-6.9676477252956195,0.0,0.1767769824652115,6.380159281761609,45.66134188749908,31.06026622473772,24.908692968874984,26.33505239957111,Low,0
May,Wednesday,13,Vegetative/Tillering,-6.559356376067964,0.0,0.10176145891690035,6.641200397767327,48.66370484681241,31.313948840596478,29.509792867161597,27.882557299847242,Low,0
May,Wednesday,14,Vegetative/Tillering,-6.821468813321503,0.0,0.17512625212193822,6.798136334413758,47.10020432960714,29.496101852834745,27.14582913173665,22.48487555271391,Low,0
May,Wednesday,15,Vegetative/Tillering,-6.73646541145073,0.0,0.10490648934425015,6.50556158061563,46.94710776034459,29.373563252629413,26.875553301286544,22.469276764788802,Low,0
May,Wednesday,16,Vegetative/Tillering,-7.116407797004404,0.0,0.08752891792477527,6.654368188776435,46.21614983126514,28.228127463023093,23.038771401246795,23.335245854488704,Low,0
May,Wednesday,17,Vegetative/Tillering,-6.416760856862346,0.0,0.1661835210910435,6.785199332015941,48.05492532699081,27.41866991811874,21.705474553624875,21.80908502881732,Low,0
May,Wednesday,18,Vegetative/Tillering,-6.951124063339612,0.0,0.11743328378499199,6.713582305960788,49.50611219216542,26.729019249701658,25.56860632286813,20.863028896538463,Low,0
May,Wednesday,19,Vegetative/Tillering,-7.166396004863564,0.0,0.11777497974256955,6.881176415080671,46.26132921415727,23.511945454748037,28.131235941924302,25.33825973181913,Low,0
May,Wednesday,20,Vegetative/Tillering,-7.146439448309866,0.0,0.0751430920900908,6.780844688722084,48.51961759041872,23.246731849789548,29.57021319559845,25.168042652818112,Low,0
May,Wednesday,21,Vegetative/Tillering,-7.661323760569313,0.0,0.10398318258563104,6.71951992787338,46.99263470632496,22.45632099913705,17.042088432202895,24.782231397253625,Low,0
May,Wednesday,22,Vegetative/Tillering,-7.453760201780747,0.0,0.13500435382708498,6.537872938488731,46.94506661089352,24.235953709051422,31.739164877780254,25.05102977412625,Low,0
May,Wednesday,23,Vegetative/Tillering,-6.68681174743665,0.0,0.07452870021844017,6.8175393695420095,43.87841416589268,22.6300647074967,25.65096084474306,20.507387428052066,Low,0
May,Thursday,0,Vegetative/Tillering,-7.1161771862188,0.0,0.10113193070398642,6.796033122784177,48.65444006539809,22.297465144296588,28.02679109249138,24.164452120404487,Low,0
May,Thursday,1,Vegetative/Tillering,-7.074227089484979,0.0,0.105284374690739,6.5912686582696,45.60605239696487,22.834771781692794,20.080167671813314,24.630912223616996,Low,0
May,Thursday,2,Vegetative/Tillering,-8.441392331785543,0.0,0.12232542816498994,6.885690803326794,44.67211296586424,22.105283009690233,24.589282489706036,25.485848440844393,Low,0
May,Thursday,3,Vegetative/Tillering,-8.387278424386714,0.0,0.17178458759733925,7.026644508621425,41.42546611499105,20.93878150131854,27.768543750691627,21.715175788490832,Low,0
May,Thursday,4,Vegetative/Tillering,-8.45630433996504,0.0,0.10950164034559556,6.660944501857731,40.83472149747739,22.18258306058312,21.77575672384461,23.045105372523167,Low,0
May,Thursday,5,Vegetative/Tillering,-8.738226399077556,0.0,0.09583247681556033,6.648976737338797,46.48103411587626,22.16996511274462,16.63506589009737,24.273387203118492,Low,0
May,Thursday,6,Vegetative/Tillering,-8.12403310298497,0.0,0.2161229721208635,6.65843606928076,42.08835441915984,21.101146031560152,26.306516056909743,28.010296837751877,Low,0
May,Thursday,7,Vegetative/Tillering,-8.230958870920745,0.0,0.10483851262667997,6.44888983080907,46.03791198789371,24.09673931981492,25.15065201051155,26.019259054559836,Low,0
May,Thursday,8,Vegetative/Tillering,-8.260865364509629,0.0,0.11332696435907814,7.110420977638723,43.91076376804993,24.192381733252947,29.624011263630518,27.918498823274557,Low,0
May,Thursday,9,Vegetative/Tillering,-8.384243885966333,0.0,0.10747537707831387,6.625429097305979,42.53757455696046,27.084768946745484,24.820244572346155,25.058505491194012,Low,0
May,Thursday,10,Vegetative/Tillering,-9.193327995336443,0.0,0.11031308146116303,6.525610318264738,41.346355042532124,28.82452865337998,25.039843620752514,25.367055566770933,Low,0
May,Thursday,11,Vegetative/Tillering,-9.547784951925061,0.0,0.12272142020555865,6.464775273267969,37.98312712231723,29.660347884929937,27.393032516910495,26.61227312697616,Low,0
May,Thursday,12,Vegetative/Tillering,-8.923414101012568,0.0,0.1522278767157646,6.5949823402619066,42.056297398351376,29.845567719145134,28.400561306789445,24.921556290803956,Low,0
May,Thursday,13,Vegetative/Tillering,-9.781107162287931,0.0,0.13413957031456922,6.532763678823979,37.859862182717045,30.306575678441543,23.17375470202167,23.802769624334847,Low,0
May,Thursday,14,Vegetative/Tillering,-9.9259051780058,0.0,0.15769834471782473,6.928145597404815,38.886939984158104,29.547171747472323,28.133496278731062,21.6401197750425,Low,0
May,Thursday,15,Vegetative/Tillering,-9.895611821804634,0.0,0.15654100361126017,6.443856130727154,41.60113075560803,29.59140415875738,23.734798519211154,23.86979039674063,Low,0
May,Thursday,16,Vegetative/Tillering,-8.91284268236733,0.0,0.12729932369655567,6.405422023592834,42.61755891543372,28.676120985017658,25.34956481117974,27.455051474914278,Low,0
May,Thursday,17,Vegetative/Tillering,-8.511314488961812,0.0,0.13317091895223215,6.812180358323504,40.10850422873061,26.642718432548662,27.312309228422073,28.516268690071346,Low,0
May,Thursday,18,Vegetative/Tillering,-8.764268308792165,0.0,0.1588057836694018,6.702299391564108,44.16873231272655,26.060229273347744,27.835409031634,23.431691079440004,Low,0
May,Thursday,19,Vegetative/Tillering,-8.14238105845854,0.0,0.08110765251991311,6.706904985534036,43.94408593588122,24.364329595714874,26.254944719214173,21.030239624837577,Low,0
May,Thursday,20,Vegetative/Tillering,-8.522926185396397,0.0,0.20743739207834055,6.879604043297776,41.96060661822997,22.242032069135142,22.058334018900403,27.68111051698202,Low,0
May,Thursday,21,Vegetative/Tillering,-8.05508095114985,0.0,0.10205952043153377,6.772430530277574,45.66115832505822,24.311837629029455,19.689235872294248,25.537830002455546,Low,0
May,Thursday,22,Vegetative/Tillering,-8.70817548976534,0.0,0.10771622774508584,6.77013626300536,42.26596515060918,22.26243809065255,24.736132035326644,21.996966279694636,Low,0
May,Thursday,23,Vegetative/Tillering,-8.163558141214207,0.0,0.07758346588641821,6.527209512598221,41.576137781274475,22.151612603701587,28.213854576129293,17.587609792271607,Low,0
May,Friday,0,Vegetative/Tillering,-8.503786808572828,0.0,0.07862472172159607,6.481686590369564,46.78653108232442,22.037085512633812,27.549092324193232,24.153973397389404,Low,0
May,Friday,1,Vegetative/Tillering,-9.063768097252845,0.0,0.15409119241114078,6.662449162044618,41.71238168081119,21.59824862153888,26.926099022140114,25.4051353324399,Low,0
May,Friday,2,Vegetative/Tillering,-9.168421856188454,0.0,0.19945676471747883,6.573458542320072,41.33301713618327,22.923717887874723,26.178920330600555,23.68337270282462,Low,0
May,Friday,3,Vegetative/Tillering,-9.0257563498365,0.0,0.10014659612170783,6.833567007350407,41.027974416931215,21.82600242558444,27.12730553041506,28.292265916062775,Low,0
May,Friday,4,Vegetative/Tillering,-9.24271867647719,0.0,0.13215607848446315,6.459921693836216,43.67740665536992,21.9206414824018,23.217726469138245,24.531080435511868,Low,0
May,Friday,5,Vegetative/Tillering,-8.95249528525099,0.0,0.1277058308499257,6.702845081986121,40.96425429911354,21.944406752369122,28.540605457495847,26.593504862047112,Low,0
May,Friday,6,Vegetative/Tillering,-9.212859859631347,0.0,0.15500855968458654,6.757540847690462,38.29917661926155,21.58704518732119,28.73891937526645,32.496223221882445,Low,0
May,Friday,7,Vegetative/Tillering,-8.89692820319235,0.0,0.19765500625810895,6.764047537600088,40.790016988546405,22.754300805614736,25.134203474970167,26.856153248630918,Low,0
May,Friday,8,Vegetative/Tillering,-8.71028974871018,0.0,0.1732340696293555,6.80217779699952,45.24885380400516,25.475718019213108,27.511022891954916,26.273704048647534,Low,0
May,Friday,9,Vegetative/Tillering,-8.783982992897851,0.0,0.11164692516567384,6.632798965196033,44.08270513995939,28.0615866650397,21.050351606889986,26.330180700216324,Low,0
May,Friday,10,Vegetative/Tillering,-9.028714081123494,0.0,0.13850686724983724,6.560542903725374,41.32105489998389,28.787235704116434,26.740143747914,28.235036182094962,Low,0
May,Friday,11,Vegetative/Tillering,-8.98418528512848,0.0,0.14198202449597794,6.874038259690415,44.6844655989726,30.831211159369854,25.800624217175002,27.925212605635423,Low,0
May,Friday,12,Vegetative/Tillering,-8.779151827511994,0.0,0.11929682790913332,6.59326629094006,43.92592007161498,30.775188341445936,29.977698720611446,24.053613805332144,Low,0
May,Friday,13,Vegetative/Tillering,-7.935309752807781,0.0,0.08164223532761443,6.906030888436486,43.92207786599211,30.794171848219236,25.604071728444822,25.53461768316208,Low,0
May,Friday,14,Vegetative/Tillering,-7.726493864272175,0.0,0.09204283235029426,6.578768957366366,44.62459501554462,31.68054251557676,28.80599354014284,24.89417763676741,Low,0
May,Friday,15,Vegetative/Tillering,-7.540604144801749,0.0,0.16018534278252256,6.666995943603184,46.06118551636667,29.505034467216785,25.0264824664525,25.855892151185902,Low,0
May,Friday,16,Vegetative/Tillering,-6.43789098829448,0.0,0.16379577985377175,6.657323791471466,46.38528772876562,28.6801123985482,19.3416978562747,31.129052503508433,Low,0
May,Friday,17,Vegetative/Tillering,-6.652101967542555,0.0,0.11273514223062847,6.743813146390692,47.54396540891657,27.35374687754176,25.523391037569304,28.106118802989787,Low,0
May,Friday,18,Vegetative/Tillering,-6.852084778662997,0.0,0.12913693879210308,6.630710835450419,47.67202326043539,27.081099297887306,26.790271765340318,26.363093479554045,Low,0
May,Friday,19,Vegetative/Tillering,-6.923683158360264,0.0,0.16190423374653756,6.767446599401968,43.50922794271828,24.157179724817784,26.652512511065527,29.67383045166117,Low,0
May,Friday,20,Vegetative/Tillering,-7.751204117556645,0.0,0.06035058947883455,7.060200853276138,44.518469472728256,21.856378100738315,26.69785151582044,27.033678178544502,Low,0
May,Friday,21,Vegetative/Tillering,-8.20080617643196,0.0,0.10437766492064003,6.958616215694867,43.21195280583192,22.845140430370282,24.6806373929033,22.467374089936026,Low,0
May,Friday,22,Vegetative/Tillering,-8.605336148409702,0.0,0.19062549835189257,6.9767030195842,44.903329283737364,21.721992151154378,25.22881727276493,30.722411745277427,Low,0
May,Friday,23,Vegetative/Tillering,-8.422211597760231,0.0,0.1304757700671161,6.528925838919683,39.59769817775337,22.80177721009114,22.820968466258403,26.17150265100012,Low,0
May,Saturday,0,Vegetative/Tillering,-8.777402749295561,0.0,0.08047743703537981,6.559487319284098,41.67122136228323,22.706072747313467,21.110183003472542,22.120349806790017,Low,0
May,Saturday,1,Vegetative/Tillering,-8.929605911942945,0.0,0.12410488027508002,6.8183429981099355,41.10543651660776,22.223477865754802,26.780622989860326,23.761351135822792,Low,0
May,Saturday,2,Vegetative/Tillering,-8.621528727426345,0.0,0.15575024572938967,6.908818087717027,44.72847298201998,22.82764925766946,24.864390752505656,30.5796302197895,Low,0
May,Saturday,3,Vegetative/Tillering,-8.447370863113875,0.0,0.03087134719349964,6.701284079724239,43.13921678979692,21.18476805575332,30.33950673699904,23.801917771856434,Low,0
May,Saturday,4,Vegetative/Tillering,-8.751000371083279,0.0,0.12617000360168826,6.649354179067983,46.08978840070487,22.50536969705999,20.554048940959422,31.133478034880074,Low,0
May,Saturday,5,Vegetative/Tillering,-9.235949969460878,0.0,0.10696549058926294,7.033319925097134,42.65814683710666,22.004787692266614,27.973056397432877,27.96303563881842,Low,0
May,Saturday,6,Vegetative/Tillering,-8.838965566714641,0.0,0.06253006557470683,6.865985637088241,41.46603665150583,24.66481086182762,33.46446179462184,29.54515205416201,Low,0
May,Saturday,7,Vegetative/Tillering,-8.66185121269921,0.0,0.12286745392956082,6.938740189620871,43.19087448263981,24.27982752736268,26.551460705447486,27.1184006276477,Low,0
May,Saturday,8,Vegetative/Tillering,-9.585494588591027,0.0,0.11522319188838433,6.652504645385314,39.78667536864262,25.368956273113714,27.091755727953874,29.068828806472403,Low,0
May,Saturday,9,Vegetative/Tillering,-9.805718608641092,0.0,0.11915684117308264,6.624992138892737,41.68506752024222,26.260277026027403,28.379040309914473,28.551834673608198,Low,0
May,Saturday,10,Vegetative/Tillering,-9.78985826774602,0.0,0.1078108782914333,6.8381906565816735,37.339944730827526,29.673976817179653,28.613558371617184,27.664091307164913,Low,0
May,Saturday,11,Vegetative/Tillering,-9.512044826569312,0.0,0.0842531856816051,6.625668473639933,39.02370046309098,29.30272476760033,25.874477990318063,25.09681983608754,Low,0
May,Saturday,12,Vegetative/Tillering,-9.226735100348932,0.0,0.06908190082406136,6.55942561005252,42.2672155962724,29.541341643794254,24.075111369855527,28.65673760594061,Low,0
May,Saturday,13,Vegetative/Tillering,-9.275838841203363,0.0,0.09582585209038814,6.488464050882553,43.68949967855917,30.64403937120725,29.05816239265159,23.21785642279493,Low,0
May,Saturday,14,Vegetative/Tillering,-9.194282236545629,0.0,0.15007382399266228,6.5600538994261886,37.02978544001209,30.69419836257911,21.375815837749066,30.08916997090587,Low,0
May,Saturday,15,Vegetative/Tillering,-9.368791616859435,0.0,0.1281574602804361,6.818666339915757,43.76384255151819,30.089913289786974,29.59668496015123,28.252904261783108,Low,0
May,Saturday,16,Vegetative/Tillering,-9.858751517188026,0.0,0.11757893346936935,6.411078542816092,39.55872610189273,28.64545219819173,25.92460442779544,28.92090793688188,Low,0
May,Saturday,17,Vegetative/Tillering,-10.099347868460654,0.0,0.08360811478249787,6.813375386436218,35.493815191820104,27.49027052437925,27.10925546226145,21.21815023317876,Low,0
May,Saturday,18,Vegetative/Tillering,-10.181815355110336,0.0,0.10691297735010262,6.594545129823417,33.06018746395652,26.031699573485028,25.52317638625489,24.946082406131858,Low,0
May,Saturday,19,Vegetative/Tillering,-10.275219455613641,0.0,0.14580051454250245,6.708281661676046,35.7807011749107,24.42428448415361,31.392647870564872,26.496001184118338,Low,0
May,Saturday,20,Vegetative/Tillering,-11.183554005834953,0.0,0.1376674316869922,6.745452173138058,36.620060674305314,22.714908156721187,27.847032122273784,29.44461226024314,Low,0
May,Saturday,21,Vegetative/Tillering,-11.287294400236666,0.0,0.10329803955795497,6.724007490089617,36.27869736381423,23.25056220104444,26.134786040163558,25.403389324492125,Low,0
May,Saturday,22,Vegetative/Tillering,-11.162202862535636,0.0,0.028600924698626934,6.724515048270905,37.97711399933309,22.42013188962068,26.050291313074766,34.130426052418414,Low,0
May,Saturday,23,Vegetative/Tillering,-11.194715313570459,0.0,0.09638033294434466,6.706692571098548,35.53370889230898,21.72155738733571,26.65552859599639,27.102135101622338,Low,0
May,Sunday,0,Vegetative/Tillering,-11.350003655428585,0.0,0.10310569188362768,6.6757499691277955,34.043910134079056,22.259566637516773,35.19082052960134,26.41834457091837,Low,0
May,Sunday,1,Vegetative/Tillering,-11.140202671374274,0.0,0.08825129218040334,7.005388868628964,35.937340813379954,22.978024654987998,24.048734929061094,28.49120865601945,Low,0
May,Sunday,2,Vegetative/Tillering,-11.653082809331538,0.0,0.10553884759011033,6.802822212393205,35.59982183142747,20.945777633292124,31.248646542897227,26.580964683150196,Low,0
May,Sunday,3,Vegetative/Tillering,-12.331099757802805,0.0,0.14857925448683265,6.7755733335639725,34.36690617118383,20.95039824370243,29.70431586126987,25.99747961860119,Low,0
May,Sunday,4,Vegetative/Tillering,-12.330464730579255,0.0,0.118694624146522,6.649818196519917,32.32855524806498,23.10962089711386,32.619435257236226,31.485782401744345,Low,0
May,Sunday,5,Vegetative/Tillering,-11.824495598111968,0.0,0.15463936167667297,6.685203638394261,36.924103965202,23.591098253481064,29.887200385574566,30.241434861710115,Low,0
May,Sunday,6,Vegetative/Tillering,-10.972145124385083,0.0,0.06720697700241085,6.676646582915187,35.924058158027734,21.36283997198442,28.010089001100454,30.24869440384463,Low,0
May,Sunday,7,Vegetative/Tillering,-10.648234511668154,0.0,0.10932275797157698,6.886728927619858,36.20480244734663,24.23553488831683,31.06008288586114,32.15021605729268,Low,0
May,Sunday,8,Vegetative/Tillering,-11.387242904967934,0.0,0.052134226120424995,6.59395565709613,35.085834009140385,25.52643382260685,28.689306473047882,30.175013305802548,Low,0
May,Sunday,9,Vegetative/Tillering,-11.474423701491606,0.0,0.10506978645571032,6.300861928227173,38.11106346782537,27.154254325076568,30.264868091818933,26.28981565809215,Low,0
May,Sunday,10,Vegetative/Tillering,-11.33949668957387,0.0,0.08340198906458143,6.689884296742439,36.019615039141385,28.87407666674937,32.28465839145768,30.729942293233396,Low,0
May,Sunday,11,Vegetative/Tillering,-11.270846794985665,0.0,0.1648438491699934,6.6339828296372,35.06094068589486,28.548454760010753,28.27755992146745,26.141786524985665,Low,0
May,Sunday,12,Vegetative/Tillering,-11.061718972641156,0.0,0.1343399202045227,6.5677283815187755,38.80408996655831,29.288649297060665,26.726845055045157,27.763236627572745,Low,0
May,Sunday,13,Vegetative/Tillering,-11.549910253366537,0.0,0.15551903234575548,6.824570115665639,40.065712471817804,30.13399906166302,26.0685644072527,28.8440380466368,Low,0
May,Sunday,14,Vegetative/Tillering,-11.539676206275166,0.0,0.10497282611544746,6.16959462916425,36.2241423735575,30.05812281913926,29.351621222790296,28.59038281623557,Low,0
May,Sunday,15,Vegetative/Tillering,-11.381102274053303,0.0,0.0843098666009175,6.9659941288145,38.65303946400294,28.681986858672015,25.36549477316195,24.48037545654001,Low,0
May,Sunday,16,Vegetative/Tillering,-11.070109049262411,0.0,0.08319529519115465,6.863421446886914,39.00389418291979,29.261369999575585,26.95058510715802,26.53932196749234,Low,0
May,Sunday,17,Vegetative/Tillering,-11.541675100607371,0.0,0.12929037482698003,6.594017368079217,34.58870025522564,27.028869636381042,25.09729371489304,28.90206170130069,Low,0
May,Sunday,18,Vegetative/Tillering,-11.741638954559422,0.0,0.18335565229676987,6.648729593675755,35.37333487000985,25.508615828086988,29.525017355256594,27.431616557241824,Low,0
May,Sunday,19,Vegetative/Tillering,-12.973335600220047,0.0,0.1344333802207171,6.837570233705767,29.798905300063915,24.381294503834432,25.743532688263265,31.773977954273363,Low,0
May,Sunday,20,Vegetative/Tillering,-13.090639524162453,0.0,0.1068831294749346,6.874040777484189,31.67258060928684,22.271873379146,24.139801262857432,32.20204774944875,Low,0
May,Sunday,21,Vegetative/Tillering,-13.140062702672598,0.0,0.11339302007056958,6.652726543882249,30.711468775334318,23.044981450324652,24.66767373124342,26.157368376323262,Low,0
May,Sunday,22,Vegetative/Tillering,-13.395244730751562,0.0,0.11890448838868709,6.497056254758041,30.54564073184498,21.628261969759468,26.286734917227108,29.10772020103336,Low,0
May,Sunday,23,Vegetative/Tillering,-13.069544911829452,0.0,0.1909324896062356,7.174108328981122,30.633302148848642,21.257090722349222,26.559097543309676,32.915127044587216,Low,0
May,Monday,0,Vegetative/Tillering,-13.032017401927034,0.0,0.16317629980422088,6.952694779753982,31.648964618983985,22.127169948961114,29.654357936660496,29.820705236959157,Low,0
May,Monday,1,Vegetative/Tillering,-13.978532410690484,0.0,0.1290985651452628,6.804385711017763,31.015987586872665,22.42318893834801,28.415130133920584,29.138801311700703,Low,0
May,Monday,2,Vegetative/Tillering,-13.66709262034136,0.0,0.12384061887321372,6.823403616192378,30.459993890300744,21.382395244721984,30.010932381273115,32.30680240070054,Low,0
May,Monday,3,Vegetative/Tillering,-13.903830613403825,0.0,0.13047736866294568,6.905365107869776,26.40206013232005,21.264797150639794,30.25183757362517,29.47074550445255,Low,0
May,Monday,4,Vegetative/Tillering,-13.463332384439454,0.0,0.1372996484249077,6.908078818100046,29.69576114754834,22.52083822587039,31.121498534285603,33.333425457898855,Low,0
May,Monday,5,Vegetative/Tillering,-13.875001879940998,0.0,0.10553807164585416,6.410422364859945,27.1611967830251,21.76877554614803,23.176526269580116,28.669383678993643,Low,0
May,Monday,6,Vegetative/Tillering,-13.63703200774367,0.0,0.09045723684181772,6.731148184318323,31.259243633378727,21.212990626394465,25.518329885950017,28.969780164645023,Low,0
May,Monday,7,Vegetative/Tillering,-13.574973992503653,0.0,0.1561277091194203,6.656719000300695,31.926697146099606,24.927440505501764,30.564660168863153,32.13164116773925,Low,0
May,Monday,8,Vegetative/Tillering,-13.262679873873388,0.0,0.12076939557001944,6.7033322488506615,32.18266474641219,25.34063417459879,29.534237025889684,30.40760930870495,Low,0
May,Monday,9,Vegetative/Tillering,-13.0821760176432,0.0,0.1532054777535239,6.8270013942960945,30.527968771057544,28.282767697962154,31.83079886066356,30.42726514279891,Low,0
May,Monday,10,Vegetative/Tillering,-13.10802858726614,0.0,0.1776155562071755,6.360499137068207,32.534439248823695,28.65242849263178,24.267947114444837,25.38292130603127,Low,0
May,Monday,11,Vegetative/Tillering,-13.7185783264921,0.0,0.13822151569348462,6.422376000105638,29.63518350488121,29.818558032863596,27.47453628101665,29.272716681108804,Low,0
May,Monday,12,Vegetative/Tillering,-14.229754277674004,0.0,0.13254919678495247,6.539707540914931,27.072138834081883,30.005223500577106,28.01086019069688,32.31634364039179,Low,0
May,Monday,13,Vegetative/Tillering,-14.280053267934498,0.0,0.23200850431809728,6.7165190696985295,30.711731996375065,28.250870204363444,29.399691363965804,28.196975044664946,Low,0
May,Monday,14,Vegetative/Tillering,-14.076105091525317,0.0,0.12724570448979364,6.823307698832092,31.353403287786783,29.264994104611624,29.007632123606292,31.907920164099515,Low,0
May,Monday,15,Vegetative/Tillering,-14.18084352056285,0.0,0.08183086172537782,6.963905464889343,31.363766512816174,29.48218337544437,30.307233346051845,30.826224554956074,Low,0
May,Monday,16,Vegetative/Tillering,-13.723648637042063,0.0,0.11015711687398044,6.627134716477141,29.346546071034137,28.9214351695784,28.55603811648045,29.656962231213594,Low,0
May,Monday,17,Vegetative/Tillering,-13.74235094032293,0.0,0.17430896491109396,6.873018875778107,32.87708236861112,25.931179196959373,33.01700881286405,33.550636657339176,Low,0
May,Monday,18,Vegetative/Tillering,-14.068710868161833,0.0,0.07470414274019838,6.853281417888053,28.747929413755465,25.803188546652095,33.97362783451649,29.30663993563356,Low,0
May,Monday,19,Vegetative/Tillering,-14.038598377285233,0.0,0.09366391385464569,6.861140104164434,31.114366537592467,23.257356201879286,25.546309739801956,29.480882413641947,Low,0
May,Monday,20,Vegetative/Tillering,-13.781026256241622,0.0,0.1587249382088981,6.769688988848047,29.403711661486756,22.562696132071725,29.035333630790603,29.628409039126446,Low,0
May,Monday,21,Vegetative/Tillering,-13.507166022508207,0.0,0.11049327751204381,6.705192060509107,30.634837218488762,22.35947937144014,31.29398282592131,30.35756226999608,Low,0
May,Monday,22,Vegetative/Tillering,-12.562425503293483,0.0,0.11614139745582268,6.5761811012623745,28.507823077317262,22.96980128194366,30.655983945127897,32.07364392178694,Low,0
May,Monday,23,Vegetative/Tillering,-12.88441060237729,0.0,0.15756804870457203,6.560386408935839,31.973588125460676,23.228458344150013,27.676469126992945,26.4748620142349,Low,0
May,Tuesday,0,Vegetative/Tillering,-13.036247404649037,0.0,0.09491125885211138,6.833841849438352,32.395186162412365,22.742191919419223,30.56459465574036,33.52427983734489,Low,0
May,Tuesday,1,Vegetative/Tillering,-12.929323747608295,0.0,0.06859891419672785,6.756754225081608,31.64952377101241,23.06331487117646,25.0496250561666,31.524411835926237,Low,0
May,Tuesday,2,Vegetative/Tillering,-13.02784764347239,0.0,0.07138899101981125,6.706287781699852,35.745541791836544,22.09472601926093,29.742574364655745,32.739253116170005,Low,0
May,Tuesday,3,Vegetative/Tillering,-13.317167795691898,0.0,0.14036231551933676,6.86266314379822,29.213865119688894,24.633493929013717,25.41908888649396,37.333792708148806,Low,0
May,Tuesday,4,Vegetative/Tillering,-14.030083677753392,0.0,0.1290696232840778,6.75541277908196,28.70063669918401,21.399944722804094,31.323936892096956,30.075015663781276,Low,0
May,Tuesday,5,Vegetative/Tillering,-14.171006037842497,0.0,0.09576017203522345,6.61883582165357,27.6798402892063,21.952795377672544,26.452126155702757,28.292490238527897,Low,0
May,Tuesday,6,Vegetative/Tillering,-14.543820167156447,0.0,0.07944229327175031,6.718089044581604,27.467277640833586,23.096086866197513,30.28909952430401,31.838664237896115,Low,0
May,Tuesday,7,Vegetative/Tillering,-15.159916873660968,0.0,0.11052994061978966,6.888853204764349,29.179025629095086,24.75734451553931,30.757586771264688,32.23458375763786,Low,1
May,Tuesday,8,Vegetative/Tillering,-15.275737634203647,0.0,0.15907810501876654,6.53472789768452,29.794293266565173,26.235981128254345,30.02759166728025,33.533189990147314,Low,1
May,Tuesday,9,Vegetative/Tillering,-15.49626629637079,0.0,0.09074637161597604,6.731622227037792,24.90737566687222,27.903173341264353,27.90414141120469,30.0082248067111,Low,1
May,Tuesday,10,Vegetative/Tillering,-14.962173958385941,0.0,0.09680605923166033,6.69808127396821,26.14476741442733,26.962806136059406,29.168895249329136,29.278899489035236,Low,0
May,Tuesday,11,Vegetative/Tillering,-14.506885033054344,0.0,0.07833174514287675,6.512741371070754,26.369218623481746,30.85418989884962,33.343215004629165,27.521739533860952,Low,0
May,Tuesday,12,Vegetative/Tillering,-14.805255697627018,0.0,0.107140548881424,6.6095269483774715,30.579957098733765,30.011310530361296,28.52617480041526,27.935432844471883,Low,0
May,Tuesday,13,Vegetative/Tillering,-14.784893805811553,0.0,0.13183276467508032,6.359021328232592,30.258263679884877,31.371715345816682,29.86429032083684,30.314261113421125,Low,0
May,Tuesday,14,Vegetative/Tillering,-15.498306759837465,0.0,0.19403092049650816,6.704021204434117,26.09210017641251,28.547602034280224,28.12963358662349,31.06270432686887,Low,1
May,Tuesday,15,Vegetative/Tillering,-15.508233912209462,0.0,0.1276223529486978,6.42002797679841,23.48804021808353,29.788005746004306,32.8612812986142,36.51700208265877,Low,1
May,Tuesday,16,Vegetative/Tillering,-15.122563442858409,0.0,0.11812126631670433,6.882855948553677,24.592522606227316,28.17885003642836,30.033492325480758,27.122708377371225,Low,1
May,Tuesday,17,Vegetative/Tillering,-14.604101764908938,0.0,0.1502027812094796,6.678635745811822,28.791414664987737,27.82061453613491,27.50807797460908,32.19266998462425,Low,0
May,Tuesday,18,Vegetative/Tillering,-14.851987593471666,0.0,0.14436754431405857,6.618077647693798,28.953905612560998,26.09972627491554,29.82137577559526,29.53932703340937,Low,0
May,Tuesday,19,Vegetative/Tillering,-14.269293897525301,0.0,0.0997818714971661,6.9546805934054134,25.12140503589698,24.448005709649856,29.076904355555556,31.911333475738818,Low,0
May,Tuesday,20,Vegetative/Tillering,-14.918678250227149,0.0,0.2005721025700527,6.60384950829832,27.05255237837908,21.52784664941481,33.977746332689634,29.97107698372523,Low,0
May,Tuesday,21,Vegetative/Tillering,-15.348732925977083,0.0,0.11914658266971165,6.642975706399462,29.89963275676977,22.32942470334511,29.665937480481897,33.942628134281016,Low,1
May,Tuesday,22,Vegetative/Tillering,-14.827651365692136,0.0,0.12827313621245284,6.449772605409455,27.4786183090783,22.230866361656528,25.651753334857528,33.927142652430625,Low,0
May,Tuesday,23,Vegetative/Tillering,-13.935046643740687,0.0,0.13929720055501463,7.00664241427941,33.0351642366036,22.771248033365946,31.295899709348582,31.07141407619227,Low,0
May,Wednesday,0,Vegetative/Tillering,-13.840240163378771,0.0,0.13210553286645338,7.102119261441574,31.581515865802317,23.166437596346775,36.05826230009587,36.14986320130075,Low,0
May,Wednesday,1,Vegetative/Tillering,-13.98622292568047,0.0,0.17338891841061066,6.473822372861326,27.764505776696158,22.49538073760689,34.29079266863876,34.45235500929649,Low,0
May,Wednesday,2,Vegetative/Tillering,-15.069628846464642,0.0,0.09935319413045107,6.645350028149664,26.74754818178115,21.354062169289122,27.39119902364424,36.03348074217995,Low,1
May,Wednesday,3,Vegetative/Tillering,-15.913478195345462,0.0,0.1474183787098447,6.788150498956648,25.050263854081486,22.461063047653415,29.893815567024692,32.44424030086342,Low,1
May,Wednesday,4,Vegetative/Tillering,-15.663066156052965,0.0,0.12575989558847428,6.652717140597532,24.003618089285872,24.46386098272741,30.607950467905653,34.93158020379521,Low,1
May,Wednesday,5,Vegetative/Tillering,-15.66217917446886,0.0,0.15439531182883331,6.751486234970424,23.97103393565285,23.691804261590228,30.644353424317927,30.631425615868377,Low,1
May,Wednesday,6,Vegetative/Tillering,-15.996244366456118,0.0,0.11247550925111027,6.7914001652452365,28.12255070474244,19.99548034979384,31.84288557153652,30.37793574722862,Low,1
May,Wednesday,7,Vegetative/Tillering,-15.758094572735017,0.0,0.10773546253464078,6.822771704912999,23.725851786050058,24.20584199460639,29.667696977041203,38.00164743374477,Low,1
May,Wednesday,8,Vegetative/Tillering,-15.535861416832606,0.0,0.14562257205991042,6.540649728091118,28.370804752419104,26.59176553314474,27.953128508257542,29.837403612374416,Low,1
May,Wednesday,9,Vegetative/Tillering,-14.979349889799224,0.0,0.1325297639981493,6.738922884971732,26.676591307751828,27.217056804815485,33.5554010095268,31.461819251607352,Low,0
May,Wednesday,10,Vegetative/Tillering,-14.874414322316062,0.0,0.09128969941861562,6.487673377021908,27.750126966675104,28.261579123629133,27.329301753189718,27.807066261044646,Low,0
May,Wednesday,11,Vegetative/Tillering,-14.304681162675761,0.0,0.16709643002449903,6.597827881547029,30.292454046055322,29.36917957115256,28.293650376877217,30.437425529704477,Low,0
May,Wednesday,12,Vegetative/Tillering,-14.376572931048633,0.0,0.1456378281287961,6.340642137761161,27.799107619673922,30.61617488580231,27.310656942756623,30.066494422985674,Low,0
May,Wednesday,13,Vegetative/Tillering,-14.506580046019595,0.0,0.11740285333263814,6.597837965231218,29.82001651654204,29.45622402049999,32.53663730635654,30.87635656826166,Low,0
May,Wednesday,14,Vegetative/Tillering,-14.099362800210065,0.0,0.10361191108941095,6.542526621795433,25.56866988039908,31.125374218742085,31.019413928244497,33.30179278181737,Low,0
May,Wednesday,15,Vegetative/Tillering,-14.678543080921886,0.0,0.1327445813905755,6.8392749359650455,29.15091138261675,29.537956549860898,33.35051085911395,33.90467178900317,Low,0
May,Wednesday,16,Vegetative/Tillering,-13.477625384852931,0.0,0.14311698284093743,6.683608700375646,26.216638827209692,27.881632440455,28.344419751231687,30.03505952016883,Low,0
May,Wednesday,17,Vegetative/Tillering,-13.5473667757311,0.0,0.06420737241102097,6.710614603798854,30.532626284848448,28.262398543988827,26.940960648895057,30.57791696509397,Low,0
May,Wednesday,18,Vegetative/Tillering,-13.606506707796237,0.0,0.13314883228829913,6.73930915703774,32.55286987192601,24.609965188851152,29.368297133589323,35.26085890693027,Low,0
May,Wednesday,19,Vegetative/Tillering,-13.590777390349702,0.0,0.14283941458447372,6.373595417096203,32.12672487527747,23.710999394049246,30.152508139718268,36.81531600527457,Low,0
May,Wednesday,20,Vegetative/Tillering,-12.963936831031388,0.0,0.037664299001128,6.424284773952522,29.789730647600788,21.917659947771867,31.3272889233102,35.69187547978428,Low,0
May,Wednesday,21,Vegetative/Tillering,-12.905150016156906,0.0,0.12686663805608514,6.693785722732621,30.188311169036396,24.090153550588905,25.65282510013683,28.43625553479793,Low,0
May,Wednesday,22,Vegetative/Tillering,-13.923348648891151,0.0,0.14431131970384528,6.835236047094958,28.706619162015965,21.826983385088447,32.13619258985103,35.525601189308375,Low,0
May,Wednesday,23,Vegetative/Tillering,-13.43334474255548,0.0,0.14033074099925913,6.7604588479563805,31.63240434258312,20.651027823599915,28.017283785131454,37.186305474619175,Low,0
May,Thursday,0,Vegetative/Tillering,-11.13977993934797,0.0,0.14808569241732888,6.628326165895328,32.70066176547746,21.909547907776687,29.657753049647507,29.51012678147837,Low,0
May,Thursday,1,Vegetative/Tillering,-8.953008831851536,0.0,0.10853516927936131,6.728152034345316,41.986331651859196,22.739440277923823,35.12112859342426,36.456751392092755,Low,0
May,Thursday,2,Vegetative/Tillering,-7.6844518828711905,0.0,0.08360327478635905,6.708590589313006,45.68017422870927,23.002267637266883,25.050409463640406,34.31304153767386,Low,0
May,Thursday,3,Vegetative/Tillering,-5.77088947883533,0.0,0.05700894838821112,6.889777108477514,49.08379088905324,24.19623175475422,32.56750608150086,32.932155726005426,Low,0
May,Thursday,4,Vegetative/Tillering,-4.647348137543345,0.0,0.15822781341988204,6.890135825884014,53.39700640600208,23.500518056788707,32.55618589020246,34.01545711937299,Low,0
May,Thursday,5,Vegetative/Tillering,-3.3380126957020493,0.0,0.144607292282802,6.675005313897163,55.93621784696749,22.525338075132122,29.143645069447732,34.8581514240098,Low,0
May,Thursday,6,Vegetative/Tillering,-2.383235470716115,0.0,0.16089711257899642,6.77858561991804,56.69692635148353,21.66186762594018,30.258987037251934,36.64396263083461,Low,0
May,Thursday,7,Vegetative/Tillering,-0.5696963785465613,0.0,0.09462005244045496,6.780400030263707,58.26034997096927,25.4543894167284,35.26314040645386,36.515036323636465,Low,0
May,Thursday,8,Vegetative/Tillering,1.0108134943009102,0.041666666666666664,0.1734046121494105,6.80566770508913,66.19277854946384,25.55121907267948,37.488770631913084,29.98268170274206,Low,0
May,Thursday,9,Vegetative/Tillering,1.4911787639735572,0.08333333333333333,0.10468563578085098,7.007421766953806,65.1726783030766,26.836392625898185,34.79417760065337,32.12831936956329,Low,0
May,Thursday,10,Vegetative/Tillering,1.9020037071332438,0.125,0.1371178181234877,6.682993534088194,66.90812364739669,28.295992818020984,37.257615003281416,33.98391380227054,Low,0
May,Thursday,11,Vegetative/Tillering,2.0466559864873317,0.16666666666666666,0.1755756022399576,6.894160259475645,69.37022280349576,28.580920352101906,29.526004225997355,37.68054684231117,Low,0
May,Thursday,12,Vegetative/Tillering,2.824126979555359,0.20833333333333334,0.2138154415328087,6.456648937656384,73.11257151780157,29.802407224517808,26.859747800621463,26.93127119517982,Low,0
May,Thursday,13,Vegetative/Tillering,2.8343531275575655,0.25,0.249624263865335,6.544891011540614,70.22632725925413,30.188513336017266,31.44213547458113,32.22291148444051,Low,0
May,Thursday,14,Vegetative/Tillering,2.789741916108942,0.2916666666666667,0.18134130561377937,6.2666673762063905,71.3035102715532,30.75894858210428,34.01457590831702,29.930273316032235,Low,0
May,Thursday,15,Vegetative/Tillering,3.371196604224783,0.3333333333333333,0.17397867484300233,6.700650973074674,68.7019131678337,29.272280275138538,26.035749681649264,30.326556104757756,Low,0
May,Thursday,16,Vegetative/Tillering,3.1808592419553836,0.375,0.16742127032478457,6.814819044880489,71.62510934268299,27.61568446627343,28.8206294520206,36.21433773860688,Low,0
May,Thursday,17,Vegetative/Tillering,3.2375188170916265,0.4166666666666667,0.17686336235144043,6.261332169885674,71.15023328566558,26.07990069066451,29.15381472096138,32.42028601764261,Low,0
May,Thursday,18,Vegetative/Tillering,2.5899763310188524,0.4583333333333333,0.2624853461521005,6.756185660501966,72.17439835569762,26.01372571095896,32.669690687161065,27.915755063278837,Low,0
May,Thursday,19,Vegetative/Tillering,3.0632349344934737,0.5,0.2230714487020429,6.858058840185343,69.77084689072683,24.21326815442589,32.28285869124876,33.35390237441806,Low,0
May,Thursday,20,Vegetative/Tillering,4.031636921510791,0.5416666666666666,0.2597295378004559,6.882029519875477,72.69265337730116,21.931549831029464,29.274517679486966,38.83964872115173,Low,0
May,Thursday,21,Vegetative/Tillering,4.323410937981046,0.5833333333333334,0.21972077789822986,6.567229475919667,75.9938151854201,22.001034831606344,32.13943359307238,29.233272007940492,Low,0
May,Thursday,22,Vegetative/Tillering,4.917743032059986,0.625,0.24288587191754357,6.911374751963014,75.11851569215467,22.685789546239334,28.165584445709996,35.08234343867868,Low,0
May,Thursday,23,Vegetative/Tillering,4.402130913081766,0.6666666666666666,0.2545275305355925,6.7618632544851,71.8474314288217,23.487437002951477,30.320725562153065,37.66925952953438,Low,0
May,Friday,0,Vegetative/Tillering,4.302922956607454,0.7083333333333334,0.2098701174628535,6.8926235064147,78.93028164243813,21.75088433268481,28.70563224192785,34.82435996747325,Low,0
May,Friday,1,Vegetative/Tillering,3.6995183543706536,0.75,0.20229218283013267,6.753153745612949,70.22165852381609,22.446122268972346,32.04928651661556,39.76791746599697,Low,0
May,Friday,2,Vegetative/Tillering,3.514335733691602,0.7916666666666666,0.18424374227305565,6.83396248122192,71.8050055977608,23.14161632320426,30.09853222342793,33.29838961926297,Low,0
May,Friday,3,Vegetative/Tillering,3.81521657250599,0.8333333333333334,0.19971816982115073,6.985850815489707,73.34989608606561,21.7541085678422,34.57112506020572,38.562766762366,Low,0
May,Friday,4,Vegetative/Tillering,3.780085217481518,0.875,0.21621638187465425,6.7403386156363245,73.10743954001786,22.362494308349355,32.421438787827206,37.97275972050612,Low,0
May,Friday,5,Vegetative/Tillering,3.0732596367961644,0.9166666666666666,0.16807163650416554,6.828469812838459,70.496335720298,22.344603517529865,31.81977174465252,34.86658496977696,Low,0
May,Friday,6,Vegetative/Tillering,2.5109846345971567,0.9583333333333334,0.19278388013445744,7.017568907966744,69.15684238198057,21.325963811965185,37.80437310698382,31.22990627813546,Low,0
May,Friday,7,Vegetative/Tillering,1.9959978265153153,1.0,0.179860306757172,6.724169072722298,67.82053105106084,24.289966507463014,33.64986453105591,32.4435918543495,Low,0
May,Friday,8,Vegetative/Tillering,2.3908914855058687,1.0416666666666667,0.17349858463768034,6.521859105387427,67.00627184803135,25.87130565582401,31.395537749104214,29.08744894737371,Low,0
May,Friday,9,Vegetative/Tillering,3.430311895303133,1.0833333333333333,0.17679670243785858,6.817082975129877,76.03318697757298,27.806985814546714,30.74879395874175,36.433291482949215,Low,0
May,Friday,10,Vegetative/Tillering,3.9984188842052344,1.125,0.22363417881844602,6.955575829709452,72.65622348666582,27.68014268001567,28.95648218220625,36.13366793960513,Low,0
May,Friday,11,Vegetative/Tillering,3.0088734784552407,1.1666666666666667,0.17755017725806832,6.900620123535735,71.91515833393876,29.590727251428333,32.30234834363563,35.14596029655097,Low,0
May,Friday,12,Vegetative/Tillering,3.6378598080473545,1.2083333333333333,0.21257729104989506,6.772000639713508,71.56155782395045,31.279810548379235,33.42284062712991,34.64113205026384,Low,0
May,Friday,13,Vegetative/Tillering,3.948001933811737,1.25,0.25713450970441365,6.209996636880537,72.2656772964372,32.03699986552983,26.756872022497205,38.34189603363302,Low,0
May,Friday,14,Vegetative/Tillering,3.086141132034597,1.2916666666666667,0.1533006242022238,6.530072208451186,69.99585139154374,31.198526712631875,28.408049419064714,35.69241208652401,Low,0
May,Friday,15,Vegetative/Tillering,2.893736858196333,1.3333333333333333,0.2684154432461765,6.577655506140927,67.3452768836927,28.64109373869916,30.95169163219941,33.56130377365527,Low,0
May,Friday,16,Vegetative/Tillering,3.349907982880968,1.375,0.20120937385945328,6.685718900448374,71.2185368786728,28.99049400537914,29.20545785231934,35.31598731345031,Low,0
May,Friday,17,Vegetative/Tillering,3.492030024154566,1.4166666666666667,0.2217151251905714,7.011741652875806,71.0668567493321,26.97640115490098,32.62977245807782,40.06667944191328,Low,0
May,Friday,18,Vegetative/Tillering,2.775797491642778,1.4583333333333333,0.16304868413260526,6.5269046501480386,72.50496299831222,26.073190387444402,33.046456128720656,36.503333891270664,Low,0
May,Friday,19,Vegetative/Tillering,3.0254338918773565,1.5,0.23561325153089163,7.163035464341922,68.36764110533663,23.537394107028973,32.13307789620101,33.97312113075204,Low,0
May,Friday,20,Vegetative/Tillering,2.0083070784372694,1.5416666666666667,0.16581075053015829,6.728617647912864,67.16564263313974,21.00422124651816,34.150522964152486,34.83673555799003,Low,0
May,Friday,21,Vegetative/Tillering,2.00297032053161,1.5833333333333333,0.1562801171703192,6.642966970439177,66.5102478357677,22.099386209040134,30.74526316729624,36.10636350198088,Low,0
May,Friday,22,Vegetative/Tillering,2.620879466331651,1.625,0.16537896091364618,6.9203406158568015,72.67517150721957,22.953082157288012,32.362285418618384,33.89520157609287,Low,0
May,Friday,23,Vegetative/Tillering,2.6602960492867345,1.6666666666666667,0.17711018032954653,6.939793770962656,68.14589362857882,22.60539980437905,29.49005924549396,33.67405532969407,Low,0
May,Saturday,0,Vegetative/Tillering,2.318521593792605,1.7083333333333333,0.19260519614816693,6.889030069665299,70.18905151455452,22.697358287931483,34.253859121877554,36.11752840715822,Low,0
May,Saturday,1,Vegetative/Tillering,2.6620054069581096,1.75,0.19259850934602288,6.6357768120991665,71.82913592351142,22.548080258383504,33.62772446645899,39.94355862128822,Low,0
May,Saturday,2,Vegetative/Tillering,3.007651855661825,1.7916666666666667,0.19379620573268608,6.862385733294884,70.42611863075756,22.69862197987657,29.804395034664456,38.12327461624301,Low,0
May,Saturday,3,Vegetative/Tillering,3.465935578826327,1.8333333333333333,0.18174863984241446,6.584480464988841,69.06462338730223,22.79860940726936,32.93482187438574,35.122011179681074,Low,0
May,Saturday,4,Vegetative/Tillering,3.671782824265842,1.875,0.18487349901927191,6.636666921631018,69.58397106071064,22.155254856836304,33.286534380198916,38.31836565153671,Low,0
May,Saturday,5,Vegetative/Tillering,3.946871140517394,1.9166666666666667,0.20254117862264429,6.7588036837241985,74.6920188668339,22.441312449135694,34.24303570966037,36.16726686293423,Low,0
May,Saturday,6,Vegetative/Tillering,4.0283069205807385,1.9583333333333333,0.23681732294014346,6.608362451519365,70.64674857179405,23.769606699895753,34.35435551971346,37.007304202473655,Low,0
May,Saturday,7,Vegetative/Tillering,3.886351098178901,2.0,0.24033787310643664,6.937962800195383,73.61129585774917,24.268792294851426,31.236442183168975,36.77989288696419,Low,0
May,Saturday,8,Vegetative/Tillering,3.680165128001897,2.0416666666666665,0.2399006750914781,6.620228033604718,72.56109452684574,25.8801207101036,35.690933973798145,30.870190894655828,Low,0
May,Saturday,9,Vegetative/Tillering,3.34801225765483,2.0833333333333335,0.20364896516751246,6.661139490399637,72.28949438699364,27.445226020650985,34.969167036517774,28.52724334647226,Low,0
May,Saturday,10,Vegetative/Tillering,2.613413698595166,2.125,0.19876001039700303,6.527234433622308,70.71536249232017,28.455325045091264,31.22626122938358,36.712386885354405,Low,0
May,Saturday,11,Vegetative/Tillering,2.0855166239218415,2.1666666666666665,0.16624214092714415,6.860752773472258,66.63789832857663,29.23446617224271,29.97190886495689,34.01368016374088,Low,0
May,Saturday,12,Vegetative/Tillering,1.9218266685908283,2.2083333333333335,0.10706523703227781,6.537476652862852,66.1613276465885,30.341366116946933,31.455545064117274,32.04767685889741,Low,0
May,Saturday,13,Vegetative/Tillering,2.0039311624880707,2.25,0.16254084142832284,6.8685055809175655,69.73928905817216,29.97042783843268,28.985056157108062,34.09081002791469,Low,0
May,Saturday,14,Vegetative/Tillering,2.602435357730548,2.2916666666666665,0.1719244520557424,6.853967675042713,68.48715563742452,30.058011353872814,34.024019536222546,38.45743965506983,Low,0
May,Saturday,15,Vegetative/Tillering,2.4398263117150387,2.3333333333333335,0.14462907563785915,6.59797554115988,63.8552861641058,28.950339177998323,36.95067976922747,37.04039755039257,Low,0
May,Saturday,16,Vegetative/Tillering,2.762568603073333,2.375,0.16920541892548518,6.687099285936407,71.42767524314374,28.716061303371692,37.66463817377785,38.07523634038313,Low,0
May,Saturday,17,Vegetative/Tillering,3.069359567438245,2.4166666666666665,0.20146218868614033,6.609778268664608,68.79394038571427,27.83027437021069,30.131975746971328,37.27857222758075,Low,0
May,Saturday,18,Vegetative/Tillering,2.7416870579258235,2.4583333333333335,0.14887853894916794,6.8255818887710795,71.01432069483246,25.676538025011734,35.760412781140786,33.84875336983715,Low,0
May,Saturday,19,Vegetative/Tillering,2.833319988333515,2.5,0.16595550820878455,6.739268193128712,73.08561167063436,22.54846472213906,33.653502633625564,38.08719543818616,Low,0
May,Saturday,20,Vegetative/Tillering,2.5398212152940864,2.5416666666666665,0.23767210092669727,6.694644021992236,69.6290958312297,22.847297235244376,26.212178961699813,37.61018249663763,Low,0
May,Saturday,21,Vegetative/Tillering,2.999748054098977,2.5833333333333335,0.13889897994666373,6.783745043270091,72.69092699316461,22.47114707420781,32.402808554043204,35.85212504849915,Low,0
May,Saturday,22,Vegetative/Tillering,3.0966017176336784,2.625,0.19100366735459332,6.503994939965503,71.23943948339323,21.58041483998923,32.06895081042012,36.292933804779906,Low,0
May,Saturday,23,Vegetative/Tillering,2.369866543234069,2.6666666666666665,0.13842583577910877,6.753943073027206,72.36253836004407,22.993616193858617,37.03245368792412,38.12699797504465,Low,0
May,Sunday,0,Vegetative/Tillering,2.2104046539838635,2.7083333333333335,0.14895282842568278,6.910586257033679,66.68075695204706,21.256259839427322,31.68713647306283,35.47012671072094,Low,0
May,Sunday,1,Vegetative/Tillering,2.7549139417902255,2.75,0.18195204550812166,6.789179897063117,70.09536349946356,23.211326092259576,35.98919304157679,40.063457412455186,Low,0
May,Sunday,2,Vegetative/Tillering,2.411805357726912,2.7916666666666665,0.14572996965116589,6.948861581266242,70.63465606862752,22.32910670428223,33.97873499503902,38.756484911620944,Low,0
May,Sunday,3,Vegetative/Tillering,2.409905936799399,2.8333333333333335,0.20033521995780995,6.736187725089588,68.90295073429847,20.559907939698135,29.962572990142114,37.349394741763994,Low,0
May,Sunday,4,Vegetative/Tillering,2.4602331607488694,2.875,0.22879610071075618,6.692062716734116,71.70899757910264,22.51766366981059,32.643444074325885,41.171841011402826,Low,0
May,Sunday,5,Vegetative/Tillering,1.7962839124414556,2.9166666666666665,0.194365832574632,6.580631887701381,66.94700231083793,22.05004610552725,38.89489438016711,34.107921079207465,Low,0
May,Sunday,6,Vegetative/Tillering,1.9232560751790664,2.9583333333333335,0.20394286099970704,6.710523108863107,72.25455688368753,21.92952056654149,33.77988835389684,36.19328806907901,Low,0
May,Sunday,7,Vegetative/Tillering,1.1737381050599134,3.0,0.10105270386048935,7.112885869556303,70.56136646068828,23.56498686248554,37.01760117845074,35.63812300266268,Low,0
May,Sunday,8,Vegetative/Tillering,0.8699525005896682,3.0416666666666665,0.13324132675107203,6.775933346529772,66.1520299938698,25.744297280252567,36.853162863175534,38.23897761601916,Moderate,0
May,Sunday,9,Vegetative/Tillering,1.3665160514909753,3.0833333333333335,0.1705226386446445,6.602481969107278,67.88484088428757,26.974767469936154,32.95520844634529,40.29978266275211,Moderate,0
May,Sunday,10,Vegetative/Tillering,1.4598774682543334,3.125,0.18698861870036712,6.524229956170025,69.38704879505967,27.144299665193532,30.44973257152004,34.88619515243267,Moderate,0
May,Sunday,11,Vegetative/Tillering,1.2307950757561466,3.1666666666666665,0.21213723163524756,6.365758390573717,64.07951338388001,30.600405252561117,30.84454501282911,45.60749516809415,Moderate,0
May,Sunday,12,Vegetative/Tillering,1.359024558043954,3.2083333333333335,0.19139199965811196,6.513345099916406,64.13765891014992,29.978937172685143,38.65500112757224,35.68685925827886,Moderate,0
May,Sunday,13,Vegetative/Tillering,1.2286708085513012,3.25,0.1820938720423685,6.802313051727495,68.9616477682384,29.78945198729739,34.755212235754634,38.245458681854046,Moderate,0
May,Sunday,14,Vegetative/Tillering,1.1374505547457774,3.2916666666666665,0.24061210918752207,6.596559015545171,66.77785827713586,29.271684351418322,29.09853660706127,37.35046575627313,Moderate,0
May,Sunday,15,Vegetative/Tillering,1.338760915160623,3.3333333333333335,0.15683984073527094,6.487039036376611,66.26001570442592,30.199336597181688,36.80188158334171,37.459141283874196,Moderate,0
May,Sunday,16,Vegetative/Tillering,0.8812169922894224,3.375,0.13191337946878065,6.545963324606831,65.63716738725694,27.59090628446702,28.939446196966422,35.36272128894992,Moderate,0
May,Sunday,17,Vegetative/Tillering,0.8283009637136831,3.4166666666666665,0.14691505072095778,6.817354920143845,60.7158393681847,27.470108256356244,31.821627269260112,40.01261618631408,Moderate,0
May,Sunday,18,Vegetative/Tillering,0.622451474554107,3.4583333333333335,0.10353444041481465,6.717185385759683,64.61275891001584,25.3791507114416,34.54388311772062,35.20894686338382,Moderate,0
May,Sunday,19,Vegetative/Tillering,-0.12591028260841397,0.0,0.12236718250187324,6.643580729294171,61.69172184335336,23.734831743200644,41.86125723970697,32.921427289836664,Low,0
May,Sunday,20,Vegetative/Tillering,-0.465289844807525,0.0,0.05956017321778813,6.734607807851888,64.2194476396921,21.49215237521928,36.7480032350606,34.53875641943138,Low,0
May,Sunday,21,Vegetative/Tillering,0.3705287356994456,0.041666666666666664,0.11073005211261296,7.181377795788797,66.37933052244668,21.878744453982673,32.85283079615004,40.95703904825605,Low,0
May,Sunday,22,Vegetative/Tillering,0.566913537598212,0.08333333333333333,0.1301361525676596,6.996301404658934,66.01395295849552,22.382049913205485,34.384942888030686,40.46992546952486,Low,0
May,Sunday,23,Vegetative/Tillering,-0.021117893172853064,0.0,0.15323723517985655,7.038403812624384,64.24023435398344,22.563249781079193,37.05912764980681,32.32566079261774,Low,0
May,Monday,0,Vegetative/Tillering,-0.7672430794826607,0.0,0.15888816905352265,6.470923399562047,58.663923111801076,21.746526014973618,39.465589872498995,40.575990662468115,Low,0
May,Monday,1,Vegetative/Tillering,-0.7535428924170497,0.0,0.08627340273371215,6.750767802818599,62.87278321819283,22.302252478050068,34.457081509723174,33.58683435765033,Low,0
May,Monday,2,Vegetative/Tillering,0.023064830228532007,0.041666666666666664,0.19323779094443905,6.650151508981196,64.81415148359525,23.085763544776338,34.54414919901969,38.47359703796636,Low,0
May,Monday,3,Vegetative/Tillering,-0.08547939660950259,0.0,0.12519307174538258,6.894717777933481,65.78523475567465,21.04489715444074,32.709854483232434,35.52228776759166,Low,0
May,Monday,4,Vegetative/Tillering,0.5011505405108502,0.041666666666666664,0.1409303373238482,6.967715465804498,68.93918092208642,22.36998482112651,37.19547604183486,40.768620507095726,Low,0
May,Monday,5,Vegetative/Tillering,0.5807664549736691,0.08333333333333333,0.07789988939975027,6.847041125670433,61.50871814479358,21.61437284367826,38.27791597828577,39.928318924964785,Low,0
May,Monday,6,Vegetative/Tillering,0.7045996350857853,0.125,0.11591298222294263,6.6324626023866955,64.41408547296946,21.532852662306773,29.383945248610743,40.99061481121218,Low,0
May,Monday,7,Vegetative/Tillering,-0.0037103997473387773,0.0,0.15674383340363673,6.628057948929763,62.0065617662911,24.363976682048996,34.00958195840014,37.80356713894637,Low,0
May,Monday,8,Vegetative/Tillering,0.4052073935678948,0.041666666666666664,0.13607243103415584,6.843054724833817,64.8175121213331,25.409868738006416,31.55966193468681,38.063344317561985,Low,0
May,Monday,9,Vegetative/Tillering,0.17648495175118487,0.08333333333333333,0.1281856392126302,6.8462710324694696,63.95036760063892,26.389475913881785,35.65272087077806,34.79355219422267,Low,0
May,Monday,10,Vegetative/Tillering,0.5087464404087054,0.125,0.14066968698035948,6.69253525083773,64.2528273108206,29.689078413400228,31.48616132664241,35.965455169425354,Low,0
May,Monday,11,Vegetative/Tillering,0.02790535784553705,0.16666666666666666,0.07018548326812674,6.681080027169851,65.62218158163164,30.318822554684814,31.239576848341724,40.91300025379165,Low,0
May,Monday,12,Vegetative/Tillering,0.04774859190440024,0.20833333333333334,0.11781241542855792,6.69209337845283,61.411768198208996,28.628578532367253,38.57055784213285,39.45982907617729,Low,0
May,Monday,13,Vegetative/Tillering,0.13086076287747261,0.25,0.1725630815073536,6.723005517930527,61.73182289612072,29.195457497598344,34.703217593940444,38.80250415473475,Low,0
May,Monday,14,Vegetative/Tillering,-0.03719695860673573,0.0,0.15803476677229228,6.781635141213283,61.36227675714775,30.649188954509533,35.020281513699786,41.69695106707952,Low,0
May,Monday,15,Vegetative/Tillering,0.05948549798661473,0.041666666666666664,0.11710515697561943,6.785607049150734,62.9221100203159,29.354851876789375,36.49505538095501,35.29131120292585,Low,0
May,Monday,16,Vegetative/Tillering,-0.16707862257580003,0.0,0.17472840360265446,6.669293704470592,60.64183087399438,29.830111575228205,38.11245688596688,40.34203641363856,Low,0
May,Monday,17,Vegetative/Tillering,-0.5390170919941504,0.0,0.0759315522631062,6.685831291875539,62.10921600161549,27.855987533702677,33.94422150227446,35.593775119096776,Low,0
May,Monday,18,Vegetative/Tillering,0.15399060092009242,0.041666666666666664,0.08984034675303322,6.705501669387089,63.53859705294649,26.085642332023664,34.01105618899838,42.23635134311506,Low,0
May,Monday,19,Vegetative/Tillering,0.5012081189435419,0.08333333333333333,0.19775698617409432,6.621975324271189,63.12986925746634,23.33767731819016,34.02380041847766,39.9028520986006,Low,0
May,Monday,20,Vegetative/Tillering,-0.009707619987893323,0.0,0.1402290591407983,6.6282326495819115,65.22423422014144,22.768152235891577,38.444526685987384,40.95292006841292,Low,0
May,Monday,21,Vegetative/Tillering,0.15688092982762444,0.041666666666666664,0.11381096627210963,6.890096296921565,63.757513175012825,21.354388836199625,34.995594611207615,36.78754975722659,Low,0
May,Monday,22,Vegetative/Tillering,-0.2797101071859841,0.0,0.11806385018876635,6.632895666048057,64.95399047081725,23.419195626728055,34.326705064277974,43.99691222984472,Low,0
May,Monday,23,Vegetative/Tillering,-0.842263137260238,0.0,0.09176791104054856,6.918317433156125,61.088468768166564,22.712710871214593,36.3726892956046,43.53806139433804,Low,0
May,Tuesday,0,Vegetative/Tillering,-0.47060982719204314,0.0,0.12968074106326058,6.777531278934678,62.322146638276394,21.715135538593927,41.59376259933619,40.815530884600854,Low,0
May,Tuesday,1,Vegetative/Tillering,-1.370364927494244,0.0,0.12690859562090148,6.914746017380741,59.08555936465039,23.01874194250585,36.32284943278571,42.6777376160692,Low,0
May,Tuesday,2,Vegetative/Tillering,-0.9484064543133841,0.0,0.12069596484519417,6.864629285970229,61.20973142857691,24.16821991130907,35.29165832596395,38.98486635318867,Low,0
May,Tuesday,3,Vegetative/Tillering,-1.1061841368670235,0.0,0.07940853246761165,6.931213791656687,62.26962068378324,22.200906320152438,41.92899555397089,36.56838025268472,Low,0
May,Tuesday,4,Vegetative/Tillering,-1.2155568620842183,0.0,0.1292664638874119,6.684524205553368,59.75999506645728,22.815330551753036,40.08940492675372,41.729059627244446,Low,0
May,Tuesday,5,Vegetative/Tillering,-1.0251382648515608,0.0,0.1014670998652289,6.855658852922519,62.076492089425585,22.0295365442472,39.65447501949406,37.44130811333342,Low,0
May,Tuesday,6,Vegetative/Tillering,-0.7825572201527066,0.0,0.08549079588287842,6.908670611507286,59.99636874954203,22.443281774094675,34.59793973734752,43.01513369379394,Low,0
May,Tuesday,7,Vegetative/Tillering,-1.2090010511939497,0.0,0.16433598720380765,6.489020496753722,62.11649860817893,22.949379823625357,34.3005166477181,42.35922867930051,Low,0
May,Tuesday,8,Vegetative/Tillering,-0.8858069130816084,0.0,0.19594024752423408,7.031120126026758,60.214251753980285,25.845646302135773,30.597536639899584,40.327639959677875,Low,0
May,Tuesday,9,Vegetative/Tillering,-0.8876067486384696,0.0,0.1879917045086873,7.109404844119518,63.07310354972577,27.397780278734356,38.99475066356275,40.187823040091736,Low,0
May,Tuesday,10,Vegetative/Tillering,-1.5155442383974789,0.0,0.14275429673167997,6.831979141791305,59.98464691271338,30.068850081220038,36.33099145111481,42.21280454220738,Low,0
May,Tuesday,11,Vegetative/Tillering,-1.5786072072004689,0.0,0.11070452223222835,6.835357310387549,62.753250169500994,28.146748453056674,30.69733636890542,40.42599339107416,Low,0
May,Tuesday,12,Vegetative/Tillering,-0.9475044189686643,0.0,0.11753755460883827,6.769230799590188,58.91785394196679,29.949716530168363,39.70554280623632,38.728429015085275,Low,0
May,Tuesday,13,Vegetative/Tillering,-0.28454605209028916,0.0,0.13419607922117963,6.583199591882416,59.86473592835957,31.40549377426483,35.0879471372913,35.95331527335018,Low,0
May,Tuesday,14,Vegetative/Tillering,-0.15788057665152166,0.0,0.10529132866385839,6.642954270459433,61.88865212408522,29.981006100815584,35.457758677889615,42.13683265687648,Low,0
May,Tuesday,15,Vegetative/Tillering,-0.9175578756519938,0.0,0.16615835210428387,6.844407715412425,58.528639202366584,29.445677716831355,31.561092108996792,40.65568083426964,Low,0
May,Tuesday,16,Vegetative/Tillering,-0.8222396895187802,0.0,0.048749537698501155,6.517875235326466,58.76115495629836,27.9630446398385,37.57659532181927,46.62873352568045,Low,0
May,Tuesday,17,Vegetative/Tillering,-0.5830468695154565,0.0,0.10964960561043983,6.522318443976863,63.343789034082654,26.616834110659664,37.6053100773305,39.49980544208661,Low,0
May,Tuesday,18,Vegetative/Tillering,-0.43532949306764546,0.0,0.1480375022223562,6.675199942522241,62.446851629812336,24.385386900273943,35.956037340832026,40.49467346604343,Low,0
May,Tuesday,19,Vegetative/Tillering,-0.27996207739455403,0.0,0.09041941234520627,6.8758486423781635,61.86872906084455,23.65179527353519,34.845286198344034,40.55334222628099,Low,0
May,Tuesday,20,Vegetative/Tillering,-0.3312120234611428,0.0,0.11159478880877584,6.632878752171989,61.931165949082406,21.5835159559103,43.97940291551126,41.36647422837084,Low,0
May,Tuesday,21,Vegetative/Tillering,-0.5635539027062461,0.0,0.1407775195685121,6.734883641950991,60.95299530485233,22.469431066925658,32.489896792103856,37.322386017346666,Low,0
May,Tuesday,22,Vegetative/Tillering,-0.9943995072619577,0.0,0.17313941874632288,6.767125409699723,64.4141795182094,21.744865438061016,33.93568902340987,39.54654520138755,Low,0
May,Tuesday,23,Vegetative/Tillering,-1.9334144705587581,0.0,0.07471216012418144,6.60049362886638,57.3887938553729,21.991327211961195,38.224770213530185,41.808731880529315,Low,0
May,Wednesday,0,Vegetative/Tillering,-1.8769309829928573,0.0,0.0721173929285799,6.343143239695262,56.35109784465054,22.013235685553873,33.9566801900106,40.105591428951435,Low,0
May,Wednesday,1,Vegetative/Tillering,-1.8847880658536822,0.0,0.08688894342560557,6.5926807250921,60.56860987692381,22.3364678541677,33.73537925034157,42.912971859465564,Low,0
May,Wednesday,2,Vegetative/Tillering,-1.7125419406963327,0.0,0.06618624523221439,6.830176840193863,58.958388095633154,21.952182194876126,40.394555939288004,41.17928991993437,Low,0
May,Wednesday,3,Vegetative/Tillering,-2.407065832035841,0.0,0.06867675406059855,6.87712225736919,61.800589380749756,21.525571128050295,38.81557517482267,41.94217766888732,Low,0
May,Wednesday,4,Vegetative/Tillering,-2.1044171939069414,0.0,0.08595685808068548,6.864831139767679,57.396987457035074,22.44361315515827,38.452413931282834,43.815341033957026,Low,0
May,Wednesday,5,Vegetative/Tillering,-1.2049564620257889,0.0,0.16317227418860972,6.873788232476589,62.30007285065169,23.22898657301169,37.545474547112704,40.36911101237134,Low,0
May,Wednesday,6,Vegetative/Tillering,-1.3189933318254514,0.0,0.1090773113675935,6.66258232355377,62.498810664817526,22.47777295663262,34.923539810839415,37.307871973116875,Low,0
May,Wednesday,7,Vegetative/Tillering,-1.4817866268580004,0.0,0.12109812871548124,6.606180690686412,58.9010404311368,23.667311121059615,36.24198668864358,40.27165017409756,Low,0
May,Wednesday,8,Vegetative/Tillering,-1.4598835274072106,0.0,0.08655875101360375,6.793797149040171,58.51043799840462,25.747552788865566,36.762775554211494,38.87361204728098,Low,0
May,Wednesday,9,Vegetative/Tillering,-0.6733332735057413,0.0,0.1421737976272604,6.6885488043785815,63.36673320544803,25.722412198584635,39.53864905946617,35.62315987119699,Low,0
May,Wednesday,10,Vegetative/Tillering,-1.3822414413132218,0.0,0.18565174097414705,6.848002207156601,61.33240437667613,28.518129660113146,38.277572096759656,40.67079593206857,Low,0
May,Wednesday,11,Vegetative/Tillering,-1.4516357196254233,0.0,0.08893295405862026,6.742210229861554,57.19485407147713,29.262467447946975,34.21646960337509,41.43507664762369,Low,0
May,Wednesday,12,Vegetative/Tillering,-1.9752858922451373,0.0,0.1803661929876157,6.902172876144179,56.502442586002225,29.427655011049378,39.36862668327662,43.48940335702162,Low,0
May,Wednesday,13,Vegetative/Tillering,-2.3246134582544227,0.0,0.1327548534108746,6.582103645449376,52.84806769029338,29.773321318134425,31.964481850194506,38.089223859360025,Low,0
May,Wednesday,14,Vegetative/Tillering,-2.4130165459790094,0.0,0.1205902224751049,6.856962629576069,58.89953399760798,29.84623569622287,36.03873445319702,41.158815061304615,Low,0
May,Wednesday,15,Vegetative/Tillering,-1.8705803364273206,0.0,0.13400433413138346,7.023090898024529,58.486952806302945,30.376717564024545,33.57385486874905,43.757728330126064,Low,0
May,Wednesday,16,Vegetative/Tillering,-1.2077218971363348,0.0,0.13366842746384555,6.679624158191848,60.27716660492223,29.503300193168315,34.42868966658783,39.500881991550486,Low,0
May,Wednesday,17,Vegetative/Tillering,-1.2513405652767278,0.0,0.18499865466721355,6.803068927564984,57.11389444793215,26.62041828562362,42.779758834118695,42.27805439820081,Low,0
May,Wednesday,18,Vegetative/Tillering,-1.6616538448318876,0.0,0.13820772561376038,6.563530787819086,57.315826066224815,25.43160801434575,32.58797756073582,44.931795020882376,Low,0
May,Wednesday,19,Vegetative/Tillering,-0.7216535153895876,0.0,0.138938750989934,6.917013742071526,60.812113737929856,23.76109550581965,34.54241783202106,36.28146430854295,Low,0
May,Wednesday,20,Vegetative/Tillering,-1.2224901179521002,0.0,0.10524750630131095,6.970390924327772,59.22137251661932,23.0226364124401,38.53120531395463,41.61913580257854,Low,0
May,Wednesday,21,Vegetative/Tillering,-1.710034228512162,0.0,0.14936769977625414,6.686127348236431,59.631590002606075,22.491405242105294,35.58999172028364,43.8447246950723,Low,0
May,Wednesday,22,Vegetative/Tillering,-2.6608871399142195,0.0,0.0865103559231955,6.881270244441778,58.28080711746951,22.449231890112834,37.46667319230392,40.06071789870687,Low,0
May,Wednesday,23,Vegetative/Tillering,-2.039837200709451,0.0,0.1238151396352858,6.820924941630975,63.14361585686771,22.804010090736952,41.28864889805583,44.404399928053216,Low,0
May,Thursday,0,Vegetative/Tillering,-1.8411383649319344,0.0,0.22091492445232902,6.854373313150584,59.0412338641015,21.897869273271255,39.863883572990275,43.72097112865564,Low,0
May,Thursday,1,Vegetative/Tillering,-1.005273258267928,0.0,0.032353352812379804,6.906671914445501,63.31814950635086,23.466109259483247,36.493952949828085,46.55880957944881,Low,0
May,Thursday,2,Vegetative/Tillering,-1.9879093994974637,0.0,0.12816014487174082,6.870297847508949,57.06907188724654,22.37360427406384,37.49884156179763,43.59157872887972,Low,0
May,Thursday,3,Vegetative/Tillering,-1.5413658768129674,0.0,0.12950680223076141,6.762128140643191,56.45082926569817,21.690270043046468,39.49181802935741,46.766763422433215,Low,0
May,Thursday,4,Vegetative/Tillering,-1.7741673148978458,0.0,0.11201688351294792,6.9296240269029985,58.53739515082493,22.19128780496173,39.804969298481126,42.88541673824648,Low,0
May,Thursday,5,Vegetative/Tillering,-1.6382973166528108,0.0,0.11284182586263992,6.962225956223936,56.372643004284775,23.3605426593663,37.96225821958155,38.71592758157125,Low,0
May,Thursday,6,Vegetative/Tillering,-2.624024294707318,0.0,0.12319934206065192,6.682221707508205,57.23168802704064,22.03488629121298,38.98182700017223,40.557915716115986,Low,0
May,Thursday,7,Vegetative/Tillering,-2.0712825966496347,0.0,0.1111798853587414,6.73845395146832,56.96801351902355,24.91481371088638,38.98474732113885,44.68132532956045,Low,0
May,Thursday,8,Vegetative/Tillering,-1.9075241391228137,0.0,0.12776929050873514,6.413948395879388,55.01339929259608,25.345793278723246,37.62332033798461,44.63214075992833,Low,0
May,Thursday,9,Vegetative/Tillering,-2.1459209319101658,0.0,0.10293362529640854,6.816291836693898,61.82184005513596,26.75038745744802,36.08428718081077,41.358913042387236,Low,0
May,Thursday,10,Vegetative/Tillering,-2.053280180884127,0.0,0.19078374865614778,6.895301216904273,57.49700413966734,29.157329788219673,40.12778679406501,46.64616870431521,Low,0
May,Thursday,11,Vegetative/Tillering,-2.6202005967082265,0.0,0.1111795189845927,6.632933265631391,53.93627996201186,28.88357289470276,38.77538638474093,41.250497571948095,Low,0
May,Thursday,12,Vegetative/Tillering,-3.036709440569729,0.0,0.13993639926686507,6.674031675946486,58.00824092364723,30.832455497583943,31.657060852668252,43.29035914632573,Low,0
May,Thursday,13,Vegetative/Tillering,-3.355391217120308,0.0,0.09658373650548742,6.61302025572181,53.989832353832696,30.65630079921868,35.42249344093939,43.221124792013384,Low,0
May,Thursday,14,Vegetative/Tillering,-4.2664528733729785,0.0,0.15266000606404015,6.6012654574541365,55.44084517128617,29.475548149880513,36.45798516920042,38.809241183677884,Low,0
May,Thursday,15,Vegetative/Tillering,-3.8385952698762758,0.0,0.14567137255729673,6.711406880412029,52.82058268294084,29.525596748023887,37.29660592975857,41.8591868595026,Low,0
May,Thursday,16,Vegetative/Tillering,-3.329998939385769,0.0,0.13467410827862597,6.548476856565549,54.42620716494857,28.19063242729661,41.51183475918949,48.086240606833535,Low,0
May,Thursday,17,Vegetative/Tillering,-3.7493232096425433,0.0,0.08404326253235181,6.655518656537105,55.19128771581199,27.64209966020512,47.50697771124261,39.82974944312009,Low,0
May,Thursday,18,Vegetative/Tillering,-3.6393154920063076,0.0,0.09366589358027677,6.539336205307369,55.95208158059308,27.3563085089048,30.52353706652646,43.698310609877055,Low,0
May,Thursday,19,Vegetative/Tillering,-3.819223791085634,0.0,0.17901605450111635,6.860654728612833,55.87083037607567,23.858603789340574,38.813219078898506,39.24946026009715,Low,0
May,Thursday,20,Vegetative/Tillering,-3.701833311071508,0.0,0.09327842023012622,6.813532546361884,54.43611777596972,22.802021019086805,38.108758360800145,39.803693728819866,Low,0
May,Thursday,21,Vegetative/Tillering,-4.0232235272334895,0.0,0.14243157595743766,6.698958887170703,54.90149697774879,22.394552513334013,37.35853063398205,38.5996973239021,Low,0
May,Thursday,22,Vegetative/Tillering,-4.404602442549126,0.0,0.08693650344365442,6.783260481775272,54.420211351728945,22.394246162450543,39.52881863608644,44.48809410124156,Low,0
May,Thursday,23,Vegetative/Tillering,-3.849795423980477,0.0,0.15529341324606194,6.739126915409035,54.66162925958055,22.242835903414782,38.34936622173845,39.95694764509393,Low,0
May,Friday,0,Vegetative/Tillering,-4.017710272373677,0.0,0.09597609248759154,6.993065140059293,53.57217911977458,21.689066042918757,37.715698073083644,46.50206869749608,Low,0
May,Friday,1,Vegetative/Tillering,-3.2107441175917186,0.0,0.0862884239361,6.693471103846793,52.903624221317614,22.643111959425966,38.887727991578835,42.00503300973317,Low,0
May,Friday,2,Vegetative/Tillering,-3.3940449014159597,0.0,0.09506801331560845,6.894647994776771,56.55264055016168,22.14400660006449,40.46969999419921,43.65333148571476,Low,0
May,Friday,3,Vegetative/Tillering,-3.9791099455417505,0.0,0.10061690911686419,6.660795289649372,54.0344835289821,21.65115993300902,40.18441379354379,44.36178540075555,Low,0
May,Friday,4,Vegetative/Tillering,-3.5056203584287404,0.0,0.1341635674223477,6.911267832921403,54.25927943506961,23.18633860979864,39.36589692285906,39.29114252599642,Low,0
May,Friday,5,Vegetative/Tillering,-3.361787513339288,0.0,0.12242842971482243,6.962401892528221,57.98724269516903,22.454207698161873,37.04965711674156,43.84245645898351,Low,0
May,Friday,6,Vegetative/Tillering,-3.193188917252842,0.0,0.08166953720305092,6.974823320155136,52.980679332766556,22.192520834125407,47.25742864967521,44.20807779380054,Low,0
May,Friday,7,Vegetative/Tillering,-2.8411862423031606,0.0,0.1190218545170413,6.9988748489532515,59.969225649202194,25.227212763447554,39.87853993356475,46.1833758015965,Low,0
May,Friday,8,Vegetative/Tillering,-3.3728877002703324,0.0,0.07997745074481163,6.799482029746514,55.36052296208227,24.377204684514066,41.087389682008414,40.93457485983373,Low,0
May,Friday,9,Vegetative/Tillering,-3.6014436234421687,0.0,0.14252450777503428,6.909612780431586,55.49157166074459,28.381175057853138,37.27659264141684,41.29077871466713,Low,0
May,Friday,10,Vegetative/Tillering,-3.8280383847742168,0.0,0.14894160146053426,6.985969868911147,53.522619647481335,27.925501500435267,39.36872108248862,44.98220323945822,Low,0
May,Friday,11,Vegetative/Tillering,-4.538411263752276,0.0,0.11916184315077234,6.464250919879512,49.27366714194787,29.751976974751766,39.34482423040163,46.86431327137438,Low,0
May,Friday,12,Vegetative/Tillering,-4.699793698842612,0.0,0.12950786910474665,6.558357550070253,51.94127532584617,29.70397229415802,33.06415063475541,41.852077068347995,Low,0
May,Friday,13,Vegetative/Tillering,-4.131278402614543,0.0,0.18132434387325436,6.3987248847723475,54.25442164751068,29.63659916763806,36.65001771896127,40.24532419370104,Low,0
May,Friday,14,Vegetative/Tillering,-4.14874172398572,0.0,0.11448389526627584,6.8351229546770185,54.895470755239465,31.225532518229336,36.59456994125367,42.54151300212117,Low,0
May,Friday,15,Vegetative/Tillering,-4.886438156880549,0.0,0.08695097174821886,6.374948328913065,51.37648202660888,31.06772419713558,36.998629701046376,40.80002581425169,Low,0
May,Friday,16,Vegetative/Tillering,-5.623044239396375,0.0,0.14027183325782266,6.365338308625124,45.61961414303986,28.452671339223375,35.59048259451674,44.327786081716106,Low,0
May,Friday,17,Vegetative/Tillering,-4.812143629376769,0.0,0.08035711819821294,6.500499844789491,48.8675326003305,27.631298176625307,38.93156810890284,40.63374639180739,Low,0
May,Friday,18,Vegetative/Tillering,-4.906231520323275,0.0,0.11263008628544702,6.411228894391545,55.82908359875073,25.891662914270466,42.99207584169523,45.765595110841524,Low,0
May,Friday,19,Vegetative/Tillering,-5.236168509976354,0.0,0.09903534838707691,6.778394851245586,48.74812360851252,25.539572941532796,39.191466099202174,43.864875066620215,Low,0
May,Friday,20,Vegetative/Tillering,-5.346980902013198,0.0,0.09543630583768954,6.607015129199968,53.52134475164674,20.68447964203717,35.256188632984255,45.8435831873568,Low,0
May,Friday,21,Vegetative/Tillering,-5.975984741896736,0.0,0.11124693415244213,6.468098594544076,47.28946314461265,22.676698753016176,35.70728829040321,37.27506178708884,Low,0
May,Friday,22,Vegetative/Tillering,-5.201598505195408,0.0,0.1514961964174929,6.778063318150796,50.651251768075284,21.793298948684853,37.668846552371534,38.93795655716137,Low,0
May,Friday,23,Vegetative/Tillering,-5.341075114036232,0.0,0.1586984075913465,6.808226733378122,51.93183624551285,20.490228782823056,34.55318045631411,46.56501489453512,Low,0
Jun,Saturday,0,Vegetative/Tillering,-4.79909391058887,0.0,0.19241720520817346,6.508390403621653,51.34178572142497,22.836575922056607,40.613371251882576,42.732447547386975,Low,0
Jun,Saturday,1,Vegetative/Tillering,-4.912395358395113,0.0,0.1717723931194945,6.689982203284379,55.89468141136984,24.603439032728442,43.75929660930034,40.86529312027525,Low,0
Jun,Saturday,2,Vegetative/Tillering,-4.377970619663998,0.0,0.15097992035143204,6.835062614929665,54.144327228943226,22.60016064767968,37.97228736180239,44.02450398361864,Low,0
Jun,Saturday,3,Vegetative/Tillering,-4.435993976063509,0.0,0.07747612516100148,6.766907624696644,54.77531615004692,23.757612405251688,39.9284017203369,45.137114367826804,Low,0
Jun,Saturday,4,Vegetative/Tillering,-4.2096648763380955,0.0,0.1728681347647046,6.766933952765747,53.86159028075032,24.083937757650695,38.41311793698639,44.13621370144028,Low,0
Jun,Saturday,5,Vegetative/Tillering,-4.070489557422846,0.0,0.08022338963343895,7.053049017803934,56.048265636219355,23.11484255790438,37.811116446169535,45.70128536623203,Low,0
Jun,Saturday,6,Vegetative/Tillering,-3.9922400395702606,0.0,0.09268214532344454,7.225557595197308,58.076209384731094,23.221364494729034,40.26872820376743,45.36250046512496,Low,0
Jun,Saturday,7,Vegetative/Tillering,-4.05052555381004,0.0,0.15434163204745685,6.7781243353270115,54.51616679560947,23.532129146417624,37.71008350866537,45.2316283585733,Low,0
Jun,Saturday,8,Vegetative/Tillering,-4.3668995537432105,0.0,0.16926020356206742,6.5592142417996095,57.47886665251477,26.02313882240235,37.27479864253007,47.90217747044463,Low,0
Jun,Saturday,9,Vegetative/Tillering,-3.680039772733233,0.0,0.14421202836597588,6.712697174534505,54.44471292868201,28.838524514333862,34.84212585421174,44.49579918346882,Low,0
Jun,Saturday,10,Vegetative/Tillering,-4.369555847843736,0.0,0.21374359020078887,6.781049831554906,55.54125804387845,29.428195137373894,39.89376468321594,44.42229936868843,Low,0
Jun,Saturday,11,Vegetative/Tillering,-4.5642974568811665,0.0,0.17617355801314774,6.718510500495814,54.52391477597129,30.626624096374297,42.90102818485811,46.53827872367073,Low,0
Jun,Saturday,12,Vegetative/Tillering,-4.739697169074385,0.0,0.15127072326216598,6.8319601608623755,50.98756264885674,31.030949361201028,41.82192636562702,45.912899269266134,Low,0
Jun,Saturday,13,Vegetative/Tillering,-4.72882335960941,0.0,0.20852084808136284,7.092464617703762,53.578443346212076,32.87860315543715,44.17597999224583,42.274104393503016,Low,0
Jun,Saturday,14,Vegetative/Tillering,-5.105650779916618,0.0,0.21477896716474318,6.420438134237987,52.26117000390086,30.580007432503706,37.676453635811285,44.30096563228643,Low,0
Jun,Saturday,15,Vegetative/Tillering,-5.1049720654911175,0.0,0.17793955427161343,6.621969475269789,50.54168269026762,31.6170789776084,42.25242816212007,45.62682274586548,Low,0
Jun,Saturday,16,Vegetative/Tillering,-5.329790384449133,0.0,0.13286598190848764,7.022608955362427,52.42450794571033,29.486454437509625,36.392102144463585,43.0641796494117,Low,0
Jun,Saturday,17,Vegetative/Tillering,-6.163928728961473,0.0,0.14074053491423938,6.651507635234132,49.999150142709496,29.46827759453451,41.82777593718369,43.18331136001373,Low,0
Jun,Saturday,18,Vegetative/Tillering,-6.166780178091285,0.0,0.1093641450452332,6.945367519380387,49.55455367796649,25.616087441533946,44.63256183697132,41.05260375362795,Low,0
Jun,Saturday,19,Vegetative/Tillering,-6.667115718510237,0.0,0.15851540920698204,6.925268786956251,48.36176733745806,25.0528892377552,41.195144509336345,37.32430159253411,Low,0
Jun,Saturday,20,Vegetative/Tillering,-7.377728355806247,0.0,0.12324854954944137,7.067987615633566,46.613431428217766,22.810050572861226,44.68543485083123,43.59605339571233,Low,0
Jun,Saturday,21,Vegetative/Tillering,-7.139001623961289,0.0,0.14848238307812187,7.183352485918515,46.63099686000026,23.23657786868003,37.903804005772045,44.84946449450973,Low,0
Jun,Saturday,22,Vegetative/Tillering,-6.765593892697904,0.0,0.16912101060693063,6.885909572126101,48.542242847555,24.102901010132904,39.29730680345987,41.79271453216292,Low,0
Jun,Saturday,23,Vegetative/Tillering,-6.415178761983161,0.0,0.09057019752986213,6.521829923360122,47.81574254651285,23.428047684286355,36.95294891447872,47.975930362377746,Low,0
Jun,Sunday,0,Vegetative/Tillering,-6.238482472702211,0.0,0.11576905560175671,6.6999071159921355,54.8412610484547,24.10130615202155,40.70436954536629,43.11241623067572,Low,0
Jun,Sunday,1,Vegetative/Tillering,-7.198733408292708,0.0,0.14226031808076361,7.242157169106138,44.40437332916687,22.588823125380845,41.40902146131427,48.01049305988189,Low,0
Jun,Sunday,2,Vegetative/Tillering,-7.755523904245646,0.0,0.15816154209468897,6.5959434078009895,44.71727047534153,22.466732433981026,40.67810518789719,46.77584176262265,Low,0
Jun,Sunday,3,Vegetative/Tillering,-6.7236732343625185,0.0,0.1427138220091662,6.929856921576657,47.351700028376065,23.137884058509812,39.17758315808225,51.17000514681013,Low,0
Jun,Sunday,4,Vegetative/Tillering,-7.18782323435655,0.0,0.1505318724014768,6.388477165808419,51.33021106619335,23.094078257287133,39.127852717880906,47.07876497355938,Low,0
Jun,Sunday,5,Vegetative/Tillering,-6.835974707602515,0.0,0.1352834481356055,6.599634419685779,45.45339140179896,22.976312504940648,41.63551177595012,42.11347650638058,Low,0
Jun,Sunday,6,Vegetative/Tillering,-7.1157157338433485,0.0,0.10927100553669808,7.0117772913600325,48.27412683474818,22.35809461946345,40.122139208949505,48.36508318104154,Low,0
Jun,Sunday,7,Vegetative/Tillering,-7.0129879885022675,0.0,0.14128372279129053,6.806011634506375,48.16561695768764,25.864088743532026,37.14459098449339,49.97312125407849,Low,0
Jun,Sunday,8,Vegetative/Tillering,-7.2503543719051855,0.0,0.15253910162743933,6.7251534691436055,47.766354116776654,26.305800152433676,34.90814186208068,41.298635993144735,Low,0
Jun,Sunday,9,Vegetative/Tillering,-6.924618563537034,0.0,0.14913634637378131,6.602109201926515,50.35360177273299,29.253780912640014,38.81353453920737,47.32698893612267,Low,0
Jun,Sunday,10,Vegetative/Tillering,-6.84577916740489,0.0,0.16391285715787585,6.3872746445870705,50.501788717722434,29.389846551907485,36.453193789850616,47.87995378686925,Low,0
Jun,Sunday,11,Vegetative/Tillering,-7.053073904453643,0.0,0.1746613099666319,6.849540648202736,46.67070897627102,30.851494087870588,38.0932900344118,45.197096216548836,Low,0
Jun,Sunday,12,Vegetative/Tillering,-7.514876567242008,0.0,0.18386041794138344,6.665974608284254,46.852331137607166,31.370591011825535,39.330084247018185,39.6742800128236,Low,0
Jun,Sunday,13,Vegetative/Tillering,-7.331633147722076,0.0,0.1378257207571013,6.456580565471753,43.17587638116273,30.465580207719317,40.161702481328405,44.9892719404456,Low,0
Jun,Sunday,14,Vegetative/Tillering,-7.852083522165707,0.0,0.10484711186280753,6.724661260591403,45.85318556384616,31.218185634696578,38.60198250425723,44.27649363021068,Low,0
Jun,Sunday,15,Vegetative/Tillering,-7.571729147941827,0.0,0.20450587280050125,6.813993383291927,44.739871189275775,31.87541729879304,47.1736033244845,49.55360632432557,Low,0
Jun,Sunday,16,Vegetative/Tillering,-6.3488596585043595,0.0,0.17349060704638808,6.707664610844065,48.8899719676685,29.580941662224525,36.8166908992061,45.507688434121164,Low,0
Jun,Sunday,17,Vegetative/Tillering,-5.876428704289564,0.0,0.12658681770891214,6.775869585898472,47.025827380071654,28.83393980651761,44.2276373738212,44.69838874983334,Low,0
Jun,Sunday,18,Vegetative/Tillering,-5.756127692142208,0.0,0.16971967697723475,6.7871025159585265,51.495038112296854,27.150687388614212,40.11229597092157,44.26288549425548,Low,0
Jun,Sunday,19,Vegetative/Tillering,-6.0127790202695355,0.0,0.19737981566438434,6.6830148264717915,46.6761929602019,25.150807198342502,38.62742082597822,46.54353570864558,Low,0
Jun,Sunday,20,Vegetative/Tillering,-7.06251943992438,0.0,0.2205211783833787,6.848153985781273,47.846522557764665,23.274182974179798,42.362728031173816,45.871337147911994,Low,0
Jun,Sunday,21,Vegetative/Tillering,-7.680099384323746,0.0,0.1687713596655206,6.966396260928854,43.61475029157791,23.56285244729704,39.24136734619498,43.75430434799255,Low,0
Jun,Sunday,22,Vegetative/Tillering,-7.028784240827757,0.0,0.19708847230724513,7.0177014706408976,45.93163575174161,23.73562603718049,38.179105940681694,46.389218227555716,Low,0
Jun,Sunday,23,Vegetative/Tillering,-7.3894823719336,0.0,0.11766392746898466,6.999182249630695,49.07470651244968,22.04326875435914,45.96942970674582,44.336029332960656,Low,0
Jun,Monday,0,Vegetative/Tillering,-7.801829395147828,0.0,0.15874340369411633,6.716139719708377,46.95144534347246,23.322842311277164,34.916619861195194,40.4464338740704,Low,0
Jun,Monday,1,Vegetative/Tillering,-7.903644971786029,0.0,0.1482745572760288,6.957352193851529,47.82965834305461,22.977737695402148,40.76537852352281,48.59714059158156,Low,0
Jun,Monday,2,Vegetative/Tillering,-8.382766603328047,0.0,0.17198994480964735,6.929107279044398,47.50081441701527,22.811778525078633,42.07021486148237,48.36004358646383,Low,0
Jun,Monday,3,Vegetative/Tillering,-8.858788088243326,0.0,0.21639178774026777,6.697325844811521,41.69323117393649,24.16177150322286,45.72406759953276,47.426431148776395,Low,0
Jun,Monday,4,Vegetative/Tillering,-8.731046954966573,0.0,0.16874612879977405,6.765846462219668,46.54343063296197,22.53848300154892,40.30470730646355,45.82091402685435,Low,0
Jun,Monday,5,Vegetative/Tillering,-8.994769381496615,0.0,0.12718082412565931,6.979706987200277,39.98154217205032,22.009184751752,49.48304573300501,46.746932920673025,Low,0
Jun,Monday,6,Vegetative/Tillering,-9.152171140098703,0.0,0.11577964970406415,7.07891987280053,44.02698993285292,23.761572980308685,43.77735718404474,48.97528995183763,Low,0
Jun,Monday,7,Vegetative/Tillering,-9.307283887873984,0.0,0.21760230219638785,6.504866272567399,41.1758432399025,23.768852386407403,34.39812156773659,45.34755417933405,Low,0
Jun,Monday,8,Vegetative/Tillering,-8.85897791367179,0.0,0.17798276943348315,7.106905291147869,41.377852721909065,25.053715450573613,37.13895181309731,49.07619786995576,Low,0
Jun,Monday,9,Vegetative/Tillering,-8.82074044531362,0.0,0.175682847144127,6.964455753160544,44.5591626658562,28.839532566861838,42.21080200237532,43.23996422955142,Low,0
Jun,Monday,10,Vegetative/Tillering,-8.773905279633059,0.0,0.14796940140046405,6.7807418851269725,45.33253037921909,29.50662966019423,38.068401227929215,47.34748984320119,Low,0
Jun,Monday,11,Vegetative/Tillering,-8.39646186459652,0.0,0.16937516246337453,6.683507108118845,46.17902829826144,30.710926645114373,43.143499733925125,46.99147695842927,Low,0
Jun,Monday,12,Vegetative/Tillering,-8.41708613836894,0.0,0.12545640328556165,6.7992208022949825,44.728713045704126,30.57048123763089,40.138810650205585,49.43379580275939,Low,0
Jun,Monday,13,Vegetative/Tillering,-8.508801519124152,0.0,0.17355194244962782,6.621936108660694,44.34279095676052,30.017475094712786,37.91192078836393,44.62975975983102,Low,0
Jun,Monday,14,Vegetative/Tillering,-8.262577757551306,0.0,0.11887954521990904,6.7058779935111925,45.72354655327667,29.975793526560455,38.606231878166454,44.90255796308707,Low,0
Jun,Monday,15,Vegetative/Tillering,-7.971987185282441,0.0,0.14742490442402842,6.470270151385869,45.97475890635652,30.114999823674324,44.055740815239076,43.44084752568348,Low,0
Jun,Monday,16,Vegetative/Tillering,-8.09673841001832,0.0,0.1374987397969208,6.4485999241265475,46.150539495127994,28.361729573409807,35.43113936827658,45.51024719289336,Low,0
Jun,Monday,17,Vegetative/Tillering,-8.106463010185795,0.0,0.045992132506669864,7.181936783139463,45.45248769777552,28.358560740506395,44.63582447549669,47.56562826204405,Low,0
Jun,Monday,18,Vegetative/Tillering,-8.504574903250893,0.0,0.14786309807133075,6.805461985875797,45.77458788121058,26.22610356251293,44.723610618423635,42.432474725147806,Low,0
Jun,Monday,19,Vegetative/Tillering,-8.88078326281908,0.0,0.1285396751437975,6.848366079137285,39.931704556133354,25.053196309542756,40.505779588616335,45.819802059001525,Low,0
Jun,Monday,20,Vegetative/Tillering,-8.466003586035894,0.0,0.1526363540638226,6.8332313197013255,43.919044443341086,23.249118502581144,37.28667207147816,48.45405921575052,Low,0
Jun,Monday,21,Vegetative/Tillering,-8.247398499235041,0.0,0.1600602980168649,6.686984081840346,41.93855061414473,23.434439643539623,43.16759262729719,46.669884856608164,Low,0
Jun,Monday,22,Vegetative/Tillering,-8.044589523165788,0.0,0.22187761800435546,6.779360029915144,45.746389179611874,23.524586021831198,40.04092204847128,47.115097155972016,Low,0
Jun,Monday,23,Vegetative/Tillering,-7.936855777317228,0.0,0.17066481490051283,6.861165772003654,48.735406486146054,22.849879527376604,36.95464695778879,43.16183538043418,Low,0
Jun,Tuesday,0,Vegetative/Tillering,-8.092671161042754,0.0,0.17169394215442385,6.803022478841041,44.129419649603456,23.272175413307064,48.12742068383819,47.874886024666175,Low,0
Jun,Tuesday,1,Vegetative/Tillering,-7.921396381083166,0.0,0.17734648423267357,6.702396411473951,45.74315274599483,23.31380650273614,39.74676011223365,48.19671383941722,Low,0
Jun,Tuesday,2,Vegetative/Tillering,-7.654868611937936,0.0,0.1905132979284394,6.956079666489448,47.641288761192236,21.18188775272531,37.98354733980977,47.71567498688177,Low,0
Jun,Tuesday,3,Vegetative/Tillering,-7.42625283831936,0.0,0.17589978088490815,6.866772335585952,42.541547324500485,23.642220596687594,43.25515245942272,48.50700448479369,Low,0
Jun,Tuesday,4,Vegetative/Tillering,-7.6772589250115715,0.0,0.16985995585484417,6.909549092559222,45.03035761568385,23.2449537569762,42.196457691149014,47.35218636904181,Low,0
Jun,Tuesday,5,Vegetative/Tillering,-7.218732248229476,0.0,0.18489364214971002,6.960764479780648,47.90407392279496,23.576239092194857,46.858565107730136,46.984906410269886,Low,0
Jun,Tuesday,6,Vegetative/Tillering,-7.344069093364472,0.0,0.07506779527091136,6.825372818931679,41.080244724610715,22.09552512364219,41.2584391747529,45.525572846165964,Low,0
Jun,Tuesday,7,Vegetative/Tillering,-7.271766434817338,0.0,0.2331168054147589,6.787311936776525,45.094143570288445,24.6525489315206,41.290131049894946,50.56115403487104,Low,0
Jun,Tuesday,8,Vegetative/Tillering,-7.372111004948443,0.0,0.21564054456496895,7.06849876599005,49.00864953488631,25.722846347688,43.405684696588494,45.058354134802094,Low,0
Jun,Tuesday,9,Vegetative/Tillering,-7.481980880276308,0.0,0.16759975131507515,6.586948269658755,48.54923968823831,28.708599515840167,42.99855376366415,48.519867500693536,Low,0
Jun,Tuesday,10,Vegetative/Tillering,-8.028858619316935,0.0,0.11054477423569317,6.426412905928272,45.979375768379555,28.255558626089446,43.090113144712,52.65799268667901,Low,0
Jun,Tuesday,11,Vegetative/Tillering,-7.864295068814036,0.0,0.20236226513725308,6.843649559605124,47.39008711473267,29.589827117681494,43.21585449140323,50.87858757147574,Low,0
Jun,Tuesday,12,Vegetative/Tillering,-6.7706779481382995,0.0,0.13571432253273513,6.603938863921549,48.68058139331101,31.351874600072172,42.89384888468657,49.39841184423443,Low,0
Jun,Tuesday,13,Vegetative/Tillering,-7.291889618931164,0.0,0.17868443558012276,6.534254322074506,48.110254729449835,30.6215003741782,41.150551103134546,48.749355413915296,Low,0
Jun,Tuesday,14,Vegetative/Tillering,-7.551344117006242,0.0,0.11509830393750868,6.894117181496285,45.745466701503794,30.18171077202334,44.89803279030671,47.80557187935959,Low,0
Jun,Tuesday,15,Vegetative/Tillering,-8.017363208526444,0.0,0.2379242414640593,6.695569793620579,45.489953665380725,31.0581264868515,41.32030779163135,45.871626197459044,Low,0
Jun,Tuesday,16,Vegetative/Tillering,-8.444743226487716,0.0,0.1095224133261983,6.507991150651002,42.96787548359784,30.137821265017735,44.81305089280738,47.49042156760409,Low,0
Jun,Tuesday,17,Vegetative/Tillering,-7.902573941780864,0.0,0.16241451246107755,7.10543167088818,48.060789228090556,28.69057536890267,46.56328626483567,49.562189110826154,Low,0
Jun,Tuesday,18,Vegetative/Tillering,-8.435817214575568,0.0,0.08572344749209775,6.488450907627078,47.29715750402304,27.2750376520927,40.36737739798919,49.09928736953718,Low,0
Jun,Tuesday,19,Vegetative/Tillering,-8.803236049704683,0.0,0.15855721417312874,6.801099328652001,46.132059082102906,24.719904048500066,49.61345025600733,50.09680623325887,Low,0
Jun,Tuesday,20,Vegetative/Tillering,-9.615356684877217,0.0,0.14511501782016034,6.503010296223145,40.606926432938955,22.961325620290708,40.26216128447325,51.17417966261141,Low,0
Jun,Tuesday,21,Vegetative/Tillering,-9.932546923983224,0.0,0.19980141878670882,6.897120457435804,38.75433930371009,22.60653497717312,40.28383546404464,47.72885706780435,Low,0
Jun,Tuesday,22,Vegetative/Tillering,-10.623036973121247,0.0,0.14511171989428473,6.723212683949532,41.55865858600934,23.259183334172782,44.01997249448144,48.60462871333041,Low,0
Jun,Tuesday,23,Vegetative/Tillering,-10.151948482115595,0.0,0.19985182539962154,6.994429246687196,41.2231380481054,22.70268133813932,43.72468721318423,43.37732159218176,Low,0
Jun,Wednesday,0,Vegetative/Tillering,-8.914134167014844,0.0,0.12415578013439652,6.8426922449359155,43.76324668221166,22.77854703525842,43.51544567653004,54.96341110425534,Low,0
Jun,Wednesday,1,Vegetative/Tillering,-9.2618009297877,0.0,0.15013134389343397,7.076535595013434,41.00441359861923,23.60492034718632,45.75475326393156,48.28829439117735,Low,0
Jun,Wednesday,2,Vegetative/Tillering,-10.13401209168525,0.0,0.15083307657278228,6.749062023921121,41.02969860522893,24.072631396411502,44.05789012750989,50.952147984196856,Low,0
Jun,Wednesday,3,Vegetative/Tillering,-9.718924539800017,0.0,0.1773455889471521,6.547027892842494,39.004024985156086,23.443608203416076,49.497225992500454,48.28659856935015,Low,0
Jun,Wednesday,4,Vegetative/Tillering,-10.08627831318337,0.0,0.17289310492424698,6.861846099161926,41.56105676051797,24.560452692194055,43.140323746380844,48.22855325651016,Low,0
Jun,Wednesday,5,Vegetative/Tillering,-9.485485087322663,0.0,0.18527788042231766,6.803630840381738,44.492609189638024,22.560587542373803,40.736519135241316,48.730411879256145,Low,0
Jun,Wednesday,6,Vegetative/Tillering,-9.678752468825188,0.0,0.16933907111514088,6.53521391702257,44.53308516263546,21.654620288632593,41.64487210941489,46.21011999142308,Low,0
Jun,Wednesday,7,Vegetative/Tillering,-10.00403604001097,0.0,0.18314601893145904,6.61537850355474,41.907361612193306,25.476869783322158,44.713973145188575,43.12238504958439,Low,0
Jun,Wednesday,8,Vegetative/Tillering,-10.084438871931779,0.0,0.12857476249574015,6.665137113751886,37.533303608121486,25.97860307082308,44.75785505996629,52.222141840690874,Low,0
Jun,Wednesday,9,Vegetative/Tillering,-9.740291877384125,0.0,0.1736079533408432,7.049059540950388,41.51795975617014,27.893964621449577,43.91942809575332,50.6871730591676,Low,0
Jun,Wednesday,10,Vegetative/Tillering,-9.897812520612614,0.0,0.21628720746059885,6.895383024147886,45.024613438645154,27.96381465164734,40.75148928378743,47.03327952112843,Low,0
Jun,Wednesday,11,Vegetative/Tillering,-10.166284972996214,0.0,0.1012002531414341,6.680706929517167,38.363692883924514,29.61338274534269,46.625944359832154,50.45269280545571,Low,0
Jun,Wednesday,12,Vegetative/Tillering,-10.27580152033946,0.0,0.17711527842391248,6.826416930914135,39.71971320536486,29.722641364191198,49.11097197006484,51.38275165913911,Low,0
Jun,Wednesday,13,Vegetative/Tillering,-10.865528495949578,0.0,0.18368729222783411,6.358733860786235,41.249780313322965,30.77755738926376,43.387675965685865,47.59036595985902,Low,0
Jun,Wednesday,14,Vegetative/Tillering,-10.633512507706568,0.0,0.21114152321150892,6.6266851684581365,40.21383782565141,30.60878210234823,48.73181482943239,50.3525365582156,Low,0
Jun,Wednesday,15,Vegetative/Tillering,-11.426818178358221,0.0,0.18541164266515733,6.803608379134636,42.03594902091048,30.40471927245792,45.898767989326046,51.83992488063429,Low,0
Jun,Wednesday,16,Vegetative/Tillering,-11.512675754860211,0.0,0.16351105797555482,6.761696281682759,35.40383942187832,30.37143023122838,49.95606152394001,45.727035833374806,Low,0
Jun,Wednesday,17,Vegetative/Tillering,-11.049830392916336,0.0,0.17505256184285134,6.660599242335529,36.000895485519145,28.654443426788127,44.71793227170564,50.656444625742694,Low,0
Jun,Wednesday,18,Vegetative/Tillering,-10.858804632810548,0.0,0.1342736757903531,6.801129523156839,40.88711975292503,25.29833420397208,43.709809227318644,50.233884589704296,Low,0
Jun,Wednesday,19,Vegetative/Tillering,-10.563580314083582,0.0,0.14642111746747888,6.867485833546051,36.755649989656334,25.391579820140798,45.8272036989389,54.02404334058483,Low,0
Jun,Wednesday,20,Vegetative/Tillering,-10.599707089843005,0.0,0.11325040061043018,6.837599744800375,38.667167006741714,23.214403757953168,41.99924500198218,50.71550480102415,Low,0
Jun,Wednesday,21,Vegetative/Tillering,-10.067332770321865,0.0,0.21204603300204783,6.996779629430658,40.20710826150837,23.04673885437112,44.52135216357892,48.29571429308355,Low,0
Jun,Wednesday,22,Vegetative/Tillering,-9.70961376615262,0.0,0.17575550616327962,6.898263774139022,43.26890590800556,23.10684037605022,47.29214933985972,48.58494419328641,Low,0
Jun,Wednesday,23,Vegetative/Tillering,-9.605508742412043,0.0,0.1279360638886385,6.930193655540307,42.67531495426159,23.288641942469003,45.758531367156536,54.38140087301309,Low,0
Jun,Thursday,0,Vegetative/Tillering,-9.442219696461041,0.0,0.16949749369319045,7.157367503373578,42.75280255684723,22.571490567189148,44.107127025784926,49.6337070622884,Low,0
Jun,Thursday,1,Vegetative/Tillering,-9.36881398404264,0.0,0.20057716984980165,6.991764350224008,41.20998468249434,22.979119313980288,44.8012467822947,51.98619867046754,Low,0
Jun,Thursday,2,Vegetative/Tillering,-9.82931638506055,0.0,0.19474773139090346,7.139790250861873,43.339648714018566,24.072151299113468,46.473030343905364,49.92488195550481,Low,0
Jun,Thursday,3,Vegetative/Tillering,-10.62219614691281,0.0,0.12753264853917595,6.728127283493474,47.058377332863785,22.561875372459575,46.37333982936963,53.22398835738573,Low,0
Jun,Thursday,4,Vegetative/Tillering,-10.502368262708176,0.0,0.050315641444215825,6.566349158601902,40.67688036734621,22.301089619059923,46.4501931493856,53.34750849054219,Low,0
Jun,Thursday,5,Vegetative/Tillering,-10.3378439643445,0.0,0.17383851297137332,6.816114945846523,39.88851890066687,23.07563412170092,45.21831431625887,50.46416390999516,Low,0
Jun,Thursday,6,Vegetative/Tillering,-9.949711191101695,0.0,0.12895956288566185,6.813584452379147,38.02496719937161,22.220546834594924,41.72636608168638,49.503930376062904,Low,0
Jun,Thursday,7,Vegetative/Tillering,-10.529643610407453,0.0,0.18178146270931753,7.097290432812779,37.95389243638781,23.526940974487044,42.204541408581775,49.44431319603298,Low,0
Jun,Thursday,8,Vegetative/Tillering,-11.019830014617472,0.0,0.19325946359176843,6.58928455955256,37.624987497023454,26.320496171280613,45.58350029432054,46.20268288023063,Low,0
Jun,Thursday,9,Vegetative/Tillering,-10.834328238232166,0.0,0.19897715889071838,6.734224548279395,37.42841174770854,29.271815922521007,46.6943782585272,50.772230664480766,Low,0
Jun,Thursday,10,Vegetative/Tillering,-10.923925207641329,0.0,0.2210659170092486,6.820200757142079,38.25042383260711,29.348768583042723,46.30580867204452,50.72182397273252,Low,0
Jun,Thursday,11,Vegetative/Tillering,-11.829364047896304,0.0,0.20327249213270562,6.748384261435516,39.665558438663446,30.475612618777923,42.1743498509468,48.480503467923995,Low,0
Jun,Thursday,12,Vegetative/Tillering,-11.603332185279214,0.0,0.22123420900744079,6.71832009433303,39.14633659006836,29.220304610933688,43.746497893052116,45.933805515821405,Low,0
Jun,Thursday,13,Vegetative/Tillering,-12.424015902072954,0.0,0.20826711201323658,6.779909815667851,34.364696402088406,31.475500393952757,40.677164006841224,51.03654707328292,Low,0
Jun,Thursday,14,Vegetative/Tillering,-12.733396901903538,0.0,0.21131761509077585,6.916750833766619,31.523287546099787,30.99911598650242,40.02571396118552,51.35239085261761,Low,0
Jun,Thursday,15,Vegetative/Tillering,-11.975990727905911,0.0,0.15856961512457796,7.0169218986082615,38.432357538830644,29.800819080787868,44.4444379009793,51.507446433363775,Low,0
Jun,Thursday,16,Vegetative/Tillering,-11.119469490549097,0.0,0.11487357490686678,6.750549913789103,37.71516467575944,29.52369223686614,48.27446909410684,48.04598718286553,Low,0
Jun,Thursday,17,Vegetative/Tillering,-11.755997270950548,0.0,0.24687945890688442,6.6169125287240345,32.832605698513966,28.24901570859624,44.49941200211444,51.51276604691076,Low,0
Jun,Thursday,18,Vegetative/Tillering,-11.90626162263096,0.0,0.1622033527325607,7.077488943382994,37.34983234267177,25.748479570254116,49.92440628662108,50.074377056476266,Low,0
Jun,Thursday,19,Vegetative/Tillering,-11.866413003343151,0.0,0.2030047822390982,6.615966222791496,38.07198216044337,25.17065045307444,43.70768808648142,52.682053091573636,Low,0
Jun,Thursday,20,Vegetative/Tillering,-11.04487608802662,0.0,0.14074038091415222,7.148563566690398,33.14048057886678,24.082708338021725,44.29365162444069,48.08378089110663,Low,0
Jun,Thursday,21,Vegetative/Tillering,-11.353910472279791,0.0,0.19373728548909738,7.085304663391053,35.601505582262696,22.942646819621185,41.226979326942555,53.39634136356166,Low,0
Jun,Thursday,22,Vegetative/Tillering,-11.602338594303372,0.0,0.0744262836236012,7.119127912886442,36.433479351056484,22.430924638050314,43.158268049988735,54.2957992886413,Low,0
Jun,Thursday,23,Vegetative/Tillering,-10.892644600780415,0.0,0.14563448131496662,6.966126314912776,39.82667478074424,22.982935944158616,40.63018529914177,50.81103008462561,Low,0
Jun,Friday,0,Vegetative/Tillering,-11.290762808727704,0.0,0.15655561208126992,6.45012143443442,36.370676089805166,23.808690556051545,40.463988147147695,52.72793502505451,Low,0
Jun,Friday,1,Vegetative/Tillering,-11.12681644659423,0.0,0.17619130689068152,6.66829907647797,36.131356724225974,22.14394492856218,41.58120614833528,53.67848143137274,Low,0
Jun,Friday,2,Vegetative/Tillering,-11.963709811704964,0.0,0.19752086368103877,6.88892218061934,37.24143495126865,23.587846607027345,45.35582526989815,49.154494869263814,Low,0
Jun,Friday,3,Vegetative/Tillering,-12.085630273963007,0.0,0.12170499774293897,6.727144713763078,34.557842595860464,22.582588433183616,42.88988115929316,50.50308829302212,Low,0
Jun,Friday,4,Vegetative/Tillering,-12.852458701402965,0.0,0.18309888661220713,6.780969864922623,34.73820841773028,23.31865046510379,43.60038154791358,52.17931130538315,Low,0
Jun,Friday,5,Vegetative/Tillering,-13.235162652481787,0.0,0.20293334418228595,6.957702447849213,30.51257832409453,22.67353497996355,46.32961170917399,56.785986290914806,Low,0
Jun,Friday,6,Vegetative/Tillering,-12.710032604649152,0.0,0.24210690539639904,6.816833832155824,31.29125571036924,22.67138643593475,40.453604882435584,48.72848425846186,Low,0
Jun,Friday,7,Vegetative/Tillering,-12.66018843383246,0.0,0.1847319794343137,6.576221640152041,35.626086073942886,26.123643404638553,45.34310817625732,55.813061387479664,Low,0
Jun,Friday,8,Vegetative/Tillering,-12.74335772489265,0.0,0.14391729064815723,6.964886558757236,34.42098128089207,25.46880064051367,47.64422630793714,51.23568404350125,Low,0
Jun,Friday,9,Vegetative/Tillering,-13.016010075254284,0.0,0.11548823700121086,6.852664329174076,35.10648728586213,28.501211356906303,47.903678473238706,51.63265754658967,Low,0
Jun,Friday,10,Vegetative/Tillering,-13.022997231010594,0.0,0.22402208042528307,6.681210059436459,32.17962064373169,30.764711388481267,46.64970114926002,54.763860880456015,Low,0
Jun,Friday,11,Vegetative/Tillering,-12.806027893597108,0.0,0.18580696774575298,6.852310385872877,32.17532245040746,30.88116848439761,44.94345318942226,56.77237370435368,Low,0
Jun,Friday,12,Vegetative/Tillering,-12.325305028919052,0.0,0.15923085289469163,6.7567152861242175,37.6407057056761,29.859545682223242,43.22878331056886,52.775864479101884,Low,0
Jun,Friday,13,Vegetative/Tillering,-13.548193799257303,0.0,0.10330635970223637,6.975648980741729,28.938417353793533,30.099735592867674,44.852923740278634,54.6306174659569,Low,0
Jun,Friday,14,Vegetative/Tillering,-13.80467252911288,0.0,0.12740856171856815,6.75987057445829,33.87170734849033,30.323122996137467,50.060389683769955,49.417980888336274,Low,0
Jun,Friday,15,Vegetative/Tillering,-13.589506631663498,0.0,0.1820962101070878,6.968920820897994,34.526193498972376,30.459077272435252,45.91919860764077,50.39507926261776,Low,0
Jun,Friday,16,Vegetative/Tillering,-13.528332683532408,0.0,0.17238415584440653,6.40683640912723,33.75218058805437,29.56040601501548,44.77935438902721,48.33763087861504,Low,0
Jun,Friday,17,Vegetative/Tillering,-13.254610497522341,0.0,0.09187839543617411,6.863726006606678,31.313319771925485,27.095561171430116,46.79107830339179,50.429779788535534,Low,0
Jun,Friday,18,Vegetative/Tillering,-13.082005232445598,0.0,0.182141439477564,6.727416917404706,31.47013976867985,25.89786394618289,45.249172746571915,53.13183698025506,Low,0
Jun,Friday,19,Vegetative/Tillering,-13.189478737071745,0.0,0.10510472431230139,6.669031099867172,32.42513948503141,24.255981482066495,45.777378852036904,52.24911364887445,Low,0
Jun,Friday,20,Vegetative/Tillering,-13.376904230194702,0.0,0.2073903174010791,7.051324065990301,29.80535049386992,22.980402553508085,44.35984853580581,56.03650676557011,Low,0
Jun,Friday,21,Vegetative/Tillering,-13.403694873959893,0.0,0.1672994570216735,6.9768443922502446,30.407744304989063,24.71275636583286,43.85518673777589,56.855527588952505,Low,0
Jun,Friday,22,Vegetative/Tillering,-12.789176867518607,0.0,0.1437802492937745,6.490657440750836,35.09544410097343,22.378450347501243,48.08800078058969,51.37748896168583,Low,0
Jun,Friday,23,Vegetative/Tillering,-13.09521114241693,0.0,0.19465540186887356,6.981137708354593,34.37019148664768,22.34343373349137,39.248950928821884,50.01953897469744,Low,0
Jun,Saturday,0,Vegetative/Tillering,-13.20013349678223,0.0,0.17237247509560247,6.961169331894794,30.720529954652733,22.218487763884923,47.43580521024477,55.81675641515743,Low,0
Jun,Saturday,1,Vegetative/Tillering,-13.166917566612295,0.0,0.20637246629767567,6.702845593946714,34.25164171073064,23.633435656993786,44.5697410404962,56.077225766063194,Low,0
Jun,Saturday,2,Vegetative/Tillering,-12.506880077731955,0.0,0.16281664646863486,6.690766388702891,35.39209442492292,23.091926722915918,40.28436260850779,54.01978699613145,Low,0
Jun,Saturday,3,Vegetative/Tillering,-12.76639623966657,0.0,0.1648586778242,6.565076178150326,36.88042153395444,22.40801876146403,43.076171732642756,54.68056932203833,Low,0
Jun,Saturday,4,Vegetative/Tillering,-12.41519141501177,0.0,0.1500162348590732,6.7842228055026865,35.84181348770679,22.834763532977334,45.89186173210639,54.28954840384455,Low,0
Jun,Saturday,5,Vegetative/Tillering,-11.985332408841588,0.0,0.16920384999685073,6.818175366716311,37.852364326248946,22.491791759233838,46.304437687511175,50.444774942509994,Low,0
Jun,Saturday,6,Vegetative/Tillering,-12.197064179738446,0.0,0.2194282807926239,6.980533725090262,36.18120115048816,23.361713024951396,48.220013366540336,49.870237688256466,Low,0
Jun,Saturday,7,Vegetative/Tillering,-12.44695725856033,0.0,0.14240325404786347,6.830198434253787,36.58716079884958,27.052668757087584,48.42405470363484,52.7894119194303,Low,0
Jun,Saturday,8,Vegetative/Tillering,-12.720011038887034,0.0,0.18267843022657226,6.591165117682807,31.39773919353557,27.036761437494253,41.359855110318335,52.41437805363505,Low,0
Jun,Saturday,9,Vegetative/Tillering,-12.92967056046276,0.0,0.1291844745947217,6.8099194644483125,33.22530174066755,28.038527602783976,47.13251075905417,53.609026183781054,Low,0
Jun,Saturday,10,Vegetative/Tillering,-12.620597633627288,0.0,0.08766437588125428,6.709056752460987,34.13260014283945,28.847671469753877,48.18563192026832,52.58860459830156,Low,0
Jun,Saturday,11,Vegetative/Tillering,-12.647066230833353,0.0,0.16726105591295382,6.580360818374728,33.65954115212939,29.258030877711473,46.656767862796194,48.658504914464444,Low,0
Jun,Saturday,12,Vegetative/Tillering,-12.680585478279133,0.0,0.1729641898214298,6.428718069882317,34.95436811276353,31.51137508257702,47.50732445562017,47.63618353979484,Low,0
Jun,Saturday,13,Vegetative/Tillering,-13.334325113089891,0.0,0.15614820556951306,6.824937350164195,33.76637903757576,31.668483342693055,40.202437580580806,54.76024270758923,Low,0
Jun,Saturday,14,Vegetative/Tillering,-13.83737902096505,0.0,0.10764052602297174,6.809578349404775,32.07480450382617,30.55154250010194,43.02935503175259,51.25969049578308,Low,0
Jun,Saturday,15,Vegetative/Tillering,-12.880232008047333,0.0,0.17065053761245674,6.818167153146962,33.23355541824373,31.303418129573448,50.09814100714635,52.33635565334338,Low,0
Jun,Saturday,16,Vegetative/Tillering,-13.109445236974944,0.0,0.1693209771948806,6.615467940808698,31.565871271569886,29.396537410852307,45.160875033575685,51.52173004232217,Low,0
Jun,Saturday,17,Vegetative/Tillering,-13.580089556185767,0.0,0.12889267791175993,6.787303470130528,34.102157213466626,28.73272700318598,52.669311744207505,50.63404391100372,Low,0
Jun,Saturday,18,Vegetative/Tillering,-12.993871282693465,0.0,0.1126277949984443,6.537439040809392,34.01417455476335,26.833027514566872,42.164732765254996,50.56703704475832,Low,0
Jun,Saturday,19,Vegetative/Tillering,-13.005234710585835,0.0,0.15116642253029114,6.638463212350436,31.25020897779518,24.7634587677484,50.691316723397534,55.46625760033802,Low,0
Jun,Saturday,20,Vegetative/Tillering,-12.87675627218911,0.0,0.1828525236372219,6.858155411290389,33.20840986344689,22.36109231095401,44.16788316104607,52.31879087038628,Low,0
Jun,Saturday,21,Vegetative/Tillering,-13.080768699126354,0.0,0.17458291561271969,6.889594984566345,29.61955576668203,23.008570726109863,48.58730794884507,54.503577406498266,Low,0
Jun,Saturday,22,Vegetative/Tillering,-13.327352860897117,0.0,0.12917070507580727,6.537333170704176,32.5850943625418,23.79864053511588,45.113852753524576,54.83937893079366,Low,0
Jun,Saturday,23,Vegetative/Tillering,-13.460508350094212,0.0,0.16479237797577026,6.656364572768318,31.798020074576698,22.71849191048046,46.347034443715835,53.70807703168482,Low,0
Jun,Sunday,0,Vegetative/Tillering,-14.263813802159849,0.0,0.19104942419164483,6.769577392757779,29.117912974105685,23.476793116482543,48.68662992225476,56.119692023524195,Low,0
Jun,Sunday,1,Vegetative/Tillering,-14.359309515330844,0.0,0.11895670017566148,7.026151202508141,33.20685754281303,22.2588112943808,45.0599402156804,54.15035629988221,Low,0
Jun,Sunday,2,Vegetative/Tillering,-14.256835742959794,0.0,0.1622104378815118,6.6849058044505165,27.971285977812272,23.749046668904285,49.303319184624385,57.524121804556174,Low,0
Jun,Sunday,3,Vegetative/Tillering,-13.459066495882038,0.0,0.20688743430598056,6.862173254865235,33.611026313247784,23.37535306919197,46.10237875983545,56.17312434077293,Low,0
Jun,Sunday,4,Vegetative/Tillering,-13.559206806865213,0.0,0.11537737456471356,6.8992210044201725,36.33131998538724,22.1633113929308,47.43414980114107,56.505691314747715,Low,0
Jun,Sunday,5,Vegetative/Tillering,-14.729511601855,0.0,0.20044342018673283,6.798368645652034,31.303707962981377,22.94578838118271,38.96448581497366,51.76828915388116,Low,0
Jun,Sunday,6,Vegetative/Tillering,-14.726217866792824,0.0,0.21667156083128347,6.877691315956878,29.093999555501686,23.870152727454695,45.88799417672918,54.77269280059565,Low,0
Jun,Sunday,7,Vegetative/Tillering,-13.44998458449937,0.0,0.152222806619019,6.586945853591607,29.951899718354856,23.897941439127937,50.690625965054934,49.52702550782702,Low,0
Jun,Sunday,8,Vegetative/Tillering,-13.200231136585199,0.0,0.14799469833443019,6.6833686584282415,30.095320919026612,25.739309722040517,48.98403156135611,57.61714068304122,Low,0
Jun,Sunday,9,Vegetative/Tillering,-13.74799501434344,0.0,0.1961583046656846,7.0248249615787905,30.681708575660704,28.05732085104067,49.55963684303118,52.556266300741875,Low,0
Jun,Sunday,10,Vegetative/Tillering,-13.598322225286053,0.0,0.15348543687396682,6.99206293569822,30.490025191485657,31.086316444089995,47.05995303358427,52.902828341165815,Low,0
Jun,Sunday,11,Vegetative/Tillering,-14.081325466180807,0.0,0.07764056547567177,6.892305407010026,29.265725063249796,29.794688475987755,51.92882350867322,50.69617567267217,Low,0
Jun,Sunday,12,Vegetative/Tillering,-14.784697729156024,0.0,0.1565421891858647,6.915760956734812,28.364098539083052,31.320642497122986,47.765316149706315,54.02390419709865,Low,0
Jun,Sunday,13,Vegetative/Tillering,-14.949832838183982,0.0,0.1764641388868097,6.388839421021626,28.41590700258707,31.33310832608108,44.91969975337488,53.443952802675255,Low,0
Jun,Sunday,14,Vegetative/Tillering,-14.905713787625182,0.0,0.1859029348753864,6.559942629988525,29.696710804990158,30.452807377242152,49.46542262532284,58.67132749917541,Low,0
Jun,Sunday,15,Vegetative/Tillering,-15.761576510175269,0.0,0.1291779792336827,6.674576853088231,24.196623936654493,30.461657624647252,49.66779507846524,56.26267180074909,Low,1
Jun,Sunday,16,Vegetative/Tillering,-16.180057168723,0.0,0.1505569608184587,7.186994784803503,24.303375202798698,29.021384130068274,48.78877367430236,52.82795555071094,Low,1
Jun,Sunday,17,Vegetative/Tillering,-16.02307297160233,0.0,0.19419175424533047,6.71374476584719,25.72528070250945,27.82667458277666,45.69119833760998,49.94900095305202,Low,1
Jun,Sunday,18,Vegetative/Tillering,-16.078065129217475,0.0,0.1579000482505332,6.942576988071342,25.52167330303152,25.267052390721958,47.74441651620972,48.40540705272333,Low,1
Jun,Sunday,19,Vegetative/Tillering,-15.762345749043897,0.0,0.10649417021136802,6.882322687829511,30.343217617121496,24.885618483757455,51.07997458299919,51.548950133462,Low,1
Jun,Sunday,20,Vegetative/Tillering,-16.210197780696486,0.0,0.20331733033671318,6.8939381008521465,26.06001851177615,23.844274805298042,48.33264998348872,50.786541964281625,Low,1
Jun,Sunday,21,Vegetative/Tillering,-15.719611581272577,0.0,0.1525061142167964,6.835700378465946,23.545752581026967,23.17094061982375,42.46671238992343,54.986116880627556,Low,1
Jun,Sunday,22,Vegetative/Tillering,-16.14160199801595,0.0,0.19819265720134832,6.611532997429428,26.596517927935245,23.997406208657942,45.013708862591464,53.75221576843139,Low,1
Jun,Sunday,23,Vegetative/Tillering,-15.220773860076253,0.0,0.11115901564467078,6.347451566221267,29.061470181304948,23.589261956756015,44.87420397922233,54.15789902345525,Low,1
Jun,Monday,0,Vegetative/Tillering,-13.283056747635822,0.0,0.15576546383438203,7.072071142442394,32.37040774918455,23.077366954935822,45.537029764357754,52.94019522879516,Low,0
Jun,Monday,1,Vegetative/Tillering,-11.32349609142932,0.0,0.17784076082870323,6.737190505109726,34.896816031751236,22.622659557594545,41.46614709326484,55.69258098685082,Low,0
Jun,Monday,2,Vegetative/Tillering,-8.946989777264891,0.0,0.15694992984746542,6.510379789489546,46.543333925191185,22.735989027710875,53.47173258335338,51.761483797899295,Low,0
Jun,Monday,3,Vegetative/Tillering,-6.331958012995728,0.0,0.11859478291876524,6.937104109467773,47.16353294164774,21.9485916208503,45.171137160971384,55.09175022739513,Low,0
Jun,Monday,4,Vegetative/Tillering,-4.682379280138612,0.0,0.07646188426047698,6.919212040313607,54.5838341404992,22.91133688792134,45.38815507137096,57.38811790740222,Low,0
Jun,Monday,5,Vegetative/Tillering,-3.1473297513489653,0.0,0.2133142795326176,6.977093630963877,57.346509654890355,23.241799006851323,41.97487463481855,54.39891804502812,Low,0
Jun,Monday,6,Vegetative/Tillering,-2.0709119804072342,0.0,0.16868133706654637,7.020868773150116,60.731432345082176,24.497336878239388,50.39928695408094,56.42160956017072,Low,0
Jun,Monday,7,Vegetative/Tillering,-1.6166332420138942,0.0,0.20083803684768983,6.642165097575565,64.03379606750131,25.327823730273614,47.527405441332114,50.37033805357364,Low,0
Jun,Monday,8,Vegetative/Tillering,-0.9895316000542322,0.0,0.19250341847761573,6.641440491867247,63.24840190415191,25.904186728830084,46.7472591847513,50.16978800771757,Low,0
Jun,Monday,9,Vegetative/Tillering,-0.7828083177600733,0.0,0.18088963891418527,6.725712054771632,61.50393158328876,26.961423794454824,46.90599594265835,56.13064683899104,Low,0
Jun,Monday,10,Vegetative/Tillering,-0.6452346387732552,0.0,0.14875319256985264,6.89717908028022,65.16342141720011,29.21441018998058,49.563413176800864,57.93004760815505,Low,0
Jun,Monday,11,Vegetative/Tillering,0.21746735755891006,0.041666666666666664,0.18257852633634225,6.344292543603547,63.75972275805315,30.98216250068155,46.35993546797473,54.71691506625969,Low,0
Jun,Monday,12,Vegetative/Tillering,0.2604918355610798,0.08333333333333333,0.21665108901200236,6.7493581870749395,65.45229642813713,30.74793022809908,41.833296811947264,60.675521055648915,Low,0
Jun,Monday,13,Vegetative/Tillering,0.9340401483980176,0.125,0.18625638619953194,6.881903118306453,64.15552914012366,31.558587340004475,43.92539217705992,51.70400497313635,Low,0
Jun,Monday,14,Vegetative/Tillering,0.7718542891228011,0.16666666666666666,0.2458558937820417,6.886161316392472,64.28588783922122,30.77952293805284,43.76958556979295,53.6125404789031,Low,0
Jun,Monday,15,Vegetative/Tillering,1.3414188154200077,0.20833333333333334,0.14105570435916023,6.8514458159058425,67.8221784978804,30.906351290991832,48.62595352423176,55.66272924512725,Low,0
Jun,Monday,16,Vegetative/Tillering,1.4701777804424359,0.25,0.14051264311687525,6.957312412020502,68.76460009022361,28.10184544157971,50.59005712159944,56.4734371179216,Low,0
Jun,Monday,17,Vegetative/Tillering,2.4288995158351208,0.2916666666666667,0.25530512040405684,6.252063151162373,66.92457759262223,29.39626411098675,52.19741688961045,53.85274324868794,Low,0
Jun,Monday,18,Vegetative/Tillering,2.7644270866287832,0.3333333333333333,0.20045467438748885,7.092333116807587,72.1291997439104,25.706083154361497,42.89531674819624,52.66433750142787,Low,0
Jun,Monday,19,Vegetative/Tillering,3.4650792308599527,0.375,0.3181437729865061,6.863870591611692,71.1773322008673,25.540153335434333,49.66081027675776,56.86315716308848,Low,0
Jun,Monday,20,Vegetative/Tillering,3.1763918713627852,0.4166666666666667,0.2862167447772227,7.084128436838069,74.68271652261302,22.907252804264836,45.954786423386736,55.64560163992762,Low,0
Jun,Monday,21,Vegetative/Tillering,3.30121328020373,0.4583333333333333,0.29809533474162475,6.630580728959995,71.71898301483994,23.03233767970648,56.57037423344663,54.45094744447944,Low,0
Jun,Monday,22,Vegetative/Tillering,2.951954199822883,0.5,0.26475412568986584,6.527829390845684,69.33744554047496,22.93211847522388,51.950662391953706,56.55953639595323,Low,0
Jun,Monday,23,Vegetative/Tillering,2.918776119402667,0.5416666666666666,0.20071397615660638,7.159105728280397,71.65667180248491,23.329483668041195,52.90568623640347,54.97163037527941,Low,0
Jun,Tuesday,0,Vegetative/Tillering,2.815545006895655,0.5833333333333334,0.17231166916765966,6.668360775249117,69.42483801439212,23.491019634624717,51.10731946073992,56.16106120867535,Low,0
Jun,Tuesday,1,Vegetative/Tillering,2.5307590842755183,0.625,0.27560429052850377,6.771971859024167,73.11171208512751,23.971689209458454,49.84566458942559,56.06897433878744,Low,0
Jun,Tuesday,2,Vegetative/Tillering,2.0773209704408275,0.6666666666666666,0.15944813705059868,6.91867144869208,69.4866307441242,24.251359106077903,47.49225108788824,54.457772282919876,Low,0
Jun,Tuesday,3,Vegetative/Tillering,1.6084059156580035,0.7083333333333334,0.2556811469619133,6.975762740290612,68.05682095139264,23.390457237421362,46.90203756752449,54.2035579617166,Low,0
Jun,Tuesday,4,Vegetative/Tillering,0.7961221246274364,0.75,0.20333956972371336,7.014175842205551,67.59429513696787,24.495939391334645,46.29968473912706,55.19616086758327,Low,0
Jun,Tuesday,5,Vegetative/Tillering,0.6799839285356482,0.7916666666666666,0.17433075532968764,6.879718839616475,64.12206655008497,23.199378034257983,50.55272697418601,56.59059409917716,Low,0
Jun,Tuesday,6,Vegetative/Tillering,1.339502876487432,0.8333333333333334,0.2089592408639217,6.637920055502338,65.13649959291281,23.98695228980234,53.3812083975059,51.83223290126906,Low,0
Jun,Tuesday,7,Vegetative/Tillering,0.903322944305823,0.875,0.19886825634836408,6.935971725701128,67.48467822521725,25.24814320997543,47.62957647783084,58.87227842050252,Low,0
Jun,Tuesday,8,Vegetative/Tillering,0.6269821405189024,0.9166666666666666,0.16859018991242475,6.925209497035021,63.805415721227746,26.156706207800173,46.53295357005112,56.55651981036116,Low,0
Jun,Tuesday,9,Vegetative/Tillering,1.8031016746236532,0.9583333333333334,0.2549765950877674,6.436925133510874,66.62742371159784,28.257905738373744,44.24948978457256,53.847692738531165,Low,0
Jun,Tuesday,10,Vegetative/Tillering,1.712088662189072,1.0,0.2515012466757105,6.99613043107133,70.28252485169554,29.782189361751538,49.43407500518055,60.551904597005084,Low,0
Jun,Tuesday,11,Vegetative/Tillering,2.052893531261246,1.0416666666666667,0.21677041384526408,6.28522150316769,70.47707269499487,30.306992438097268,52.38780244304956,56.61489748907144,Low,0
Jun,Tuesday,12,Vegetative/Tillering,2.4778755972543385,1.0833333333333333,0.2009470863968478,6.904874186909103,67.93924234850459,31.254708511852634,52.537981968159464,53.172544594365306,Low,0
Jun,Tuesday,13,Vegetative/Tillering,2.839772083274728,1.125,0.2767026936360184,6.596100850237669,70.07718091397668,31.817290367461517,52.83531622077069,60.43971895130033,Low,0
Jun,Tuesday,14,Vegetative/Tillering,2.156007032287084,1.1666666666666667,0.1431105625023184,6.850905834873169,67.86695376559636,30.905724783857874,49.9462198389853,59.89758707446427,Low,0
Jun,Tuesday,15,Vegetative/Tillering,2.1388854039784255,1.2083333333333333,0.22900837634485693,6.859670344829755,73.1859635656294,27.977640808273367,48.970565911989716,54.238464144399295,Low,0
Jun,Tuesday,16,Vegetative/Tillering,1.4921483757971765,1.25,0.22318883818224167,6.719983921482884,69.89317695705444,30.722267980938938,52.54675678604426,55.702966371427124,Low,0
Jun,Tuesday,17,Vegetative/Tillering,2.7601047186514975,1.2916666666666667,0.20001030374905704,6.850572916028054,70.28256163275304,27.87484527069361,45.3698162135422,55.3664493760084,Low,0
Jun,Tuesday,18,Vegetative/Tillering,2.030340633677713,1.3333333333333333,0.24484100790226046,6.782877555981357,70.5252068995135,25.937445736274626,47.37746522039394,51.78674480891001,Low,0
Jun,Tuesday,19,Vegetative/Tillering,1.650578925427694,1.375,0.2003409679896104,6.955922960255698,65.7490170491648,24.00587923512826,53.83254424110184,57.322135431401826,Low,0
Jun,Tuesday,20,Vegetative/Tillering,1.3321366908481467,1.4166666666666667,0.17420391300298455,7.238011268008772,66.35183575565657,22.855843278133083,45.47618343072554,58.623280180205036,Low,0
Jun,Tuesday,21,Vegetative/Tillering,0.8608365517704135,1.4583333333333333,0.21523373068248886,6.6059549556615265,66.77573425613278,22.674801734946413,48.596625601606675,58.15263869942886,Low,0
Jun,Tuesday,22,Vegetative/Tillering,1.7478311383574454,1.5,0.16569682345451492,6.275602774537744,69.59925623034968,22.535392428892248,50.593991817123175,56.59230116720312,Low,0
Jun,Tuesday,23,Vegetative/Tillering,3.0038986457093975,1.5416666666666667,0.2655192329224707,6.77398914718787,71.51443849867566,22.579298984124343,48.94809566597446,58.86581431738569,Low,0
Jun,Wednesday,0,Vegetative/Tillering,2.6370546205082928,1.5833333333333333,0.15654424802903338,6.747143424126757,71.32495811064835,23.548794259247856,53.04825251985916,54.8699687299584,Low,0
Jun,Wednesday,1,Vegetative/Tillering,1.9541475796560595,1.625,0.21885334512699336,6.748298367136328,69.34662711108079,24.74929075280248,54.177034506525686,62.25403731311587,Low,0
Jun,Wednesday,2,Vegetative/Tillering,0.9662393329663903,1.6666666666666667,0.18569052179163206,6.664019129116851,66.49181959507469,23.78145727841192,51.03899296083751,55.77812806675412,Low,0
Jun,Wednesday,3,Vegetative/Tillering,1.0235540241831798,1.7083333333333333,0.16669949876427786,6.984191972239231,66.36423847365785,24.023078547803657,53.77018817727228,56.05581421039976,Low,0
Jun,Wednesday,4,Vegetative/Tillering,1.0481161540492114,1.75,0.19983977422734567,6.596514618318657,66.16294902436253,22.82307197484261,46.81397360660854,56.27029392731329,Low,0
Jun,Wednesday,5,Vegetative/Tillering,0.9234158899973101,1.7916666666666667,0.1803004427220602,6.920508534643291,67.18007315325073,23.208732292440462,49.127382295842125,56.08796654619225,Low,0
Jun,Wednesday,6,Vegetative/Tillering,1.2105454185758782,1.8333333333333333,0.2271779824200911,6.950431022363504,68.22694018298102,23.46618592338423,56.815573539781084,57.226523192152605,Low,0
Jun,Wednesday,7,Vegetative/Tillering,1.5340162286192773,1.875,0.21795569032360215,6.878801045916266,68.57835728332394,24.3775211567363,55.42879126351419,57.129721290694405,Low,0
Jun,Wednesday,8,Vegetative/Tillering,1.7748655563589602,1.9166666666666667,0.22021593705957634,6.881353501801148,66.40248323525938,26.25548585650117,45.769182348032295,58.032433294923116,Low,0
Jun,Wednesday,9,Vegetative/Tillering,1.6865653072499163,1.9583333333333333,0.21237927480585508,6.9264197063078985,66.54990103511342,28.79655998153633,49.561712774473605,55.66159048498023,Low,0
Jun,Wednesday,10,Vegetative/Tillering,1.2470052298153993,2.0,0.17464930476623852,6.743363459848877,68.2905761634531,30.251886063824326,50.00822387957018,58.12484422338374,Low,0
Jun,Wednesday,11,Vegetative/Tillering,1.652520413753178,2.0416666666666665,0.19074988609468005,6.66933042214691,71.40939559434939,30.38667915883156,50.84957711425221,54.98226509861391,Low,0
Jun,Wednesday,12,Vegetative/Tillering,1.6945876364563106,2.0833333333333335,0.2110522453191389,6.825522215660001,68.87184125061266,29.968297552831608,53.42212798512751,59.539520133297984,Low,0
Jun,Wednesday,13,Vegetative/Tillering,2.112213009206885,2.125,0.20673774318142238,6.8322380265687706,68.74597439714255,30.888526413425872,55.11747724881332,59.50850854009261,Low,0
Jun,Wednesday,14,Vegetative/Tillering,2.415326074069314,2.1666666666666665,0.2592840009168877,6.901072207971628,70.74546348865191,29.77135838984989,49.712248526785224,57.69386605723492,Low,0
Jun,Wednesday,15,Vegetative/Tillering,1.6705281492391564,2.2083333333333335,0.20503396036501026,6.423375610153407,66.23562471314712,30.392912871087134,52.96595738989121,56.084090529951546,Low,0
Jun,Wednesday,16,Vegetative/Tillering,1.0166078590932042,2.25,0.19857402775120972,6.710704711045359,69.55774517489662,29.583974348761373,51.54458824931856,58.48616661496085,Low,0
Jun,Wednesday,17,Vegetative/Tillering,0.7547479587876424,2.2916666666666665,0.12977476128334642,6.577288457093081,66.6845833901064,27.89635007803965,49.53660766596621,55.48921542684831,Low,0
Jun,Wednesday,18,Vegetative/Tillering,0.39255269971546086,2.3333333333333335,0.20282687701499974,6.8866320854274585,64.10321205289601,26.789438890847027,44.50552547690585,57.79468391167448,Low,0
Jun,Wednesday,19,Vegetative/Tillering,0.8979171443452663,2.375,0.16210685283002962,6.939727323897033,66.32141021424289,25.238688462917583,52.65542086011715,57.32879512694726,Low,0
Jun,Wednesday,20,Vegetative/Tillering,1.1556517424349433,2.4166666666666665,0.1523984181804886,6.788148372876839,66.21949171771664,23.330489634325698,51.415581136656044,64.28310441749399,Low,0
Jun,Wednesday,21,Vegetative/Tillering,1.721633952308189,2.4583333333333335,0.2606573591266447,6.7237751267550445,71.25526143917332,22.163775766162455,50.768767690340034,54.64070204337142,Low,0
Jun,Wednesday,22,Vegetative/Tillering,1.9023131557088444,2.5,0.23197458217786182,6.951117608192849,68.66107139480712,22.922388539589843,46.656202284956166,51.040058441514006,Low,0
Jun,Wednesday,23,Vegetative/Tillering,1.9849883814314877,2.5416666666666665,0.24382305969699936,6.811723267202073,69.57470360766675,23.452874382613015,55.47741181981794,56.114382225568974,Low,0
Jun,Thursday,0,Vegetative/Tillering,2.3592017425192893,2.5833333333333335,0.23488740996473834,7.078444457926522,71.30953709534889,24.3879694170448,50.95741564734659,54.617420952141025,Low,0
Jun,Thursday,1,Vegetative/Tillering,2.3652062679907173,2.625,0.21586987884313805,7.163019658749772,68.69496183564864,22.907459399809042,47.07587327355137,57.08951284762767,Low,0
Jun,Thursday,2,Vegetative/Tillering,2.2014561573523235,2.6666666666666665,0.20525026365183888,7.014142906348902,70.1709137099159,23.56567216035849,46.5930388605868,55.66223965590208,Low,0
Jun,Thursday,3,Vegetative/Tillering,2.706337726203281,2.7083333333333335,0.25492729964606553,6.871965510145572,71.54408168167627,23.82752152953906,52.53241720139171,56.64499834366432,Low,0
Jun,Thursday,4,Vegetative/Tillering,2.5339504200723484,2.75,0.26298692698014897,7.171588011893347,67.47332336613238,22.967697841301952,52.621749219220845,56.24397585247314,Low,0
Jun,Thursday,5,Vegetative/Tillering,2.201807787870653,2.7916666666666665,0.21265876351936172,6.8701737593345165,70.28973166844479,24.043726197989873,49.11096953006006,61.31362870774323,Low,0
Jun,Thursday,6,Vegetative/Tillering,1.6777675644521526,2.8333333333333335,0.2744831893758319,6.739944013748021,68.43511802479888,24.086739065144716,51.88787548399089,58.78492630663736,Low,0
Jun,Thursday,7,Vegetative/Tillering,1.918805260820784,2.875,0.20106398228064126,6.675796592558015,69.36506521020186,26.009475258899467,52.502819027613036,61.594882007854736,Low,0
Jun,Thursday,8,Vegetative/Tillering,2.3615138462537564,2.9166666666666665,0.1702475505851949,6.656427484036866,70.23889265799015,26.96281564812889,50.919775662990766,59.00745371042599,Low,0
Jun,Thursday,9,Vegetative/Tillering,2.155019142744661,2.9583333333333335,0.15362218263382735,6.7363380222607505,70.19038568848734,30.001028214595895,48.39597663716689,61.227724807410546,Low,0
Jun,Thursday,10,Vegetative/Tillering,2.5786118267946696,3.0,0.16539315779409028,6.837544246366217,73.36335483565952,28.887425369532767,53.38406784750189,58.15088724140681,Low,0
Jun,Thursday,11,Vegetative/Tillering,1.4560148731995635,3.0416666666666665,0.18191695908995179,6.452291555710097,65.63542087150874,32.0320130121625,53.012893931473585,62.892630076355815,Low,0
Jun,Thursday,12,Vegetative/Tillering,1.3394521056213962,3.0833333333333335,0.18536567190158748,6.6336073897121,67.03038038249052,31.539062888381334,52.20304012014809,60.08367044695683,Moderate,0
Jun,Thursday,13,Vegetative/Tillering,1.2334373005107142,3.125,0.21472691983156408,6.742853534514211,68.7934867791514,32.19730986642138,47.99880436966608,56.956697197583644,Low,0
Jun,Thursday,14,Vegetative/Tillering,0.8213419441892416,3.1666666666666665,0.17953226737084904,6.84332683204164,67.43307240151,30.66839309382122,46.506902519487106,60.454124004771664,Moderate,0
Jun,Thursday,15,Vegetative/Tillering,1.8566766401497832,3.2083333333333335,0.23593490221594104,6.717708944041776,69.87483504304366,31.008330705590364,50.72957173121733,58.97399598977126,Moderate,0
Jun,Thursday,16,Vegetative/Tillering,1.6367533143667667,3.25,0.20249008200096813,6.773692996228966,73.93536238582692,30.521231190675728,53.28871337984338,58.39998079467721,Moderate,0
Jun,Thursday,17,Vegetative/Tillering,1.2890319709785936,3.2916666666666665,0.19269904918890515,6.55592049424334,68.82194777858203,27.243031499890773,53.621118642885705,59.1463032096203,Moderate,0
Jun,Thursday,18,Vegetative/Tillering,1.1834837794200013,3.3333333333333335,0.1693740738952044,6.626397253905723,69.60223666311805,26.465408887488127,52.25314550229984,60.78437433528831,Moderate,0
Jun,Thursday,19,Vegetative/Tillering,0.1814328358097469,3.375,0.21432641700916716,6.828662389472883,64.32129468823838,23.19216532106556,49.14863746565965,53.61246854083892,Moderate,0
Jun,Thursday,20,Vegetative/Tillering,-0.1161102390609336,0.0,0.10639804961977019,6.934664196456389,62.23551067845919,22.982333618520673,48.087377800017464,58.028898880681865,Low,0
Jun,Thursday,21,Vegetative/Tillering,0.42018828171322153,0.041666666666666664,0.18105056721781643,6.892051690914256,64.87981701764447,22.47219344523193,50.44939951000986,60.61292678649391,Low,0
Jun,Thursday,22,Vegetative/Tillering,0.16606984588695523,0.08333333333333333,0.1577939799859507,6.690449822674432,66.32248797281551,22.950785849626612,50.47784802612493,59.52681816255763,Low,0
Jun,Thursday,23,Vegetative/Tillering,-0.13062255567403086,0.0,0.18736141091265754,6.762960120870069,65.00016157604068,25.463914686083726,53.82188587959605,56.090297526496784,Low,0
Jun,Friday,0,Vegetative/Tillering,0.43362891632959144,0.041666666666666664,0.17011169386778507,7.092142259636259,66.34721214038879,24.49924280543776,49.96085681103663,54.184760740394466,Low,0
Jun,Friday,1,Vegetative/Tillering,0.9453952594595729,0.08333333333333333,0.18393741118304577,6.955864852307789,66.34025984910872,21.973441970639495,50.21005217012703,64.35648333365623,Low,0
Jun,Friday,2,Vegetative/Tillering,1.0268634133855241,0.125,0.17633919855379823,6.804700192576654,66.21686695449931,23.569590641279525,57.56497330081831,59.636461543225934,Low,0
Jun,Friday,3,Vegetative/Tillering,0.669625745250069,0.16666666666666666,0.22550461777587166,6.646387209845753,65.74738730001361,23.764144869647392,56.053666709160645,63.88929043853928,Low,0
Jun,Friday,4,Vegetative/Tillering,0.4672291841759289,0.20833333333333334,0.17176493558150838,6.716272963955241,67.07030094235266,22.85468233063633,48.75165867650774,62.091573541223454,Low,0
Jun,Friday,5,Vegetative/Tillering,0.04395775894850945,0.25,0.23003673638018426,6.83967157396423,66.28695347781726,23.267646082526838,55.80625569684109,58.12013277527452,Low,0
Jun,Friday,6,Vegetative/Tillering,-0.4041664530893943,0.0,0.16952864785696375,6.886983691259021,61.517517213242996,23.345785765932,48.03435476029327,53.85058219395752,Low,0
Jun,Friday,7,Vegetative/Tillering,-0.8135624261297316,0.0,0.16076159442790644,6.9318832445178655,64.07213529615154,23.827878373361028,50.097823852571224,58.948793106180545,Low,0
Jun,Friday,8,Vegetative/Tillering,-0.9786751469616973,0.0,0.15491355640509466,6.870772308744914,60.84973718577947,25.771006429671544,50.43926950654046,60.011060750411126,Low,0
Jun,Friday,9,Vegetative/Tillering,-1.3159590621392765,0.0,0.17974864148898123,6.6970961179472965,62.27954155454784,28.25075578962266,51.16722513175608,61.230816720610676,Low,0
Jun,Friday,10,Vegetative/Tillering,-1.854214319006417,0.0,0.1394062319482478,6.65361350987739,59.66595414945962,29.459173882129654,53.259269011592885,57.326970150051984,Low,0
Jun,Friday,11,Vegetative/Tillering,-1.5265332019684599,0.0,0.1651009839663663,7.109469487248857,63.96789741375367,29.765900770885537,51.71941995485778,60.549183124298395,Low,0
Jun,Friday,12,Vegetative/Tillering,-1.2505727645130509,0.0,0.16028479549377364,6.633002046269408,60.66247610720639,30.288922385571514,53.24418206315611,60.54827143561623,Low,0
Jun,Friday,13,Vegetative/Tillering,-0.3661401916207271,0.0,0.17138366947428163,6.489195685842432,63.978487221899826,31.053176600263036,50.19447741231926,62.569049582320744,Low,0
Jun,Friday,14,Vegetative/Tillering,-0.6834550527756638,0.0,0.1722510614191614,6.418030693052944,64.07289418845727,31.633344059841207,52.52266787182075,59.33714913267255,Low,0
Jun,Friday,15,Vegetative/Tillering,-0.5324965345569622,0.0,0.17406982080643696,6.669852565419724,61.47409061681752,30.271562326461858,51.636900515434704,61.211065157378066,Low,0
Jun,Friday,16,Vegetative/Tillering,-0.40298382605298644,0.0,0.16332166611606522,6.896529539856238,63.38712470661895,30.677836524252758,47.235009776692706,60.82525903952525,Low,0
Jun,Friday,17,Vegetative/Tillering,-0.5514455806224449,0.0,0.21491302223222808,6.670485486267488,62.643360837259856,27.556261976739822,52.84903062607321,62.293133349460696,Low,0
Jun,Friday,18,Vegetative/Tillering,-0.2316153066201706,0.0,0.17478990856638693,7.052194251238222,62.916496297299645,26.750557754104324,51.68816610545886,58.05439059912195,Low,0
Jun,Friday,19,Vegetative/Tillering,0.059011382679088176,0.041666666666666664,0.2526848046595537,6.81686335494955,63.76218131546333,24.621731128367305,49.258271256410985,52.427026696445175,Low,0
Jun,Friday,20,Vegetative/Tillering,0.11232731493524907,0.08333333333333333,0.16455298217318676,7.033289920657456,66.99361475211819,23.595368757130487,50.12547361471174,59.51200914035931,Low,0
Jun,Friday,21,Vegetative/Tillering,-0.09640683092755689,0.0,0.1935619652359311,6.713614250731741,63.0715221362532,22.499729694219845,50.199037765677296,59.526751143874755,Low,0
Jun,Friday,22,Vegetative/Tillering,-0.311620645669462,0.0,0.13458827770688617,6.683897215926512,64.88492621573651,24.666918203195003,50.66524457672552,57.21036950696136,Low,0
Jun,Friday,23,Vegetative/Tillering,-0.9394873651666598,0.0,0.20902762393589563,6.8773005754363075,62.87442032766231,21.772510077539195,56.676874361896225,56.33401489257214,Low,0
Jun,Saturday,0,Vegetative/Tillering,-1.3694999121990663,0.0,0.13535006221289358,6.906899077065919,58.41923997917189,24.497384191744196,58.57076331694718,59.865330945437265,Low,0
Jun,Saturday,1,Vegetative/Tillering,-1.6438689548147107,0.0,0.1759557306284633,6.807332834708822,61.59305338529758,23.196990775287066,44.12188394996568,61.01489023855438,Low,0
Jun,Saturday,2,Vegetative/Tillering,-2.093892372011674,0.0,0.1507450479452556,6.886639686141579,56.647631887656594,23.56693966539753,53.76452319047162,61.54065305162796,Low,0
Jun,Saturday,3,Vegetative/Tillering,-1.7670112004202279,0.0,0.1758202728990909,6.930538172783939,61.51535677532178,24.192619922473565,55.164854105527574,55.58881949259159,Low,0
Jun,Saturday,4,Vegetative/Tillering,-1.1375896243095818,0.0,0.15178213170949784,6.5746420396988015,60.75540161539531,23.811129196132857,51.651769665962604,56.91823337882032,Low,0
Jun,Saturday,5,Vegetative/Tillering,-1.5385025837439712,0.0,0.13237614871275744,6.7880165817994715,60.82432830552738,22.54097848976555,55.08427025434542,64.12597213482644,Low,0
Jun,Saturday,6,Vegetative/Tillering,-1.3454413537125063,0.0,0.15049426985707753,6.740061070106092,58.68238085183731,23.60507164421008,57.26250306613825,60.82806297451033,Low,0
Jun,Saturday,7,Vegetative/Tillering,-1.7739769892707384,0.0,0.21395530434495763,6.706890811881871,60.48721987295986,26.399146649758208,48.18447402944775,61.29599924564952,Low,0
Jun,Saturday,8,Vegetative/Tillering,-1.8192777206877981,0.0,0.17635466939768019,6.872444442985125,61.98763430629052,25.88623654321181,52.70128565867498,57.96894175916982,Low,0
Jun,Saturday,9,Vegetative/Tillering,-2.0394566959211424,0.0,0.1148902489542304,6.649522983237817,57.991373073744015,29.80766122382505,58.17024153133917,61.29107416416828,Low,0
Jun,Saturday,10,Vegetative/Tillering,-1.6574574943970615,0.0,0.1983383945434021,6.3812628177540835,59.307767841159034,29.68821384851909,48.58670409700532,60.36290588085274,Low,0
Jun,Saturday,11,Vegetative/Tillering,-1.9170637679782072,0.0,0.12879700368854524,6.695134111784574,60.808289003987284,29.986168725683147,51.95430297663536,59.755752955550925,Low,0
Jun,Saturday,12,Vegetative/Tillering,-1.3923054320710448,0.0,0.1860175750820353,6.542760037526984,62.117703610323375,30.209791789767984,50.95480817171772,57.64749790749467,Low,0
Jun,Saturday,13,Vegetative/Tillering,-1.5195169307168892,0.0,0.17936078016585671,6.812644201505758,55.98480076946245,30.94637034047338,55.455678220239015,59.13086550500396,Low,0
Jun,Saturday,14,Vegetative/Tillering,-1.8224840075119761,0.0,0.18157086631879743,6.892122449044696,64.1568511095368,29.360200632598193,55.87373784158888,66.23212700338901,Low,0
Jun,Saturday,15,Vegetative/Tillering,-2.3648496245715416,0.0,0.22486162081588632,6.346022474676209,59.88146786812497,30.00055536797232,52.786982074430654,60.42840687574244,Low,0
Jun,Saturday,16,Vegetative/Tillering,-2.1611416700618333,0.0,0.13099756762842946,6.610598576422846,60.70709731675752,29.16931006465975,52.39662789073055,63.27613238099327,Low,0
Jun,Saturday,17,Vegetative/Tillering,-1.701941698517338,0.0,0.181377817156039,6.842306331781758,60.128259030234354,27.253387495579936,47.14255646343608,60.811088836365,Low,0
Jun,Saturday,18,Vegetative/Tillering,-1.588553073061095,0.0,0.20408560143513352,6.52598728463076,56.97676560754888,27.194346068863954,56.569007563433814,60.52179326546233,Low,0
Jun,Saturday,19,Vegetative/Tillering,-0.604889536211993,0.0,0.13748304044312948,6.957426641271153,64.3977092355917,24.730154441419,51.24050105392932,59.71207674733894,Low,0
Jun,Saturday,20,Vegetative/Tillering,-0.118113670093841,0.0,0.1338986246819752,7.037131510810573,63.08615113531301,22.616364364308456,51.87302482463095,64.66616331900826,Low,0
Jun,Saturday,21,Vegetative/Tillering,-0.4734912604592789,0.0,0.1499484361429648,6.81536619312004,64.45148436326441,22.864732851945167,55.21479940785869,62.2347630739111,Low,0
Jun,Saturday,22,Vegetative/Tillering,-0.7736926069859388,0.0,0.17136565625377237,6.6970596224068935,62.20553560270829,23.409085978652676,52.892799026446866,59.32806057028423,Low,0
Jun,Saturday,23,Vegetative/Tillering,-0.6655720292272996,0.0,0.11063333041136669,6.423844172888839,63.37870588808724,23.183576968373597,55.311525851234485,60.31680829226404,Low,0
Jun,Sunday,0,Vegetative/Tillering,-1.3039339096603693,0.0,0.17929906968004106,6.995561254114048,59.82056585399662,22.564219929529937,55.01023040789643,65.18976752819759,Low,0
Jun,Sunday,1,Vegetative/Tillering,-0.9383046244916083,0.0,0.11070646403889955,7.199573814473259,63.976846786578,23.225522779232357,53.81136118250722,55.40365396885848,Low,0
Jun,Sunday,2,Vegetative/Tillering,-0.9741550755665038,0.0,0.20526657890326064,7.164450327191123,59.785269739725045,23.084459233946994,54.1313281854107,63.27625555053866,Low,0
Jun,Sunday,3,Vegetative/Tillering,-1.042151956156046,0.0,0.1779818389831543,6.819203337529495,66.48997415590387,22.21342862148095,49.83168176027077,63.844003688723554,Low,0
Jun,Sunday,4,Vegetative/Tillering,-0.8991196203452279,0.0,0.22695989552474616,6.647405409132866,66.81801018114548,22.89419624519419,52.75305961150193,60.62563393606427,Low,0
Jun,Sunday,5,Vegetative/Tillering,-0.3050723938259883,0.0,0.18340743162132545,6.984445301494014,67.03322542575064,23.58847061633671,56.45214114979104,62.886485767668646,Low,0
Jun,Sunday,6,Vegetative/Tillering,-0.49086568353930593,0.0,0.14933338421076528,6.810922961173877,65.87288033105469,23.582710607917207,50.504079842824034,63.75577466241131,Low,0
Jun,Sunday,7,Vegetative/Tillering,-0.780115622581095,0.0,0.1320463002673818,6.902745770169898,62.458625789338086,24.7211960057278,51.054171763905636,59.42213376360209,Low,0
Jun,Sunday,8,Vegetative/Tillering,-0.30397369347247727,0.0,0.16836118703272518,6.834932984361911,66.10355654716047,27.137488148769247,50.56112713786279,64.60483800772819,Low,0
Jun,Sunday,9,Vegetative/Tillering,-0.14580479024551207,0.0,0.15894122940327438,6.7943063132931325,63.957715506858506,27.328954017282168,53.660141790718164,63.243350300103685,Low,0
Jun,Sunday,10,Vegetative/Tillering,-0.5997663811171488,0.0,0.2015148662207047,6.943325560789011,59.95352560082823,28.620461589189578,57.4075865583132,62.11756581520973,Low,0
Jun,Sunday,11,Vegetative/Tillering,-0.8552163859874987,0.0,0.12749834142758026,6.927344047836745,65.45388350169138,30.13174697258441,54.84147998313419,62.76232097130552,Low,0
Jun,Sunday,12,Vegetative/Tillering,-1.0019980131101227,0.0,0.23073157001613429,6.6115790736570546,64.35285369438071,32.12247620632429,46.66911226042085,64.26798100720333,Low,0
Jun,Sunday,13,Vegetative/Tillering,-1.0660179327458201,0.0,0.20461719296002479,6.552505735631986,61.87887874609917,31.255601301230566,55.14587500042266,68.29029115432624,Low,0
Jun,Sunday,14,Vegetative/Tillering,-1.90617868841734,0.0,0.15287667294099996,6.277097189135136,57.47480263313608,30.70413064972197,51.873729836239995,64.02486600667987,Low,0
Jun,Sunday,15,Vegetative/Tillering,-2.7225133111610886,0.0,0.2229237314173167,6.651670035019268,56.79356670005545,31.56806134418467,54.72814705742814,64.52645622202908,Low,0
Jun,Sunday,16,Vegetative/Tillering,-3.1375555356184113,0.0,0.13259051667299546,6.553449954794239,53.327575544740796,29.15010111158141,52.75149947399496,62.98381707665801,Low,0
Jun,Sunday,17,Vegetative/Tillering,-3.534193758808436,0.0,0.16719564264703302,6.814444870348996,57.90809668409571,29.900705004698665,50.618630331283796,67.25412823958118,Low,0
Jun,Sunday,18,Vegetative/Tillering,-3.732560772196214,0.0,0.11532351319506211,6.734238300517164,52.33523621300072,26.187043414043867,52.98558522507313,58.83501629156448,Low,0
Jun,Sunday,19,Vegetative/Tillering,-3.32614617396974,0.0,0.22462992397054937,6.785126075622745,57.09091092276598,24.09578448824947,51.87558969887536,58.15649548382959,Low,0
Jun,Sunday,20,Vegetative/Tillering,-3.3333724080788794,0.0,0.10234146154216578,6.988775240933561,54.812519525051314,22.9919104201185,54.123144844666186,62.88258182413148,Low,0
Jun,Sunday,21,Vegetative/Tillering,-3.167404264304726,0.0,0.10958454063082448,6.915119853536118,54.04482287566971,22.925732591330387,50.541984859063525,64.15035546214243,Low,0
Jun,Sunday,22,Vegetative/Tillering,-3.6538375351544152,0.0,0.13778504125285787,6.829313428927593,56.20750010218654,22.478824018920573,49.825690436585965,56.06346099622014,Low,0
Jun,Sunday,23,Vegetative/Tillering,-3.717154738090579,0.0,0.20628132861366566,7.1129579327304455,54.91122985795855,25.20657926252675,55.39624554243043,62.491410930368936,Low,0
Jun,Monday,0,Vegetative/Tillering,-3.4424760158616086,0.0,0.193419571012761,6.969668286126284,57.91443577278287,23.3799012542442,57.42651850409929,63.2466922700709,Low,0
Jun,Monday,1,Vegetative/Tillering,-3.190107523140288,0.0,0.16427177198801873,6.760199051441996,54.30853140700589,23.496399658937268,55.840173378749455,65.55831213794164,Low,0
Jun,Monday,2,Vegetative/Tillering,-3.555039581474095,0.0,0.19566241739085533,6.77934196333426,54.45327571351453,22.755496586290462,52.15368149598125,64.76975551996799,Low,0
Jun,Monday,3,Vegetative/Tillering,-3.4599266228076706,0.0,0.1559605196351098,6.989465377447668,51.42089168827981,22.662864492203894,51.87979019495057,59.17736202949915,Low,0
Jun,Monday,4,Vegetative/Tillering,-2.453609005650999,0.0,0.17478500727437987,6.864830525439695,54.242645021781755,23.94544668457416,52.05253230046677,60.99777356277731,Low,0
Jun,Monday,5,Vegetative/Tillering,-2.5806813364256205,0.0,0.21781041264796408,6.658926353410961,61.90274961253553,21.78432658192819,56.77118478925129,61.68094248657419,Low,0
Jun,Monday,6,Vegetative/Tillering,-2.9923089639790232,0.0,0.15136833943785255,7.015387684833537,61.48565497464968,22.210708421767706,51.62485342557546,65.54527950650514,Low,0
Jun,Monday,7,Vegetative/Tillering,-3.114237307635656,0.0,0.13317695827299028,7.043191986027971,57.21128287212234,24.70732066716447,56.75212152888829,64.63453224670468,Low,0
Jun,Monday,8,Vegetative/Tillering,-3.104318030283041,0.0,0.17646301000144468,6.984996379879333,55.40197919550768,27.676907757447914,56.010709472372405,62.14610496161268,Low,0
Jun,Monday,9,Vegetative/Tillering,-3.2130799339649108,0.0,0.18590960076220428,7.047995247725189,56.191710307504,27.81330483649429,57.81318094460126,64.0592847565874,Low,0
Jun,Monday,10,Vegetative/Tillering,-3.2628472474031383,0.0,0.16386567080008474,7.114267066736804,58.41631501120519,29.712573105563596,57.289459236964255,61.052900234750155,Low,0
Jun,Monday,11,Vegetative/Tillering,-3.952906447067142,0.0,0.19511834597971114,7.043568618057175,53.984246487394756,30.354933886729825,55.72796674684375,68.82201341820172,Low,0
Jun,Monday,12,Vegetative/Tillering,-4.342672147155309,0.0,0.15295593023182708,6.769397670299689,54.55285458091064,31.961430027804035,49.693956449899645,65.13381016830927,Low,0
Jun,Monday,13,Vegetative/Tillering,-4.324569925334652,0.0,0.16446411033542224,6.702124658666179,54.09552007823433,29.857221585429663,55.93038512757072,65.66335910777356,Low,0
Jun,Monday,14,Vegetative/Tillering,-4.327989611186786,0.0,0.17311012088972633,6.385473786633123,52.97519959298599,31.51319386043281,54.44642017609708,67.13994425263017,Low,0
Jun,Monday,15,Vegetative/Tillering,-4.521493360474666,0.0,0.17005763633131057,6.736851735187829,52.596030442877066,30.173631799425273,52.98023878367921,66.23852464971183,Low,0
Jun,Monday,16,Vegetative/Tillering,-4.520564537416936,0.0,0.21646450702510972,6.829151102380955,54.23728685357037,30.119559214879764,58.18667274320353,63.77673244497054,Low,0
Jun,Monday,17,Vegetative/Tillering,-4.417548071619226,0.0,0.17293446875001162,6.7834771320270795,51.944108355338976,27.457492729989617,53.64599299147082,63.235504253579485,Low,0
Jun,Monday,18,Vegetative/Tillering,-3.957844175045387,0.0,0.1493634252777527,6.448386454706504,55.9046326711381,26.615584368830735,52.511653249150775,66.91862770461331,Low,0
Jun,Monday,19,Vegetative/Tillering,-4.005710525767809,0.0,0.1784793595521854,6.763560725681721,53.94313681885889,24.823162102920364,57.4721685037809,63.764254872384136,Low,0
Jun,Monday,20,Vegetative/Tillering,-3.8177387434504286,0.0,0.19530977940945443,6.9688139944500485,55.59216162501544,22.32305162294367,52.88472192916659,61.8253722053908,Low,0
Jun,Monday,21,Vegetative/Tillering,-4.071612576179663,0.0,0.18709824045315784,6.67132524986186,57.496054949505925,22.10066958964243,52.361520338131925,68.61449785642198,Low,0
Jun,Monday,22,Vegetative/Tillering,-3.778632628784082,0.0,0.18515826499070426,6.877414360485054,55.0948976004643,22.660670910509484,50.718537693298536,61.35809695545088,Low,0
Jun,Monday,23,Vegetative/Tillering,-3.603216448927663,0.0,0.10756824497700879,6.916758686610326,57.6918892029576,23.228944903196,51.63947193576298,59.36115397903326,Low,0
Jun,Tuesday,0,Vegetative/Tillering,-3.3746929390913154,0.0,0.07276205841058854,7.050942122076288,52.81667123441319,22.519470220556407,52.796831978252015,67.37777423067539,Low,0
Jun,Tuesday,1,Vegetative/Tillering,-3.2340410307529326,0.0,0.20463425885172185,7.152854853459258,55.79757549891177,22.860941149577744,56.863142566946365,63.06771735672665,Low,0
Jun,Tuesday,2,Vegetative/Tillering,-3.157388700595451,0.0,0.17536001061721462,6.795245876983882,56.97764436072307,21.616362116413143,51.94278308394408,65.9835750437417,Low,0
Jun,Tuesday,3,Vegetative/Tillering,-3.3905383285743933,0.0,0.15924479041846556,6.878149127768131,60.20936936983438,22.828480063613014,49.42648337229453,69.43886042380544,Low,0
Jun,Tuesday,4,Vegetative/Tillering,-3.4287495100629743,0.0,0.18430095597230542,6.867054411300853,52.35109700932908,23.943869317300006,55.909689401684474,61.458717195321164,Low,0
Jun,Tuesday,5,Vegetative/Tillering,-3.0883596398072513,0.0,0.227455847748307,6.949050310778265,56.895517140677036,23.689144260776068,53.09814612350713,64.79354489910519,Low,0
Jun,Tuesday,6,Vegetative/Tillering,-3.565967290909938,0.0,0.20947359080462435,6.9384006186597675,58.85505620364867,23.055462450378286,54.95119924637132,68.60435639091298,Low,0
Jun,Tuesday,7,Vegetative/Tillering,-3.9677294495524165,0.0,0.19367772004806852,7.067499656079031,53.407408510540456,25.100089651661847,58.8472479272987,66.60054939182855,Low,0
Jun,Tuesday,8,Vegetative/Tillering,-3.953712397196422,0.0,0.12896460285085748,6.378864664613272,54.58541262587725,25.93346159646514,55.214634238476,64.44628114971839,Low,0
Jun,Tuesday,9,Vegetative/Tillering,-3.844213013135773,0.0,0.13351232189605433,6.821556753657594,55.93736673858523,29.412469361502986,59.52886334626853,70.86928219247736,Low,0
Jun,Tuesday,10,Vegetative/Tillering,-4.317915560410011,0.0,0.07647583615213026,6.8097260536500315,54.50601976246153,31.033861864955362,54.79555938690399,64.65753972749495,Low,0
Jun,Tuesday,11,Vegetative/Tillering,-4.399912846723019,0.0,0.1821729715859722,6.688189590427844,57.071750118773586,30.464609847784132,58.02086944406953,65.88801965465467,Low,0
Jun,Tuesday,12,Vegetative/Tillering,-4.4917689410291946,0.0,0.1988019519111408,6.285023666856238,54.6167021616764,32.99697196630378,53.357718303738565,69.01921957310871,Low,0
Jun,Tuesday,13,Vegetative/Tillering,-5.538023918961137,0.0,0.20165623161670293,6.717807888519171,53.86428838552171,30.580854102771728,55.32307195115672,67.34799226179986,Low,0
Jun,Tuesday,14,Vegetative/Tillering,-5.551562309917464,0.0,0.18364006649468717,6.6107456641348135,50.45623374157826,29.923559905399426,52.20109599213864,68.20013233388953,Low,0
Jun,Tuesday,15,Vegetative/Tillering,-5.545329288033414,0.0,0.154607659962044,7.04305619468711,49.71015888621921,29.76505193994406,52.55740267824582,62.646984591292686,Low,0
Jun,Tuesday,16,Vegetative/Tillering,-5.549094701208976,0.0,0.14025028883314497,6.816991551853754,50.73072633105919,29.204059647684247,54.32600071113254,67.96627028880236,Low,0
Jun,Tuesday,17,Vegetative/Tillering,-4.847934829412559,0.0,0.13111223213682321,6.5948741562135496,50.54675022267466,29.962571655832242,51.01439783630914,65.31981356076827,Low,0
Jun,Tuesday,18,Vegetative/Tillering,-5.430877632068239,0.0,0.15428013027921803,6.422456759971638,52.432917075456416,26.371142611015696,55.478079915216604,63.031386047224736,Low,0
Jun,Tuesday,19,Vegetative/Tillering,-5.75450973055337,0.0,0.1257760811136243,6.930549540478198,49.917420421161424,24.217442821407293,54.09172005341637,65.45069394193241,Low,0
Jun,Tuesday,20,Vegetative/Tillering,-6.832346166749481,0.0,0.22145839227530056,6.976713361188786,46.758791399846295,22.40623291233805,55.70373979335085,65.37144905372558,Low,0
Jun,Tuesday,21,Vegetative/Tillering,-6.792422879905502,0.0,0.11441699564270397,6.788104901447843,49.195501907468795,24.037017689634624,51.06042704642348,69.56605458964135,Low,0
Jun,Tuesday,22,Vegetative/Tillering,-6.7095677205198765,0.0,0.1531031353088772,6.937318965808301,46.109605914803716,23.92284139864723,57.10519693195328,65.84907259740385,Low,0
Jun,Tuesday,23,Vegetative/Tillering,-6.677944546651977,0.0,0.0922323555299194,6.783762043112847,50.013937515746846,22.736617450917112,60.09284099641418,62.94382134737306,Low,0
Jun,Wednesday,0,Vegetative/Tillering,-6.0656775073530085,0.0,0.17037942014543228,7.055233158923196,48.985699205370054,21.624372707138274,60.359599297767794,63.56518097033201,Low,0
Jun,Wednesday,1,Vegetative/Tillering,-5.63762263806193,0.0,0.15991657015850044,7.032851392975207,53.287898556839735,22.222125164232573,61.61171958860467,65.9752563730218,Low,0
Jun,Wednesday,2,Vegetative/Tillering,-5.609919942812973,0.0,0.14751233762261612,6.52496350709748,50.250716980789726,24.501995069999634,56.02729298374942,62.727835673101076,Low,0
Jun,Wednesday,3,Vegetative/Tillering,-5.7777587926339535,0.0,0.1273525856889481,6.581224773476006,51.89719823079436,23.676046307639577,54.8430164399902,64.30536019628599,Low,0
Jun,Wednesday,4,Vegetative/Tillering,-5.285751966231674,0.0,0.16008616424556657,7.205470173641135,52.1733200285898,23.177369100446644,57.36275061961011,65.48327162167229,Low,0
Jun,Wednesday,5,Vegetative/Tillering,-5.328407362397209,0.0,0.14094386884950166,6.985994344927064,53.199626077675674,24.620066538520845,55.185340692512206,65.03903661521406,Low,0
Jun,Wednesday,6,Vegetative/Tillering,-5.722751849174905,0.0,0.15520962387216658,6.58989650382112,50.98528934627548,24.691661018249214,50.67868855267508,67.91101900592481,Low,0
Jun,Wednesday,7,Vegetative/Tillering,-6.467648129670303,0.0,0.22851005006712974,6.5316853562326544,45.65084966410479,24.876415790081477,58.35789854116794,64.24918095648611,Low,0
Jun,Wednesday,8,Vegetative/Tillering,-6.53943366898408,0.0,0.16602620255623993,6.826168784242094,50.822946272922465,26.58201250451513,55.196794361273064,59.91879688840763,Low,0
Jun,Wednesday,9,Vegetative/Tillering,-6.070775095320495,0.0,0.17865035227909115,6.567174013425107,49.754773926314996,27.647281069180206,51.49794167276545,61.879317726671175,Low,0
Jun,Wednesday,10,Vegetative/Tillering,-4.993024171681236,0.0,0.1437437328511827,6.693213131727185,54.09577414267467,29.15196922975613,54.3751532042332,66.04920466124702,Low,0
Jun,Wednesday,11,Vegetative/Tillering,-5.074693998650575,0.0,0.13254475716138334,6.741834381433175,53.70122735697633,29.143690962579257,55.26501954249892,64.62674182498311,Low,0
Jun,Wednesday,12,Vegetative/Tillering,-5.5297468206436315,0.0,0.15919648002929732,6.725239377056742,49.6820146684326,29.73211419650734,55.9354975547117,63.00207067010476,Low,0
Jun,Wednesday,13,Vegetative/Tillering,-6.1225987426914426,0.0,0.24763741016982785,6.944073797147719,47.97617220718995,29.74687290487528,55.97153499183258,70.9898783227234,Low,0
Jun,Wednesday,14,Vegetative/Tillering,-5.862655215377121,0.0,0.1499400306787114,7.040877729497739,51.74033768599292,31.791892902990142,60.00705923528356,68.16562530346589,Low,0
Jun,Wednesday,15,Vegetative/Tillering,-6.691708941075386,0.0,0.1726503231177688,6.665040349016873,47.833400482598044,29.083629164889302,52.034378532602794,65.94768209964187,Low,0
Jun,Wednesday,16,Vegetative/Tillering,-6.37074963847807,0.0,0.1310060519718311,6.519887025034779,51.08305942658563,30.939621698709164,55.443567481299674,66.676993106248,Low,0
Jun,Wednesday,17,Vegetative/Tillering,-5.979304831760994,0.0,0.06356547865593873,6.844563066368389,49.793266518047574,27.528616101910345,53.26310847226879,65.43089747248254,Low,0
Jun,Wednesday,18,Vegetative/Tillering,-5.8159764013596655,0.0,0.13235590338239206,7.061377173024192,52.588476191633376,27.985949838366494,59.66850475373006,62.95921188826188,Low,0
Jun,Wednesday,19,Vegetative/Tillering,-5.969017823029827,0.0,0.24332483345738168,6.745724411898492,51.02096619314662,24.61312399735813,54.21563768078312,68.67055071597704,Low,0
Jun,Wednesday,20,Vegetative/Tillering,-5.7426672784950235,0.0,0.18083866031536683,7.012483841813604,51.293548519040236,21.87205058326362,54.86851048745681,68.22207520277233,Low,0
Jun,Wednesday,21,Vegetative/Tillering,-5.717519824776126,0.0,0.2174323470368708,6.674535246567073,50.02993002305675,24.152023118452377,59.04908609608413,61.15041554231997,Low,0
Jun,Wednesday,22,Vegetative/Tillering,-6.112822778144734,0.0,0.14782972177738085,6.827631458726423,50.29408056057567,24.24649250210658,59.87432446733161,66.65983125528939,Low,0
Jun,Wednesday,23,Vegetative/Tillering,-5.258124177345733,0.0,0.07751091136851686,6.642348001189176,54.26620740427566,22.40015919978639,60.31787061364134,66.93583056394391,Low,0
Jun,Thursday,0,Vegetative/Tillering,-5.656898068897618,0.0,0.12119518487881442,6.846554598085434,50.815013717319076,22.85967818672204,51.8706607130248,66.48733859452683,Low,0
Jun,Thursday,1,Vegetative/Tillering,-5.479817226395024,0.0,0.1738958666365459,6.8305326550699235,52.410787544019655,22.400363250751216,58.24874230806414,72.53483001324527,Low,0
Jun,Thursday,2,Vegetative/Tillering,-6.753174797468348,0.0,0.16831648513277578,6.951533442182667,48.38510063857538,23.028578644433825,57.61035083401509,72.26352833231529,Low,0
Jun,Thursday,3,Vegetative/Tillering,-6.175325751848776,0.0,0.159635167119762,7.159382139794824,49.92842628105378,23.211263317952685,56.64632156335986,66.34789675354784,Low,0
Jun,Thursday,4,Vegetative/Tillering,-5.5840567722655035,0.0,0.14144128456472885,6.7748404209457025,54.54508526043939,22.84389355270766,56.99970433329707,66.73461864043145,Low,0
Jun,Thursday,5,Vegetative/Tillering,-5.718188810008737,0.0,0.19289004903811355,6.502500450222466,53.17980691805814,21.66988688368732,60.657321816875104,66.4409905881437,Low,0
Jun,Thursday,6,Vegetative/Tillering,-5.593850966531079,0.0,0.14245286640996635,6.811216851728757,51.23356531071685,22.66029654792798,59.91576768113386,65.76333573404844,Low,0
Jun,Thursday,7,Vegetative/Tillering,-5.488705189560716,0.0,0.1707735904556945,6.859357434990511,51.75601572092635,25.46798248249375,59.49073967996801,64.98976538526557,Low,0
Jun,Thursday,8,Vegetative/Tillering,-5.943759380130659,0.0,0.16683648577614113,6.827407761703257,48.83123648058448,26.42895027886373,57.42074259544738,68.5588094458965,Low,0
Jun,Thursday,9,Vegetative/Tillering,-5.807435352742078,0.0,0.14710241448232256,6.741399405456346,50.216212060889106,27.850965912820502,63.61177233524918,72.19527025848059,Low,0
Jun,Thursday,10,Vegetative/Tillering,-6.310433670356393,0.0,0.12915463821361528,7.025763229987549,49.97375476624189,28.63503062371963,55.59813146803607,71.16687139140497,Low,0
Jun,Thursday,11,Vegetative/Tillering,-6.664886994492427,0.0,0.14504344696469637,6.764347969458288,50.20549839235643,29.84470984786126,51.952115749226735,69.26460915393412,Low,0
Jun,Thursday,12,Vegetative/Tillering,-6.201333956373508,0.0,0.22557676239442118,6.6878629455376934,51.11524029852542,32.051581782720156,56.00426795543921,61.273886871745084,Low,0
Jun,Thursday,13,Vegetative/Tillering,-5.883888930431706,0.0,0.19893567521431624,6.594315224252051,48.16014845515488,30.213178194558314,56.973213234567005,62.63029295818595,Low,0
Jun,Thursday,14,Vegetative/Tillering,-6.379169011678928,0.0,0.19571360559486925,6.400575849656543,51.143959833327834,31.50108177480277,60.70955229315357,69.95207493290478,Low,0
Jun,Thursday,15,Vegetative/Tillering,-6.827498492453042,0.0,0.13247377026288149,6.791205821738096,47.93645625935759,30.37039511994217,55.267065809451594,71.34010028648873,Low,0
Jun,Thursday,16,Vegetative/Tillering,-7.181257974956561,0.0,0.10968087544615887,6.788042716122503,45.290998148749175,29.575500390241363,58.273690222087225,68.67600322672362,Low,0
Jun,Thursday,17,Vegetative/Tillering,-6.870179974596892,0.0,0.19837729755155173,6.5839150028620566,50.684337535831304,27.527033390058175,52.36826717686279,66.52771587904104,Low,0
Jun,Thursday,18,Vegetative/Tillering,-7.3840034850735625,0.0,0.19166685411574808,6.784793254979141,49.70494962929935,26.31464802010213,60.0442537087921,70.67241919015666,Low,0
Jun,Thursday,19,Vegetative/Tillering,-7.213708230640805,0.0,0.16480371418388934,6.788097872052425,47.714594211143385,24.900591327512945,57.00495824336774,69.17565109636396,Low,0
Jun,Thursday,20,Vegetative/Tillering,-6.886798813906653,0.0,0.14703110393457888,6.734462909181659,49.389270050434504,22.708466428312644,55.9583317854774,70.13527986850009,Low,0
Jun,Thursday,21,Vegetative/Tillering,-6.9736612204253134,0.0,0.1087619371017739,6.693851886384699,49.29811148846811,23.39014568322924,63.19495727226988,62.650243898512784,Low,0
Jun,Thursday,22,Vegetative/Tillering,-6.543975541532108,0.0,0.19035901555324758,6.908050432605397,51.58600300594745,23.490951212898455,60.00972123883032,68.15001644674598,Low,0
Jun,Thursday,23,Vegetative/Tillering,-6.754096230753599,0.0,0.20151472902380685,6.773906414237498,49.74630609705481,24.863165298895936,53.680474364371435,71.72809453450009,Low,0
Jun,Friday,0,Vegetative/Tillering,-7.036968890006468,0.0,0.1362317650028082,6.730907873190655,44.95589810910734,23.347552023489897,57.37182467603193,69.80820440949923,Low,0
Jun,Friday,1,Vegetative/Tillering,-7.611083027315986,0.0,0.1333090139741132,6.708470947233584,50.25301623238389,21.59520587558493,65.90895862001295,70.86019516238996,Low,0
Jun,Friday,2,Vegetative/Tillering,-7.1955127081737675,0.0,0.20343716737530812,6.803271459192679,49.36208327934305,24.055415264670945,63.636450359623694,68.58051560959665,Low,0
Jun,Friday,3,Vegetative/Tillering,-7.630638009002903,0.0,0.13753474379872815,7.009478490096193,45.167420367847505,22.961903486691046,60.468889390852596,68.75477113906621,Low,0
Jun,Friday,4,Vegetative/Tillering,-7.494727236096393,0.0,0.2222671072749734,6.853677109003185,44.45340448865384,24.734540290349482,52.15885558913837,71.99590218926787,Low,0
Jun,Friday,5,Vegetative/Tillering,-7.562438398872517,0.0,0.15618318847470014,6.780291942614502,47.359774703514134,24.301739562004247,61.69645081594018,66.81511246206604,Low,0
Jun,Friday,6,Vegetative/Tillering,-8.060660512541723,0.0,0.14647034025966726,6.902216485026854,44.597894693164704,22.720786093030746,55.79444451169518,66.57048553768385,Low,0
Jun,Friday,7,Vegetative/Tillering,-8.291145201129323,0.0,0.1615787800424689,7.050848957158956,45.261242225287546,25.482689698747453,61.67055380254005,67.29404827140483,Low,0
Jun,Friday,8,Vegetative/Tillering,-7.597868231728562,0.0,0.14646788929725932,6.883960939411292,47.75192992640798,26.120905794742153,55.531994543335244,68.54819933950735,Low,0
Jun,Friday,9,Vegetative/Tillering,-7.540983663934018,0.0,0.19941743352216887,6.81261011054309,45.26875543056477,28.115071076001623,59.1664886386891,64.46436105499646,Low,0
Jun,Friday,10,Vegetative/Tillering,-8.047074715709446,0.0,0.19100335488513853,6.853628715098369,42.954804696928655,29.920439711227402,55.77915212074703,70.3172306592825,Low,0
Jun,Friday,11,Vegetative/Tillering,-7.902615504104299,0.0,0.19808372024627913,6.6907102608051305,46.30535972589364,31.22315110805656,56.61015907435165,68.07896611815283,Low,0
Jun,Friday,12,Vegetative/Tillering,-7.994211758858353,0.0,0.1664581909242922,6.74602338833006,44.24711606818601,31.64058796056358,59.56658990832387,70.6238064836106,Low,0
Jun,Friday,13,Vegetative/Tillering,-6.465594475929437,0.0,0.1440275925592073,6.631713148118764,49.27476482923415,31.184991705530262,53.74330472998645,63.19190851701509,Low,0
Jun,Friday,14,Vegetative/Tillering,-6.588816631806404,0.0,0.15968275974002935,6.414732965896811,46.000187209740105,32.91116241751956,64.81725410223872,70.63339089954569,Low,0
Jun,Friday,15,Vegetative/Tillering,-7.004522827922624,0.0,0.1451006122950404,6.798599434159756,47.18477976403643,30.040734617997682,54.618335598363885,71.83182069321613,Low,0
Jun,Friday,16,Vegetative/Tillering,-6.559523424905809,0.0,0.2113308779614036,6.828494044882624,50.18704756230605,28.0938913543848,54.45054932183284,69.58595291833764,Low,0
Jun,Friday,17,Vegetative/Tillering,-7.649197897300052,0.0,0.19507958033295106,6.730994282830818,47.353790061773466,26.98115897870241,59.575401303785874,68.56463080375309,Low,0
Jun,Friday,18,Vegetative/Tillering,-7.717077232417663,0.0,0.15679669265999766,6.957318650892743,44.40229870045108,27.77527609703834,61.575823409867716,70.65259158167544,Low,0
Jun,Friday,19,Vegetative/Tillering,-6.918735073871984,0.0,0.12757337651300552,6.68495372520831,45.55850708407114,24.84384513577307,56.72889170025326,71.66815398018561,Low,0
Jun,Friday,20,Vegetative/Tillering,-7.177048197388344,0.0,0.2139293890871336,6.519867115887707,47.30661170577156,23.252245998443275,54.4855923477367,69.79689975294185,Low,0
Jun,Friday,21,Vegetative/Tillering,-8.119106263234864,0.0,0.16478394474405053,6.721654434305156,46.13621056227514,22.69098089606053,54.93286327393667,69.98368628578162,Low,0
Jun,Friday,22,Vegetative/Tillering,-8.317305581477862,0.0,0.15544413889311431,6.568688355292233,45.348816884838236,22.762838016560647,54.60994128700304,72.63193801874904,Low,0
Jun,Friday,23,Vegetative/Tillering,-7.6432429259605295,0.0,0.21423784519016353,6.910916694319713,45.13189728897211,22.495323311240565,58.624538890596035,70.39247579745026,Low,0
Jun,Saturday,0,Vegetative/Tillering,-7.691724264648374,0.0,0.14215179153176763,6.699597173693028,46.63551064981711,23.501920650664072,58.39004163975046,67.68685216819875,Low,0
Jun,Saturday,1,Vegetative/Tillering,-8.267452650334878,0.0,0.1488375584534663,7.019037613659685,47.66282458174828,23.04709606597032,59.87749782671595,72.85410475476898,Low,0
Jun,Saturday,2,Vegetative/Tillering,-8.681635209185222,0.0,0.15192343680684825,7.008888719927062,44.07436487257352,23.47300430224272,59.69460828282226,69.37819677540122,Low,0
Jun,Saturday,3,Vegetative/Tillering,-8.971189836305232,0.0,0.11392007899253556,6.670056402593327,39.7028485212302,23.396550708253987,61.072936864981,69.77070752150695,Low,0
Jun,Saturday,4,Vegetative/Tillering,-8.79801563327943,0.0,0.1710507377899082,6.700276309417638,43.791163156330654,22.78429701309368,57.37016794039175,69.95470106855906,Low,0
Jun,Saturday,5,Vegetative/Tillering,-8.204541485976417,0.0,0.1333179339362542,6.95432890498669,48.89701437608181,21.95801549975777,56.385385783376734,72.10966966913968,Low,0
Jun,Saturday,6,Vegetative/Tillering,-7.8210819888467595,0.0,0.1400247393691107,7.03554575581263,43.15462160053658,21.888360323200516,59.068882205102675,74.0596322691406,Low,0
Jun,Saturday,7,Vegetative/Tillering,-7.761361329637608,0.0,0.13534475822094177,6.4153309587327385,45.932182132527785,27.326488745006568,58.43502997180036,69.74855360528171,Low,0
Jun,Saturday,8,Vegetative/Tillering,-8.519342307395439,0.0,0.13945254288436199,6.821521626578134,43.60090759618668,27.778608668479112,59.358856043078674,74.01565527528122,Low,0
Jun,Saturday,9,Vegetative/Tillering,-9.177322450045653,0.0,0.13063799375944649,6.3541577262624696,42.66619203844056,29.185064468382837,56.46486117692131,70.09897078192644,Low,0
Jun,Saturday,10,Vegetative/Tillering,-8.915800564159733,0.0,0.168652496216699,6.656167604005902,43.49058295232418,28.839966414154723,60.52665186835739,73.19291985930744,Low,0
Jun,Saturday,11,Vegetative/Tillering,-9.548135012703817,0.0,0.154554241763,6.929252844467873,43.86441994163669,30.34035873022985,55.064880163417655,70.1835826788353,Low,0
Jun,Saturday,12,Vegetative/Tillering,-9.60066793707282,0.0,0.16168028483728406,7.2751766280622645,41.62796352382685,30.27213306354805,57.2788460218142,68.45644085885657,Low,0
Jun,Saturday,13,Vegetative/Tillering,-9.420155524975536,0.0,0.24238258267618099,6.6933816949951765,44.44614585448281,30.07533432386729,61.987123999799046,74.49274766941689,Low,0
Jun,Saturday,14,Vegetative/Tillering,-9.925517716058836,0.0,0.15455535866152809,6.506218074676082,40.443446163885824,30.453404481154028,55.20605512293154,68.21778800304901,Low,0
Jun,Saturday,15,Vegetative/Tillering,-10.319278185216895,0.0,0.18117316677827283,6.624165924895843,39.03345880753019,31.393698913963014,61.75072913697793,68.05047730457797,Low,0
Jun,Saturday,16,Vegetative/Tillering,-10.247135629794151,0.0,0.1851562359767593,6.748608821548004,38.56850852241683,30.052248153283415,54.372701880665154,66.54739926113919,Low,0
Jun,Saturday,17,Vegetative/Tillering,-9.920991044391977,0.0,0.15780001814725042,6.656803376679418,37.05544743521895,27.33688001357225,53.84432237710251,72.85566879800591,Low,0
Jun,Saturday,18,Vegetative/Tillering,-9.391135518157578,0.0,0.16958296960407634,6.625868482231418,42.5128375802735,26.344217072814484,54.11841321992173,73.44611824858332,Low,0
Jun,Saturday,19,Vegetative/Tillering,-9.1382995321236,0.0,0.1607244366591849,6.728100008696982,46.676081699847046,25.504466009199774,58.95041850173661,70.62032460338357,Low,0
Jun,Saturday,20,Vegetative/Tillering,-9.155994041331912,0.0,0.16708954384990174,6.918680564662792,43.44208525537513,22.66822288385013,60.788787251328785,67.22781715990492,Low,0
Jun,Saturday,21,Vegetative/Tillering,-9.532357413590924,0.0,0.1394719123728152,6.809176356031864,42.99583691570514,23.188668995866184,62.47778231166723,69.67055303566269,Low,0
Jun,Saturday,22,Vegetative/Tillering,-9.992002190484895,0.0,0.14270260416470615,6.677114326618476,39.69313209280734,23.44647795765185,62.23861227141036,68.93095162247974,Low,0
Jun,Saturday,23,Vegetative/Tillering,-10.123465373441816,0.0,0.16059227886490768,6.7153225834344275,39.7150163211923,23.437744441475306,61.18809575476678,67.11132850729,Low,0
Jun,Sunday,0,Vegetative/Tillering,-9.965031430140929,0.0,0.09098337246521522,6.763080715927039,42.553207544328295,23.328316342152227,57.00464964442654,69.66318775870144,Low,0
Jun,Sunday,1,Vegetative/Tillering,-9.849086450951093,0.0,0.21236254764178636,6.668572614520231,44.879579798297016,22.60204226097399,56.97848939812029,72.14975579490925,Low,0
Jun,Sunday,2,Vegetative/Tillering,-10.833992463616466,0.0,0.23563003062996954,6.719950595700428,41.474313958914124,22.68422032998495,61.86337696455861,69.37249459870785,Low,0
Jun,Sunday,3,Vegetative/Tillering,-11.079462171374619,0.0,0.165962259097365,6.970083278326921,39.51978004815696,22.2180801187835,63.7639253199232,71.61475137454438,Low,0
Jun,Sunday,4,Vegetative/Tillering,-10.387196046596188,0.0,0.18329142120378517,6.817903266101439,39.64103064695017,21.87593072519818,56.406577360269,66.44461116731333,Low,0
Jun,Sunday,5,Vegetative/Tillering,-10.293333685294918,0.0,0.19783701845176738,6.52637433226516,40.21543698382684,23.03320100664782,63.38199801816732,75.08336931115873,Low,0
Jun,Sunday,6,Vegetative/Tillering,-10.884243202472193,0.0,0.11363655911476059,7.0153206504566485,36.870801675210224,23.778007691669753,53.73898759513222,69.90688772034879,Low,0
Jun,Sunday,7,Vegetative/Tillering,-9.696321479140975,0.0,0.19248972808495482,6.9054954442164025,38.33249340745634,23.800941556327356,60.66977528180597,73.06103887660169,Low,0
Jun,Sunday,8,Vegetative/Tillering,-9.752747229039668,0.0,0.14507460719480214,6.536319338901906,38.83980993478492,26.81444850823987,59.18857819667235,71.35712922025826,Low,0
Jun,Sunday,9,Vegetative/Tillering,-9.623086325227163,0.0,0.24017534804358956,6.69062242811585,41.50419288849868,28.740623385576583,58.88743076548907,71.89166196055041,Low,0
Jun,Sunday,10,Vegetative/Tillering,-9.514890321697271,0.0,0.15341091505004567,6.62626823809929,41.08027870507319,27.910264844687163,59.59381339209908,68.05545568297474,Low,0
Jun,Sunday,11,Vegetative/Tillering,-9.778863725443935,0.0,0.1917863778110081,6.857598736687678,38.09184364949518,30.116286063110376,56.938809438275705,68.98401920619987,Low,0
Jun,Sunday,12,Vegetative/Tillering,-10.180553182923635,0.0,0.15375554743739533,6.636981727444104,39.99202560288381,32.24139145782129,60.838234304666194,69.04078313156211,Low,0
Jun,Sunday,13,Vegetative/Tillering,-9.256526349466899,0.0,0.23688424647156567,6.700902507687438,41.64747611234756,31.5665528142059,59.682005442378255,70.9487852317686,Low,0
Jun,Sunday,14,Vegetative/Tillering,-8.976992241435767,0.0,0.14206774240363831,6.7120241407553225,40.609520909986,29.428057578204758,62.30593444700992,74.20080561792756,Low,0
Jun,Sunday,15,Vegetative/Tillering,-8.828312041636218,0.0,0.20077810755645864,6.4581844469522,42.571693078832936,30.85942251314864,64.27117118998638,71.96855376634508,Low,0
Jun,Sunday,16,Vegetative/Tillering,-8.818775686541612,0.0,0.18193372588581813,7.0087493738668645,42.69303235086744,28.781462424361575,59.8807507381244,68.63456573637738,Low,0
Jun,Sunday,17,Vegetative/Tillering,-9.526292503798931,0.0,0.17415084865824562,6.876729950908873,40.40362371103363,28.66596395894408,57.043844901884626,71.10375160482016,Low,0
Jun,Sunday,18,Vegetative/Tillering,-9.110045189206181,0.0,0.16801525903656706,6.662310884316127,44.489231875457044,26.044004499659845,56.086302618037834,70.68383207951626,Low,0
Jun,Sunday,19,Vegetative/Tillering,-9.70470114653299,0.0,0.13665456188060982,6.849094023037348,37.4029141241342,24.862741516120938,64.59475545447947,70.00825391441978,Low,0
Jun,Sunday,20,Vegetative/Tillering,-9.704321393858242,0.0,0.0694880291348073,7.022416737895285,37.23803067331827,22.69496578514964,64.21111897190356,70.8468753521174,Low,0
Jun,Sunday,21,Vegetative/Tillering,-10.561412310677508,0.0,0.19760372379615654,6.850620489623504,39.159182023272166,23.127526178190806,62.16211483144943,72.79469647001561,Low,0
Jun,Sunday,22,Vegetative/Tillering,-11.469023292196264,0.0,0.14289063113795006,7.1276481156871885,37.166598477513574,22.67117586087119,59.67956170637973,69.08560062046057,Low,0
Jun,Sunday,23,Vegetative/Tillering,-11.17613334552713,0.0,0.20093600502887105,7.368520610443858,38.48571024277283,22.946169406756418,61.9454966808954,70.02068915750164,Low,0
Jun,Monday,0,Reproductive/Flowering,0.01,0.041666666666666664,0.17255942187704829,6.832030347635679,63.44605298344182,22.184515993351457,64.31339614317896,74.53863534056538,Low,1
Jun,Monday,1,Reproductive/Flowering,0.01,0.08333333333333333,0.20225898733570424,6.729881731107676,62.68815238981534,23.51752767633119,58.54612906864158,73.25574026672334,Low,1
Jun,Monday,2,Reproductive/Flowering,0.01,0.125,0.1883162382038316,6.660427912132543,64.50936773461011,23.26522816691514,60.48938590673589,75.28111286737213,Low,1
Jun,Monday,3,Reproductive/Flowering,0.01,0.16666666666666666,0.07398566868322796,6.461579953932097,63.64084372930402,21.831774260716678,57.08129338922766,75.67295762732495,Low,1
Jun,Monday,4,Reproductive/Flowering,0.01,0.20833333333333334,0.1817713465686799,7.0533761093385134,67.6261428093114,23.919333328161542,60.012815123117875,68.68198053286156,Low,1
Jun,Monday,5,Reproductive/Flowering,0.01,0.25,0.14822135800349306,6.779111569704463,63.87554550014963,22.983969632276402,65.03282063950735,72.80407780235934,Low,1
Jun,Monday,6,Reproductive/Flowering,0.01,0.2916666666666667,0.20102539155438617,6.996247885789781,64.41762969656585,23.254409916988728,63.635643365273225,70.81344176445371,Low,1
Jun,Monday,7,Reproductive/Flowering,0.2527885372536051,0.3333333333333333,0.18701197576112813,6.9985091386208795,70.05752876860454,25.516816809273863,60.80502040422986,69.08653566328665,Low,1
Jun,Monday,8,Reproductive/Flowering,1.273690995749246,0.375,0.2129461912225274,6.590045403009989,67.1673379363368,26.85866370682845,52.32030065001608,70.11034987308628,Low,1
Jun,Monday,9,Reproductive/Flowering,1.484331415150928,0.4166666666666667,0.18757978752898444,6.584277230821288,69.1747091267604,29.045080941638588,58.4326220936882,71.33141246027627,Low,1
Jun,Monday,10,Reproductive/Flowering,1.8253049891058561,0.4583333333333333,0.1736914080038737,7.064368408471379,70.17335084062677,29.14501544197991,60.707217894598315,71.34703162040782,Low,1
Jun,Monday,11,Reproductive/Flowering,2.2266210868851015,0.5,0.20051448360815916,6.707483856254138,71.30669389596068,31.160294452200983,59.752259740954536,70.56611161275578,Low,0
Jun,Monday,12,Reproductive/Flowering,2.6730384788466615,0.5416666666666666,0.16382973281758334,6.603306798443127,71.49426688005448,31.022762991700446,60.49831774386493,72.04922984553717,Low,0
Jun,Monday,13,Reproductive/Flowering,2.735146559693035,0.5833333333333334,0.20771663328319329,6.52640220582316,71.4520333320843,31.531106739605352,61.12776976372921,78.19994882805662,Low,0
Jun,Monday,14,Reproductive/Flowering,2.782587681055075,0.625,0.17831912354249674,6.693328059992407,71.37887901420642,31.24732663569291,58.798957722721006,67.7702868458002,Low,0
Jun,Monday,15,Reproductive/Flowering,3.4882017218186983,0.6666666666666666,0.19688411491394409,6.989040967724085,71.71969632789731,31.325335203466974,60.3774071505664,74.92627562663598,Low,0
Jun,Monday,16,Reproductive/Flowering,4.010602552077942,0.7083333333333334,0.2643418234548659,6.861527110338487,74.7764837306656,29.956781758591674,59.95166983849947,72.03739754997187,Low,0
Jun,Monday,17,Reproductive/Flowering,4.125522587345105,0.75,0.28182977756626626,6.803838791876613,78.45854588447743,27.758562030621995,58.29039199704635,70.98863621544024,Low,0
Jun,Monday,18,Reproductive/Flowering,4.7814485066271075,0.7916666666666666,0.2784234408595451,7.082187925680279,78.39684023383218,26.083056277740585,65.93901298606002,67.03780814310947,Low,0
Jun,Monday,19,Reproductive/Flowering,4.399714757209261,0.8333333333333334,0.2525352015233875,7.065759067391071,75.6671514617515,24.865364153574646,58.97062433220671,73.9902416147688,Low,0
Jun,Monday,20,Reproductive/Flowering,4.980557498297748,0.875,0.25135465177908134,6.909888215223006,78.16499759212658,22.5169188471366,53.637372361864934,68.48091459001839,Low,0
Jun,Monday,21,Reproductive/Flowering,5.0,0.9166666666666666,0.2738982452672351,7.35295284477242,74.76164818253869,22.283246238938922,65.74979758025796,74.15306809438653,Low,0
Jun,Monday,22,Reproductive/Flowering,5.0,0.9583333333333334,0.2562221935570289,6.821625461624745,75.97897569160057,21.422558024561567,57.861172046477684,76.43666050581773,Low,0
Jun,Monday,23,Reproductive/Flowering,5.0,1.0,0.28280092402575413,7.0568612825826,78.39569968836811,21.885589793737033,63.09972504743211,68.87632392435037,Low,0
Jun,Tuesday,0,Reproductive/Flowering,4.792214516889418,1.0416666666666667,0.22655175082947376,6.746060734759078,78.97564922745099,24.71332508888922,59.25734071297853,76.2021514623935,Low,0
Jun,Tuesday,1,Reproductive/Flowering,4.83134564042517,1.0833333333333333,0.3053297562478297,7.011015721551053,74.55349719282964,22.59979980029618,63.0078344067785,73.34484841186783,Low,0
Jun,Tuesday,2,Reproductive/Flowering,4.8671125746061925,1.125,0.2618317250925056,6.773073783360487,75.21389356020856,24.647768239856916,61.15555792001439,68.04573842039677,Low,0
Jun,Tuesday,3,Reproductive/Flowering,5.0,1.1666666666666667,0.29816899150988185,6.918833441651197,80.86275158775707,23.447523680924462,64.30099251194103,70.26920786263115,Low,0
Jun,Tuesday,4,Reproductive/Flowering,5.0,1.2083333333333333,0.31605276984709174,7.271446560038493,76.69252249953794,23.085193582691115,60.65888728508607,73.72681660659636,Low,0
Jun,Tuesday,5,Reproductive/Flowering,5.0,1.25,0.296475480867585,7.029965585650484,80.14672394540075,21.924515906543014,59.334040277284934,74.2842081140824,Low,0
Jun,Tuesday,6,Reproductive/Flowering,5.0,1.2916666666666667,0.3129694376359329,6.926400373537261,76.91371463455158,23.128735116460838,62.07105955568864,69.32952186100249,Low,0
Jun,Tuesday,7,Reproductive/Flowering,5.0,1.3333333333333333,0.2126676258001075,6.651769780129513,76.99236056465087,26.4189144852251,60.15252480559893,73.36051273413409,Low,0
Jun,Tuesday,8,Reproductive/Flowering,5.0,1.375,0.267750016770364,6.803748477188273,75.8890182246802,27.842179308153856,55.51248143980349,75.34013990087031,Low,0
Jun,Tuesday,9,Reproductive/Flowering,5.0,1.4166666666666667,0.3236076833376179,6.581074909661168,78.38511028302045,28.33230933702793,59.49549781106945,75.77768879854827,Low,0
Jun,Tuesday,10,Reproductive/Flowering,5.0,1.4583333333333333,0.3028230338410678,6.920244985177362,79.215555100608,28.460717167020228,69.90630692807633,72.24916008183557,Low,0
Jun,Tuesday,11,Reproductive/Flowering,5.0,1.5,0.3496962142943012,6.899132695138871,74.42999553971826,29.56701866702003,55.835881322378626,74.37742194639144,Low,0
Jun,Tuesday,12,Reproductive/Flowering,5.0,1.5416666666666667,0.3446533167988456,6.701530372394444,75.79509889555912,30.24234982274062,62.023149469062794,75.96233846616073,Low,0
Jun,Tuesday,13,Reproductive/Flowering,5.0,1.5833333333333333,0.2954857247057723,7.004722898510716,78.33015704874845,32.147523941890164,60.571311915200276,75.41238994804668,Low,0
Jun,Tuesday,14,Reproductive/Flowering,5.0,1.625,0.2761807483390318,6.978174297791474,76.24090272443135,32.2297996463416,66.80925968554372,75.50984303832281,Low,0
Jun,Tuesday,15,Reproductive/Flowering,5.0,1.6666666666666667,0.25145464504265536,6.757094409552371,75.51322906293358,30.48946521119342,57.96688505732308,73.56501653908438,Low,0
Jun,Tuesday,16,Reproductive/Flowering,4.911929660987011,1.7083333333333333,0.2661449417309416,6.85223418922792,78.30771549410763,29.137187511325717,61.603910308840646,73.04495565739354,Low,0
Jun,Tuesday,17,Reproductive/Flowering,4.303992904051976,1.75,0.2533111808041716,6.641299398587622,77.03648937914977,29.351886812198657,63.358593051580385,73.96153393438729,Low,0
Jun,Tuesday,18,Reproductive/Flowering,3.6894676573122833,1.7916666666666667,0.23147296969944706,6.751309338882886,72.45543819620521,25.8132110802485,60.7621159910656,71.37182820249534,Low,0
Jun,Tuesday,19,Reproductive/Flowering,3.2960955056568677,1.8333333333333333,0.21026056647048508,6.619259219480595,72.83536226955238,24.946626133730803,58.99734083671108,76.06148748269094,Low,0
Jun,Tuesday,20,Reproductive/Flowering,3.401066399226722,1.875,0.2590818405439396,6.748968749855666,70.24560976633568,23.495372799636904,61.233411499258985,69.45523860807978,Low,0
Jun,Tuesday,21,Reproductive/Flowering,3.387038744660997,1.9166666666666667,0.30405835735150316,6.832188611720071,70.837931166229,22.43475951425888,60.371511268413,72.02047422020232,Low,0
Jun,Tuesday,22,Reproductive/Flowering,3.4941580273883943,1.9583333333333333,0.28001793757276894,6.549389866258787,73.1343097299989,22.616268622886952,60.363092498169316,73.19064295826914,Low,0
Jun,Tuesday,23,Reproductive/Flowering,3.7265596804397454,2.0,0.24187928997153235,6.953016366449553,73.50655680821507,22.55400993664992,64.09213703966351,74.45544874734131,Low,0
Jun,Wednesday,0,Reproductive/Flowering,3.4314469085155856,2.0416666666666665,0.2812771823789145,7.007607366422873,70.80172039697614,24.25838148479047,63.408848749818866,76.12298795417215,Low,0
Jun,Wednesday,1,Reproductive/Flowering,4.132173550288834,2.0833333333333335,0.27543711909658175,6.816227400391637,72.98526867124204,24.65649382164567,63.8553006319429,78.20163205990634,Low,0
Jun,Wednesday,2,Reproductive/Flowering,3.9665993810770335,2.125,0.25774033224413634,6.35374391911823,71.88974977467376,23.21683402418925,63.19088854849877,74.67354695117885,Low,0
Jun,Wednesday,3,Reproductive/Flowering,3.759781556852711,2.1666666666666665,0.25038524352365865,6.798304925449796,74.43359545027292,22.91042513036577,65.07964119874619,72.6842020420926,Low,0
Jun,Wednesday,4,Reproductive/Flowering,4.001821190478372,2.2083333333333335,0.2530476249323701,6.597013574673773,70.1690924637643,22.645127140005364,66.11277910172191,74.11657483787708,Low,0
Jun,Wednesday,5,Reproductive/Flowering,3.1713669982307815,2.25,0.262071489251574,6.730872618381981,70.08812633663348,23.126397050760264,61.3398602944109,73.68067277614159,Low,0
Jun,Wednesday,6,Reproductive/Flowering,2.929535116103158,2.2916666666666665,0.23812683078225372,7.108576195130375,67.80500118298293,22.68482259885057,64.6584067176224,75.77900032509027,Low,0
Jun,Wednesday,7,Reproductive/Flowering,3.517113324748205,2.3333333333333335,0.2224330352035105,6.376881695916989,73.77911318711166,24.82754327776634,58.311435113279686,71.81166917264757,Low,0
Jun,Wednesday,8,Reproductive/Flowering,2.794212835990944,2.375,0.2026654970812613,6.636654902950122,67.60064370626885,26.926656171343602,55.44083209709588,74.04059236385591,Low,0
Jun,Wednesday,9,Reproductive/Flowering,3.4494796598502724,2.4166666666666665,0.2569436308411152,6.919992509224317,72.84220958071172,27.788668060637573,67.67921510183618,78.5358217129792,Low,0
Jun,Wednesday,10,Reproductive/Flowering,4.179963962332844,2.4583333333333335,0.27950189160723576,6.622733577336447,77.81096154109369,29.227981409652962,61.19992467929954,74.92879699400333,Low,0
Jun,Wednesday,11,Reproductive/Flowering,3.9500962387955827,2.5,0.24779276341880213,6.5946167577816315,77.32709893565121,30.18438735516151,62.95741851988906,71.84683467727314,Low,0
Jun,Wednesday,12,Reproductive/Flowering,4.037298510706041,2.5416666666666665,0.22131226597153247,7.09327752210425,70.57770128733685,30.670372549673676,58.524352612310985,73.62970512405987,Low,0
Jun,Wednesday,13,Reproductive/Flowering,4.471883774180133,2.5833333333333335,0.315580873452483,6.794032105338089,75.82934026129423,30.771841698387032,58.38596885920575,68.89670847282724,Low,0
Jun,Wednesday,14,Reproductive/Flowering,4.120164911175332,2.625,0.2993552841128318,6.882661725288695,72.41045319405987,31.534180579804033,60.061168325303775,74.33201645833479,Low,0
Jun,Wednesday,15,Reproductive/Flowering,4.408092575569427,2.6666666666666665,0.20064413685516325,6.842798117416787,72.6931501099461,28.916162120038198,64.12869318946527,78.59837006901732,Low,0
Jun,Wednesday,16,Reproductive/Flowering,3.9554074123954672,2.7083333333333335,0.30577058762586024,6.757019394283602,73.76603788096897,30.63907574694525,60.65037159816258,71.51265924819563,Low,0
Jun,Wednesday,17,Reproductive/Flowering,3.6482989771720065,2.75,0.24389332152264467,6.991704354013499,75.71249985907906,28.221341985432268,61.19262865029587,70.83904948888153,Low,0
Jun,Wednesday,18,Reproductive/Flowering,3.2377357114216876,2.7916666666666665,0.24759294058649217,7.124201129198166,73.46988345585278,27.084083973729676,59.96646676379945,72.84601662479041,Low,0
Jun,Wednesday,19,Reproductive/Flowering,3.400213585972149,2.8333333333333335,0.2848431467511457,6.5021885080975395,71.2302307493674,25.48522969816961,65.69736426793101,76.78245751749044,Low,0
Jun,Wednesday,20,Reproductive/Flowering,3.9117345128051078,2.875,0.31563222035214455,6.842764585806699,75.29823082555227,22.558552671975544,64.8055900272522,78.74076062715882,Low,0
Jun,Wednesday,21,Reproductive/Flowering,3.7554926292815276,2.9166666666666665,0.2889876007086318,6.843821527962434,69.02576564651231,22.393513155056606,60.747555256714165,75.59969704319889,Low,0
Jun,Wednesday,22,Reproductive/Flowering,3.1420615392215323,2.9583333333333335,0.24698760594380786,6.775742329059642,70.53505609726521,22.29918457227694,64.2523487961711,71.26439236389011,Low,0
Jun,Wednesday,23,Reproductive/Flowering,2.7111727204914273,3.0,0.17963189399168072,7.020180729663162,69.35903143977693,22.927345576137128,61.46428899376295,74.42360448509989,Low,0
Jun,Thursday,0,Reproductive/Flowering,3.0180782792393708,3.0416666666666665,0.16453384314151842,6.878474326554818,71.90002925365236,23.684363753240824,62.08735226387183,80.15064703855931,Moderate,0
Jun,Thursday,1,Reproductive/Flowering,3.9469818393833034,3.0833333333333335,0.2894101088504402,7.19421525990235,73.56710048719994,22.657990379823342,62.950867675904064,74.89983157862046,Moderate,0
Jun,Thursday,2,Reproductive/Flowering,4.10498063156112,3.125,0.3095955778900847,7.031377773991159,74.06901132850692,23.611345312142642,65.02970189462616,76.02826459627192,Moderate,0
Jun,Thursday,3,Reproductive/Flowering,3.8997281276276405,3.1666666666666665,0.22898063306135935,7.114686493428323,73.50990844609406,21.230663024911042,60.42340145531802,76.27848234333098,Moderate,0
Jun,Thursday,4,Reproductive/Flowering,4.249884219627837,3.2083333333333335,0.25680480672484035,6.629402246826181,74.74453660908499,22.8165462384198,64.60718385265199,71.81242593541586,Moderate,0
Jun,Thursday,5,Reproductive/Flowering,4.103356408354069,3.25,0.24307960411536078,6.681523885265592,75.42831731396622,24.05870989408925,70.59346291940068,78.1719501148839,Moderate,0
Jun,Thursday,6,Reproductive/Flowering,3.916558163370606,3.2916666666666665,0.23747745151215002,6.7124121935918355,74.19840164429421,22.988222968773652,63.649363541065625,77.81148770707448,Moderate,0
Jun,Thursday,7,Reproductive/Flowering,3.4931637884240168,3.3333333333333335,0.28495273614681926,7.0620335959643175,72.31488945900853,24.241852562717582,63.20715427582947,70.69323233870101,Moderate,0
Jun,Thursday,8,Reproductive/Flowering,4.1892580827409525,3.375,0.27237451171490135,6.622349338467818,75.35771595818785,26.070595335230387,62.84749698821847,72.35045428741108,Moderate,0
Jun,Thursday,9,Reproductive/Flowering,3.0036666205623113,3.4166666666666665,0.22707042461520938,6.633314311675833,73.36104697665506,25.690500364415296,64.53463498500678,73.25283302049438,Moderate,0
Jun,Thursday,10,Reproductive/Flowering,3.4755899338092586,3.4583333333333335,0.3399029490630945,6.55710287061668,71.72936405969696,28.570210283414703,58.26878840528152,77.54795644898051,Moderate,0
Jun,Thursday,11,Reproductive/Flowering,3.301904254277094,3.5,0.19234287489166274,7.215366738779734,72.30576474891969,31.17854404122942,68.20325291865457,73.79930315790237,Moderate,0
Jun,Thursday,12,Reproductive/Flowering,3.1638843295250756,3.5416666666666665,0.2582739960904794,6.705023140001034,74.41713551695335,30.458341083937604,66.04356086291206,76.68046108147233,Moderate,0
Jun,Thursday,13,Reproductive/Flowering,3.978700210434557,3.5833333333333335,0.2227532652798371,6.821579375324646,71.84335915050822,30.75336451039902,61.16645238550897,75.22264584499821,Moderate,0
Jun,Thursday,14,Reproductive/Flowering,3.5847231894836957,3.625,0.24410778921729395,6.546304279543482,76.71274004727277,29.058973547825463,63.194641690362104,75.85501271579118,Moderate,0
Jun,Thursday,15,Reproductive/Flowering,3.251082591365053,3.6666666666666665,0.24647940824031989,6.924745301354657,69.62428826979698,29.028080708729302,61.4279554005047,76.9169219072883,Moderate,0
Jun,Thursday,16,Reproductive/Flowering,3.2037183762747197,3.7083333333333335,0.26965380959409624,6.413264639416991,71.49819488064985,30.331691202624043,63.997705071676044,76.35791863683595,Moderate,0
Jun,Thursday,17,Reproductive/Flowering,3.4029987617236017,3.75,0.23593360271245428,6.582178200672934,70.76681703438462,28.60675367939912,63.284052590465095,75.62965364441541,Moderate,0
Jun,Thursday,18,Reproductive/Flowering,3.187643833050506,3.7916666666666665,0.2268479124033732,6.6724809177782065,76.52619919305997,25.55811868778892,63.78590066795477,76.49478440658555,Moderate,0
Jun,Thursday,19,Reproductive/Flowering,2.494706812194122,3.8333333333333335,0.21259969188138028,6.86088623355561,69.48059629157159,24.400709558391934,60.01503534843489,76.2195135263043,Moderate,0
Jun,Thursday,20,Reproductive/Flowering,2.222348432304713,3.875,0.17776036678707668,6.69822025158029,68.83195392447426,23.101662125600974,61.65536948198323,75.15291590509635,Moderate,0
Jun,Thursday,21,Reproductive/Flowering,2.962071654912946,3.9166666666666665,0.25618263444603273,7.129298190983102,70.86747449191124,22.168097814274596,66.53817373870054,74.59899482056764,Moderate,0
Jun,Thursday,22,Reproductive/Flowering,3.0654311783361137,3.9583333333333335,0.24648248243576965,6.955254903398919,72.04824044379457,21.521684893189118,61.4986259230073,80.37819037840491,Moderate,0
Jun,Thursday,23,Reproductive/Flowering,3.335477957825754,4.0,0.2586178524416706,6.718406907954102,71.84826354097278,22.99763169004845,55.169516395452575,74.5703211036768,Moderate,0
Jun,Friday,0,Reproductive/Flowering,3.2597715005022816,4.041666666666667,0.23906028242389923,7.013324771126251,72.05767799196067,23.583086849738592,63.54810884445401,80.29248748590093,Moderate,0
Jun,Friday,1,Reproductive/Flowering,3.028211660364014,4.083333333333333,0.22895456291294708,6.76273148933409,64.70928807882616,23.598485855783963,71.2344733313857,75.16217713332934,Moderate,0
Jun,Friday,2,Reproductive/Flowering,3.8925682803569863,4.125,0.29846021884700447,6.723843556670274,73.95648354486042,23.825189908433718,66.54663298834484,78.90043628743659,Moderate,0
Jun,Friday,3,Reproductive/Flowering,3.8064706177121628,4.166666666666667,0.29092429189829966,7.020514503690511,73.67114272548247,21.88215419057614,62.247562582168634,81.33439557494661,Moderate,0
Jun,Friday,4,Reproductive/Flowering,3.6253835302306903,4.208333333333333,0.30015260877222083,6.398421753422201,75.27805806737845,23.17132152786155,63.84819466868625,76.03123378280623,Moderate,0
Jun,Friday,5,Reproductive/Flowering,4.167324266346461,4.25,0.277223908961017,6.976113488381917,77.11970013579032,22.9102389086167,66.03957810997889,75.2065196106412,Moderate,0
Jun,Friday,6,Reproductive/Flowering,3.8167367075676335,4.291666666666667,0.30276166100213053,6.713314585267508,73.28475197537874,23.055223451602245,58.73124466626958,75.80192594830314,Moderate,0
Jun,Friday,7,Reproductive/Flowering,3.5709966292980306,4.333333333333333,0.2347120233422363,6.687834552871425,74.70285007366317,24.735742164743204,61.431823015208046,76.82658091336786,Moderate,0
Jun,Friday,8,Reproductive/Flowering,3.627003353789348,4.375,0.24364527132978708,7.148948977759273,71.00167048820481,26.067711368454454,65.19504062598924,77.67967834606324,Moderate,0
Jun,Friday,9,Reproductive/Flowering,3.662892663376661,4.416666666666667,0.29340084296328517,6.706401410308974,74.82562707749618,25.698686051497383,68.78345972143269,76.77500702592404,Moderate,0
Jun,Friday,10,Reproductive/Flowering,3.8003127970603745,4.458333333333333,0.2845275737656177,6.904927907754219,72.47579911467574,30.30911507620078,62.682030454977735,75.82503860099649,Moderate,0
Jun,Friday,11,Reproductive/Flowering,4.731102228909915,4.5,0.2681117914807265,6.778812905115713,73.48525041312368,30.596743075599424,68.7010521177927,81.76135464452493,Moderate,0
Jun,Friday,12,Reproductive/Flowering,4.728959627721093,4.541666666666667,0.24160495243233746,6.810383512551542,75.47832575012252,29.736991467425383,61.73702921399919,76.37390293636876,Moderate,0
Jun,Friday,13,Reproductive/Flowering,3.492998863392256,4.583333333333333,0.24018622434006986,6.669849813755213,75.68414216653697,31.503505322394204,53.843462014747914,75.3247465571512,Moderate,0
Jun,Friday,14,Reproductive/Flowering,3.6352135470615425,4.625,0.22690994323184235,6.674512517800477,73.5865235864094,30.56657945185341,66.23143252074976,78.95127791895139,Moderate,0
Jun,Friday,15,Reproductive/Flowering,3.6175814157151054,4.666666666666667,0.31079715727998125,7.012574313877863,76.17517169307301,29.99757309008517,65.62119682903229,78.99108949873404,Moderate,0
Jun,Friday,16,Reproductive/Flowering,3.597137283687709,4.708333333333333,0.27652985461538404,6.9235090098835865,71.63566405321889,28.764920178553012,66.20855285040375,80.40622344226962,Moderate,0
Jun,Friday,17,Reproductive/Flowering,3.665783987711542,4.75,0.22483730948425176,6.669420485556936,75.39358377960367,28.54246279299168,66.09131461622,81.69465939762333,Moderate,0
Jun,Friday,18,Reproductive/Flowering,3.599568999978267,4.791666666666667,0.21341454137618127,6.609899128839991,71.83464552547396,25.956211055727504,64.57525016328427,77.74068005059641,Moderate,0
Jun,Friday,19,Reproductive/Flowering,3.5335235326182204,4.833333333333333,0.22109712373299606,6.72187923214981,73.43111382126213,24.02769972277803,63.223554450510164,76.15436438614189,Moderate,0
Jun,Friday,20,Reproductive/Flowering,3.7811648876630857,4.875,0.23497023884525545,7.00371321088187,74.00816138771023,24.030395848484797,63.33793486800932,72.11940733240205,Moderate,0
Jun,Friday,21,Reproductive/Flowering,3.4821172123745874,4.916666666666667,0.2412184165264629,7.054936096357155,74.18006477754736,22.98189487218662,62.61879579498712,74.53037145412986,Moderate,0
Jun,Friday,22,Reproductive/Flowering,3.052561951604516,4.958333333333333,0.27532317597094397,6.942284685042774,72.3276299236735,23.007010888006235,62.79882770917914,77.39640442083224,Moderate,0
Jun,Friday,23,Reproductive/Flowering,4.482122798849936,5.0,0.23822497877389326,6.541296662939166,73.77872564159621,23.67897129622133,58.566895728222725,73.9226453835771,Moderate,0
