water_level,soil_moisture,temperature,water_velocity,gate_decision
0.9400494558393578,0.2136118884207736,29.414567733342565,0.2563373852236101,1
0.5547102057148602,0.547195775420464,29.224755229493407,0.08990892530078907,1
1.0373876078980897,0.6251461402271099,19.053900621666486,0.22540655695689318,0
0.8519732334182685,0.1749771072713558,15.733107903364743,0.5685603195638697,0
0.15830395007079695,0.08289371256343699,21.075990436141385,0.35556608245301674,1
1.1719657043822693,0.379690531476004,18.142726097179015,0.1366694873739601,0
0.9253106572889059,0.6305180644943279,22.915769584313882,0.23259001335435783,0
0.9539739510684968,0.538084876680607,34.586922383052084,0.6684352701780523,1
0.19733067757687772,0.5764112903109435,18.621427418104417,0.313731091907066,0
0.5679438285799022,0.3521295049950263,21.377478868459377,0.32028749326814326,0
0.4764177278674684,0.22620915893980242,29.50228632639145,0.12408732939006502,1
1.115779737175892,0.4488341324634571,25.183655657238432,0.22709692713771362,0
0.7904448880927643,0.20327427031189765,15.878562871467699,0.5739865703992315,0
0.9961758552614545,0.5946715227387993,18.233800363226432,0.554615302594219,0
0.5599263286514308,0.19772484196960777,33.70499109546392,0.3161391832812728,1
0.3113245300524934,0.2684474500357561,17.06329985478057,0.6276835382668446,0
0.68777250506821,0.429908583742254,27.701855744194113,0.2785760636027192,0
0.12338984451980162,0.41503245060762123,30.846512976818232,0.6077441142789151,1
1.0017758477914693,0.5006370323052721,20.308781254498477,0.04146457439759782,0
0.7764140589903745,0.3780834503749377,29.5015600627738,0.2561165973562033,1
0.9218009010981799,0.7396049813825686,18.397903580603604,0.601446565053488,0
0.45770486334934857,0.6799505706478912,20.695005496675805,0.6328905018025431,0
1.1663027280541387,0.7093350884274788,21.23644061768415,0.53436834802986,0
1.0770892895205273,0.5221374285525782,34.928699811284474,0.47550875548907645,1
0.9451410216348262,0.5262559368956048,19.291445904359144,0.5745433384343634,0
0.2738345140297627,0.5068990127869615,17.5841492926717,0.5011395679910479,0
0.5867291542860893,0.37616311581609213,33.5138287496282,0.19287024903632125,1
0.1003743306553131,0.291579500800447,18.238613876407054,0.3370410924725075,0
0.22743291587768,0.4940021655866527,32.58559839258811,0.4692793985625885,1
0.8355062962288228,0.06914887785383773,28.0091325529338,0.4197058748404469,1
0.9064764792939897,0.05559232356785228,26.537229961410375,0.6218663728436811,0
1.1626361922993416,0.6887313697225614,30.026774230931537,0.34221435546372325,1
0.4246991618588747,0.08481803358321664,29.519979142961002,0.14103141705578026,1
0.4760286619400992,0.44359636275006353,17.210523788366274,0.16591578544075947,0
0.5899891829671791,0.5112408222122339,34.989322208133785,0.5953184600243177,1
0.2678920629469285,0.1986284222168267,33.83779452897457,0.02593024887171618,1
0.19940973113579236,0.7217981286988613,32.93183925723832,0.6110086461578469,1
0.5970606651598238,0.19257182881128126,27.445782678848136,0.05779989821070963,1
0.3109457514085167,0.713386240525006,25.455826626646285,0.28632775830079565,0
0.8202860938848869,0.6222427019997764,25.725571677633365,0.5641198346630277,0
0.5527247067031803,0.23055721514314548,15.29873888456465,0.29717845623923134,0
1.007579925466513,0.16305812470707015,24.98939003890886,0.5791967671967557,0
0.8553048673025865,0.28717453263967635,27.475391353198397,0.08820320747753253,1
0.4092216375893472,0.348462924702706,28.174124175498967,0.3678487139759268,1
1.007098771604481,0.2343385073741926,21.64278930102626,0.4160823322393262,0
0.9754790111213221,0.7991686615658175,24.42564700587099,0.625790646121324,0
0.4956001358847006,0.22223925217968576,27.726212133251487,0.08366255631065148,1
0.3815773195197807,0.6729761202371427,23.566110205503634,0.25024846599243833,0
0.8348698295712218,0.16933831031785457,34.2427039796705,0.4683567045298502,1
0.21071535615070625,0.7851834689569607,29.108842197040005,0.6863524556648528,1
0.27989443284637455,0.21914259371231365,15.02547492501781,0.5968265402913426,0
0.058466610213656345,0.36626641608769417,15.46558962964506,0.5956166419532049,0
0.9549630341274591,0.4689230500759299,28.80600406936749,0.3716841200088559,1
0.814578485080837,0.14021428636707,23.252901950910054,0.40372340301881876,0
0.8609401854202854,0.662615050609326,31.789418984245327,0.6038344639748434,1
0.947838385675263,0.2560141495106224,18.46030818972524,0.6113453986545965,0
0.577753141869091,0.4619524262012478,15.276538281045838,0.565546704521036,0
0.7040523753458278,0.4622253580199352,22.761647002274245,0.5766284671255114,0
0.21076654784680604,0.5019804892443388,29.721282086148978,0.6181483041205997,1
0.18170958456636943,0.09161448989323602,34.43455466755137,0.09737171314251226,1
0.8186634060590424,0.17646407137367592,32.67307758702111,0.21899477629538017,1
0.5917606370646024,0.17089418219252317,24.681492238742777,0.6837572030884531,0
0.7000215224533671,0.2765384445618889,31.25634566392733,0.3904477887755167,1
0.9297486860284294,0.15868561764375488,16.406609157352282,0.13999542482835056,0
0.7799260680006794,0.7414409905807173,26.44544695169767,0.36207783057567844,0
0.6866163107566952,0.4347158378834755,33.485968260289404,0.4591332392064421,1
0.6930882348572256,0.5176813607770133,22.9277029498148,0.5831909490776069,0
0.399542612772004,0.3181161315485906,34.20201259326231,0.5722801736959582,1
0.08544050975313032,0.2571846057754337,19.413701934582107,0.05348421546604333,1
0.5522249976172168,0.4273828776741597,17.11267619066787,0.3283969911412376,0
0.2967723737424586,0.2707422311261252,25.49524672163402,0.03398695820716551,0
0.5198079402833315,0.30773444429732316,33.144937439624485,0.6239461640930505,1
1.031413534258391,0.38956315570314287,21.225584374894883,0.13825613135266493,0
0.3190304087451418,0.42930026538826666,31.00320638797905,0.44491479271399414,1
0.11704815294242592,0.788235508836379,18.38394531760562,0.4080204924706722,0
0.373591475825296,0.21749194112145537,29.91140792001879,0.44536001555714866,1
0.38763282143168615,0.41598212366198534,26.14053882774862,0.40312330352535747,0
0.8112039919359293,0.16213380461700422,18.500339507887446,0.5066003006092931,0
0.6905869751924701,0.31249942453097945,29.36174498875217,0.44575477689575327,1
0.9514829404723755,0.5879830390298033,29.275122269128545,0.0814041678041537,1
0.8139605713764957,0.18084660782043094,25.308704582868806,0.2694022066850593,0
0.5173448906560811,0.48601348066253236,19.509352752853495,0.3916835364355632,0
0.9861234423659399,0.36252576767600536,17.645877844899932,0.2411342496107604,0
0.24201885789385946,0.08868465830335474,34.14510096919578,0.5370250016686811,1
0.07611888410393955,0.7498064311088335,28.116250765183104,0.23617044623739444,1
0.15355503989198802,0.36020235521966476,31.18482967146768,0.5835052385260668,1
0.8807132531859179,0.6379449018133747,28.939410581004832,0.11977893026740893,1
0.5811588147890955,0.3622351165488502,31.58947330384578,0.5431869441903948,1
0.23546254588864207,0.7530202411840885,18.249816394978467,0.14475649973392843,0
0.626201491368868,0.2678527508216731,24.93900449094089,0.3790503906802704,0
0.22515891812014366,0.3591729872657726,28.342495410045867,0.23795657361546738,1
0.8507684313393964,0.6191481801944648,17.06779799790436,0.45338741646438685,0
0.5630797169101354,0.3077504864606427,17.999138986568166,0.16466347869228617,0
0.4881744100109548,0.3232678035013845,27.67965188501893,0.5608786186792869,0
0.39673890252005795,0.7961173800606676,32.3741160850764,0.41003702912917933,1
0.7748249820867217,0.46671089426776396,28.20832357883195,0.6709457447830184,0
0.46608450213639896,0.5670353402526112,15.724096269121512,0.5040038236627404,0
0.15079740721351614,0.5325966756152074,34.40865834180646,0.43302896686221065,1
0.1857067874385926,0.6709431103674293,17.7901380181249,0.583827909503512,0
1.1561823142319416,0.6963688245813073,19.651244671049795,0.16938414607800809,0
1.0948677943137481,0.4724420993527322,34.49934563809448,0.45026487338783094,1
0.8546632038823619,0.2709170562247995,30.420659933067498,0.2854746177244991,1
0.3557504556784475,0.0671001856812271,33.73153360757013,0.5257778658195781,1
1.1645528339498825,0.5108024382982401,31.132393856160594,0.03663919845406079,1
0.9455635395606637,0.6691016249492148,28.034689500064,0.3108442256383016,0
0.874423717532845,0.3879048541337446,20.69105997726012,0.46315729324638505,0
0.566765727465357,0.1735296053681482,21.537628833990507,0.33323474878066894,0
0.36307779612193286,0.2660615547017307,33.945421460887395,0.1818206850853506,1
0.1608496064765242,0.4324916971338984,32.21251232311289,0.33575749114201636,1
1.087992756025418,0.6775109142332499,22.189808968846528,0.5978262773328777,0
0.5741427333086527,0.17881485955131549,22.465348352414075,0.16065053176272984,0
0.28271786951451483,0.5091124067821357,20.953887805517695,0.2696770712681574,0
0.40185011777325036,0.6150264604629091,21.52260285250008,0.6934281546200868,0
0.7161025042831803,0.7520356402511175,32.21334932577571,0.6407156748455055,1
0.25328870038011647,0.13752776875914458,15.210137131796937,0.04309847264612585,1
1.0351064267062318,0.7447937256234181,23.721052422190496,0.38062573796936977,0
0.9222974593104916,0.5011006513808597,33.85679357055815,0.06448085825656079,1
0.8773823993435773,0.6250261905742145,25.85272710365618,0.6482553480872433,0
0.5469069957413693,0.0903310321764166,24.00891580287807,0.3202505406258209,0
0.7714051668078097,0.42961111673044633,21.24739609399176,0.30453716267104114,0
0.7217126642496459,0.5169722555605953,16.478252597238075,0.2056033016507312,0
0.797323591788043,0.28012537990463016,19.48972956055026,0.40679690666666457,0
0.14711096931087245,0.3737376560759395,16.809168198737424,0.11859913163550709,0
0.5281785124962011,0.46572360145969854,17.533988594308564,0.563289400364172,0
0.09785629994117634,0.4644109548297349,18.270330882525396,0.35402303449567685,0
0.6180894421311968,0.08139614405512856,21.04058864168557,0.40519476609362914,0
0.4293403941827031,0.37961132493416927,15.22033359991071,0.5917472284050739,0
0.2162028171959539,0.21036361609417314,34.002877711864954,0.1459011662417653,1
0.16891341288093437,0.7375213085640124,17.47638185353949,0.13912448987263865,0
0.7257912580043688,0.7824349925925006,22.662977447191743,0.30614513755149536,0
0.246181913817419,0.2747351722640518,32.590551194295614,0.5545672040123284,1
1.1138881361333168,0.18138904793829408,17.131359403815246,0.05981097639369935,0
0.7182203106554542,0.2146281132112573,24.672085035082418,0.560715738651147,0
0.4489002752150626,0.4083141915147153,31.895671950827914,0.36051448364243066,1
0.7295528152036292,0.7058791993348839,26.139252480682803,0.4019991459647927,0
0.07622445168415212,0.4250271612032297,19.2068719084552,0.4037824380298377,0
1.152343095227662,0.09154404628647324,29.710190628251627,0.05819382449124974,1
0.6046489524843353,0.07991420203485801,28.62682125735016,0.18984414244833844,1
0.9501455113378291,0.22054320921713644,22.243718130938486,0.5336022670299945,0
0.14513949991080435,0.6820784582070717,15.925903231627503,0.3003423212527129,0
0.6096570804638844,0.516110418151358,15.157293797921877,0.40115154793126084,0
0.6143130435076991,0.47221839033971863,31.507857662543433,0.662510662978052,1
1.1285004232212303,0.2892271944369816,21.43114723118137,0.05146480245580565,0
0.7074872602324866,0.7470690537846405,17.755397972118093,0.3257826486581974,0
0.5945128112154969,0.29838368372159935,25.371024523259642,0.2656664103365707,0
0.35702201255567756,0.6762083094897101,33.416665914501806,0.092385609812424,1
0.431304346943935,0.7219276384819131,15.169617290447954,0.6665401571566626,0
0.6487732628422684,0.4125012599121025,16.12287081352829,0.6737925210290094,0
0.5547481793508037,0.720716952110557,23.340898651701448,0.23181194484879666,0
0.07485389186237999,0.2576024655432853,28.51931813510127,0.6637672952685735,1
1.0002357128235113,0.5438250696374569,24.522009175341005,0.0439180525725142,0
1.0805848876157318,0.1159728113932897,32.95096876930809,0.6870092734286173,1
0.21128645234840238,0.4054506605692954,15.881691110749562,0.5884337711578917,0
0.6871415650699068,0.21299885161876092,21.80281739287487,0.16574455015162542,0
0.17486210230576008,0.09707245844795216,22.026957787774414,0.4276920646755201,1
0.8230761069957835,0.05279413105821555,21.802544519726833,0.5628435664111259,0
0.37341885141485953,0.2935640873306063,24.753718242467812,0.2371232955252897,0
0.808336029895687,0.4921479459025721,30.811540903892208,0.2605512186231241,1
0.886043806429915,0.39142276073836796,21.357652328056346,0.4477014874031901,0
0.9339446157053055,0.2763269738896221,29.88966413264405,0.12002395463473774,1
0.17390208784928105,0.7934000230821884,17.92930942558143,0.10038321461123785,0
1.103413621908249,0.7546437799847584,26.214497112679005,0.18986758912120852,0
0.3147460895291129,0.14423998012812267,22.501760513310902,0.5240566268359813,0
0.09302443960260674,0.3613305700013711,25.784216045911414,0.26928747395985847,0
0.6880803398002059,0.5366352004952082,17.154995007444988,0.36500359072322014,0
0.4765606264418045,0.6001180981474525,34.06925693521817,0.15290637862912218,1
1.004258204602275,0.3247791161821178,33.124282336035556,0.15199185379770888,1
0.9794891928739471,0.6097113595515108,31.527926085812577,0.4623068562796707,1
0.4147097267461226,0.1431125096830087,32.85565646776104,0.09369517127054855,1
1.1458343043302066,0.29885946894327853,17.933757403629723,0.4741316945071562,0
0.3845555138611364,0.5873248818169288,25.074435460393317,0.29247725959725623,0
0.6423156986164718,0.5192620926952813,21.358183175130467,0.4764642212599854,0
0.3443598541527431,0.6779076611462412,32.74771882608317,0.2795760443705323,1
1.1264501055563079,0.08514276700036631,18.788753649989328,0.5953154848816589,0
0.23929899021932083,0.18079378836728638,19.398907102839445,0.05777819506664486,1
0.10164721230117833,0.08637093670397485,28.73428912710022,0.6274421720322803,1
0.5503616190034937,0.19408566818690848,16.777993181753363,0.20268960052190474,0
1.1912318986642125,0.05321210797470126,29.647343538332795,0.04892870277652751,1
1.075428856193151,0.42815772625914966,20.362545766282448,0.4024350068798841,0
0.9108992223754916,0.44623579667619157,28.218707305342946,0.1725608766591455,1
1.0744113645103035,0.5434188360544961,32.46075572721321,0.3322581237652014,1
1.0774636356525427,0.3386843354007826,27.192227464699812,0.5655736601222304,0
0.6466871144444164,0.05240576801388801,19.25367466572218,0.5582517973087432,0
0.41331840960541194,0.5554183658057279,15.983310510784332,0.428262219072722,0
0.9378142969276362,0.09071831581093444,15.892279433901317,0.6849528978872002,0
0.8109104526429253,0.699627823113308,16.776237640280158,0.3353507447672778,0
0.4797063882047665,0.06699049078095302,26.59635824939432,0.046784105441273066,1
0.15863666827074255,0.44785634244247435,21.964357080813024,0.5772091018711221,0
0.9088080530513799,0.7211884117891406,19.862139547917963,0.17047983163866529,0
0.3518295933112943,0.47936718184158505,19.386131155943822,0.13984239011797664,0
1.127335123113846,0.5063125599079475,33.97163063806198,0.06760674693721427,1
0.3271161612565374,0.5612081362530543,17.37633151784149,0.24297196167427437,0
0.19117162227320894,0.14180663579785024,21.096288215453093,0.24178809759684775,0
1.005779572943642,0.5561953256079197,24.429545240383863,0.22588464173718756,0
0.22627696411816817,0.7102661615096114,15.008990521485108,0.42337119904270065,0
0.25615855438139995,0.7806656246264874,33.41906374951449,0.5310486751431119,1
0.73929021024897,0.3822889995187603,16.981971815202076,0.6576813686801906,0
1.0557463469630841,0.30837863875816013,28.64941201372345,0.08395405350250036,1
0.2758998655717592,0.6149822116972379,27.57730954324977,0.12225964609193993,1
0.40687222383510896,0.4571557160714859,31.181277102094743,0.4210929071567057,1
0.9440155639773542,0.24297849084127288,28.02775461124305,0.08673220383653703,1
1.1676003899701124,0.17911841372727721,30.38774834431959,0.27211971354109876,1
0.6258523641326936,0.17767272544455776,23.42497217577055,0.4446955167713051,0
0.2154821279339384,0.39438277745461403,24.774089891032464,0.5507706217864259,0
0.06602673086443178,0.17759330421173758,29.03324204328839,0.16796751547146146,1
0.3141044344986835,0.06478920800861433,26.36853442110102,0.474230183585968,1
0.20159555045449917,0.0890665812272675,25.230771005334397,0.459191372776105,1
0.829307474654786,0.7474134079647243,19.111168121090987,0.6045389658556538,0
0.19010738032281077,0.10472100587010182,20.16216521612751,0.23334829711951346,1
0.632279421363728,0.10488551793571967,22.16994482118787,0.5300624681239601,0
0.8484018009893194,0.3883913341501493,15.185687708470063,0.5313599078202162,0
0.7182841006040377,0.2338252117512744,23.34726899160474,0.18265228855405505,0
0.27974199940906624,0.7720203891293733,15.055369515278256,0.44238732967573074,0
0.9747432051096021,0.7332393796233532,26.300308718426734,0.47911021961455563,0
0.8727181990581719,0.35355743650345034,29.080575379446977,0.20661132058314616,1
0.899831604502873,0.3865486395621944,26.24297263230253,0.32722399684795467,0
0.20071641429091025,0.3313352398066776,28.870399464097517,0.3163288545344152,1
0.19231687419789628,0.07839958748234617,15.000263371124149,0.5459865064923045,1
1.1166969336574837,0.2696351294410315,16.18883946568619,0.020470054021345673,0
0.5072149228986818,0.1420051022089881,28.969248817511108,0.3606980957905514,1
0.3960909955480807,0.12677774751134208,31.05800295913541,0.1453517532233918,1
0.6118716521542633,0.4706461797022909,29.354031417787887,0.45985253827769507,1
0.8122938446781198,0.12407364328517169,28.260244851071032,0.48265082682024574,1
1.1489667456040153,0.12719849284644769,29.1476532762312,0.3607660259116366,1
0.3794131609143632,0.4103852861145114,29.791798515923315,0.3885800884133989,1
1.113529693708831,0.381711773841979,29.487549967351384,0.23423956855751468,1
0.07858841509419476,0.15322608884927702,29.760169553766794,0.23305942192425252,1
0.6884777486758484,0.05333676860664725,16.480394148303617,0.526679600698245,0
0.7790713784332479,0.19473083132588287,16.265431029892493,0.10957732984989742,0
0.1717820143133663,0.22691919063653054,22.22239886458878,0.5446222539914393,0
0.21139053662349955,0.6501863327066507,25.551934290975915,0.46540896348930927,0
0.5319814672137494,0.7365787628954112,30.252381078434553,0.6214427855657386,1
1.161166698964659,0.3544582981159773,21.69415637582025,0.1968983906958623,0
0.7354489362195288,0.3537700448757333,20.502341532672695,0.36420175523501874,0
1.1229767048402428,0.5843609628199001,30.628966162370588,0.046512867839877695,1
0.9750150529549163,0.5201915117785167,19.986737029079897,0.6405044710372539,0
0.5874888417885853,0.18810514002005685,31.41682753628927,0.4792661932618276,1
0.9524779666400155,0.130766841721896,18.542670994400773,0.4435551693685803,0
0.0705123015735359,0.3782089179912881,22.189470457449538,0.5182286566708901,0
0.17551559628059515,0.47362127237207224,23.021512188527808,0.21334362259636783,0
1.0038429071151467,0.15403070236910693,20.99020894615286,0.43062498275151934,0
0.966339651573936,0.26995512005633343,15.067138277740252,0.5646268990755667,0
0.31753685326139874,0.27945724732293115,19.710185156424956,0.08140022239876367,0
0.6603850291889115,0.245973650768123,21.753071177577475,0.6719954847174034,0
0.7469181938050126,0.39557094971884327,21.272497890533256,0.6264830257008961,0
1.0478997968424129,0.5397976882398039,30.711109929544143,0.6748528070562255,1
0.7435732309395345,0.43204241271199423,15.94735525072946,0.569676986141491,0
0.5244573046647324,0.20109242168550817,22.778973993104813,0.2201315428587378,0
0.4803116499182601,0.12720428528554983,15.750309111588825,0.41545771799156495,0
0.5397643993295363,0.6664028471740253,33.61295132258019,0.1017104471221111,1
0.7997206794169703,0.40947851203833924,30.804188740621928,0.5328333775329182,1
1.0476142265151736,0.0966043881004079,34.64323198476027,0.12447497287511335,1
0.5719814143877447,0.24359112473716849,33.20321063392037,0.6094402757484777,1
0.3350154973940618,0.6530253337881161,21.316255442321687,0.18357872770871164,0
0.3221617174472183,0.6137947435801625,28.831668246611606,0.1290800969523907,1
0.9079164222799634,0.7068624746730334,21.131081749568168,0.06821496730986132,0
0.9890540779374969,0.5015658695012691,32.76422375859248,0.5037282870745518,1
0.1710697918322437,0.36717945076854125,23.215057399346826,0.14661856829541584,0
0.12654268549845488,0.369976248165838,22.517750838084645,0.15441411220196952,0
0.7335987133199195,0.19550003336970778,33.28137488466667,0.13539369062668924,1
0.21809923082160304,0.5380992211384115,31.734805752397087,0.22794068327857608,1
0.9983638190247924,0.4888015670696405,34.32827106728603,0.6600237752073077,1
0.40688487501268555,0.16614830857162693,16.32976171148894,0.350902740988539,0
0.21545272291681405,0.7142471900340311,19.866777560777198,0.19739699872792135,0
1.1091160433605678,0.32635115248294777,21.017154957340914,0.135865716599032,0
0.24036148114556988,0.08730407414080137,23.48704121909524,0.03285296539969785,1
0.37742809468862587,0.2959106905848379,24.462600918970722,0.2681950000064762,0
0.2266554044708674,0.7023925360336819,20.82944856133476,0.09484180247373586,0
0.18281357321515823,0.7377174393963384,30.809008462900568,0.03836815705503055,1
0.07432021878690603,0.41779881294472515,19.46488288970113,0.0900262000363664,0
0.11370472053889913,0.7672549550550635,28.93034626598226,0.23659463114683627,1
0.2508376915762306,0.7064313569089821,32.03536631184195,0.5305873169780362,1
0.11138922252125169,0.6689230378244191,27.073964783191727,0.06555065079459788,1
0.7298153885276168,0.6947825485116546,22.083178517856417,0.4814982681544759,0
0.8328217058194324,0.3364065591266176,18.757824843933026,0.4419689195848475,0
0.5026750253568325,0.6173517055666577,17.68692388807392,0.6197533397174158,0
0.41568976149485676,0.4830042523071119,29.88349478298123,0.14511116576100014,1
0.6302051725755646,0.5897630013052301,24.38263995167032,0.5601020398617024,0
1.0562556835697998,0.18333958068558098,15.926391023347353,0.6081083475926912,0
1.0288013708455368,0.5985454338312065,34.676790138852404,0.684009209523181,1
0.09999632131471073,0.7681943256456288,28.4260636597798,0.5698135634530275,1
0.2587231710360027,0.2769974917860722,31.883651028539543,0.10416237655704484,1
0.3222566017700554,0.7896209929667204,23.76377342634023,0.6640477269111329,0
0.3367957122070436,0.33378201110402833,34.1087724161605,0.574194595906573,1
0.7069175495041886,0.19979262276577464,18.990500418482547,0.16438112542918032,0
0.5287017895586711,0.1342146723501788,18.70272245877632,0.1323342323714807,0
0.10664223791673308,0.6387214349661334,32.806694695407174,0.6567616222722593,1
0.4796562592285073,0.46611905028242623,32.834341280114565,0.12587506575199736,1
0.6523158910252828,0.28034847024652165,24.980389709980845,0.548430302078179,0
0.16692268833927337,0.5063377773453185,17.515727107079574,0.2955762928989476,0
1.0084773368568436,0.29907589088075354,21.10432916406544,0.5121875805350758,0
0.10975614643486989,0.38626831799634403,30.083046760689353,0.08245893851332113,1
1.1135681493707714,0.6969980943148184,31.919838160026067,0.513039635662159,1
0.16398011281685682,0.5511248576443736,21.953094954896343,0.3680997365769747,0
1.0201111943374155,0.6218013797785373,16.224673636337357,0.6322573020304164,0
1.0880511155167596,0.4876201636021822,28.31453363145561,0.14811092372589035,1
1.1765062826745816,0.7935485366642158,29.78994082876587,0.09436213302300099,1
0.9723297623146325,0.2310575497181695,23.48029351727385,0.1534298029697087,0
0.9463991718870283,0.24671837053911105,26.661952232357386,0.07343124972957837,0
0.7888557673948798,0.11941920405374966,34.74742995048167,0.6865023677859857,1
0.9458458077648483,0.46551462655303283,19.89997198719319,0.10354250561966978,0
0.20473503967511913,0.5100194273062759,26.459553875985016,0.1565786430043918,0
0.6664782413397828,0.5944711796741149,27.21920827125285,0.5705863081479446,0
0.6413563007189766,0.30158444446194577,25.982143920489264,0.18779298907721487,0
1.036207965740941,0.0591926013987704,32.38259115887591,0.1711594713295657,1
0.5822192704325433,0.52417215281624,27.10015063844233,0.4771706506772253,0
0.49285292051540647,0.799021619390287,25.1578004478258,0.29116035669908363,0
0.7854977619226766,0.27091201534249437,17.460300533223464,0.5881258245842124,0
0.3564328151259729,0.18795083935176482,29.06418398586851,0.4540231550505654,1
0.2107336725970504,0.2613252183697649,17.642147229894007,0.21598600761744424,0
0.5995588651273077,0.36906160608278543,15.531397867284474,0.4265878274213935,0
0.5294227738841177,0.2381846967144235,24.770623261269243,0.6091939026525669,0
0.3174554316082047,0.3102200190256474,26.448905442954647,0.26784841317567404,0
0.4726385816323972,0.528655053934522,34.9810812274776,0.5208000906364787,1
0.4713513173001845,0.308770990131961,29.24653588910573,0.3027664266564646,1
0.4266198990744272,0.347044208587741,31.971806404551547,0.3892899104893798,1
0.4863836916859683,0.08002344709944796,21.927760780615106,0.518916018902801,0
0.8386048472743372,0.7384568762171524,25.17829365159935,0.061158612490693834,0
0.39140794575697807,0.3551644699361402,34.48537981323711,0.32936567519235,1
1.1411866157226414,0.2961076370260957,23.347771042855527,0.08474519087498127,0
1.1038002224689045,0.11486314718403838,31.145808496047678,0.5130037702410233,1
0.6030469925450903,0.5256374115463878,25.51978235488992,0.43330826032589453,0
0.4276153857553921,0.6978687126978163,19.479237030601283,0.2423121690647093,0
0.6657500083045036,0.08086490003930023,26.608372744217657,0.07187142910712814,1
1.0258445620896681,0.1589543505245266,19.36124056740643,0.649545674180344,0
0.8004754416441173,0.15979237166465549,15.060539797514823,0.23420252997241015,0
0.975050602139139,0.5017061415108447,19.717920309466866,0.20725620862978336,0
0.6626306174756013,0.7409228770387767,18.862876647101807,0.08868338022395687,0
0.7778552736577639,0.37832627529913215,22.418423543988673,0.4126001821856746,0
0.38137895630983093,0.30785483614538794,32.77193807618576,0.20064434966493716,1
0.8951271366568344,0.6243805141975185,22.757061471973515,0.593140095904009,0
0.2827652820945761,0.6069267963167386,31.90375254981982,0.48428141286623444,1
0.8490178481412729,0.23506710445790724,26.112260402631627,0.02266213595039654,0
1.039826928574778,0.17061977173091453,15.152294084451338,0.40465873593289936,0
0.2019182628967755,0.31835752431151726,18.774734258064303,0.17764758023741578,0
0.7565367016232077,0.6317025441699735,33.62556090416073,0.03044964161890396,1
0.15936011046442478,0.5712975424362338,27.08346892395437,0.4411696708314632,0
0.8845729725121408,0.5493902797671539,33.590937171445475,0.15934176493969016,1
0.14716720164704827,0.672071420122403,21.202400406069057,0.6317523507681958,0
1.1263307961057198,0.2578477342560453,29.331247565654856,0.40989890384826894,1
0.20801911954347246,0.30476279410213253,30.440503197945198,0.1622458746096246,1
1.1527122827954424,0.081754587956882,34.51399205472511,0.6858066589873242,1
0.9710168024978612,0.7015593318526501,15.363529663379214,0.39158026529555856,0
0.7327343051363072,0.48682230119163356,34.04474430246492,0.13252107704593513,1
0.9500177203239789,0.27359171891277,22.831804352083303,0.3717246757149703,0
0.9643820648305488,0.10206239858702416,31.75984811489734,0.6723573595917074,1
1.1379311222399298,0.5925571273718448,25.894258364421677,0.30846295697270876,0
0.34139085691506527,0.6115531396617959,26.29299086066731,0.30923494808842183,0
0.7285872796620555,0.5496339890862669,22.187557763729004,0.333566171112863,0
0.15930657719906138,0.20283572821004714,31.56945180756395,0.21047041478505238,1
0.7585905550277395,0.7349120438814537,20.28027141675667,0.13001285686968303,0
0.24698499970670712,0.6148685142656573,24.84482772357213,0.4136708382905299,0
0.6996932031933081,0.5433172426879778,26.203489975349505,0.628056133767935,0
0.7082950911389272,0.5382079425663406,29.850421868549766,0.5202962244929652,1
0.5858829259284114,0.7282682750687309,24.43270674083074,0.08540743719353495,0
0.6510265418400912,0.7462303498228429,28.605657976789875,0.29257730371769103,1
0.9285118985075761,0.49672806350767995,24.705881926959506,0.023601198335741404,0
0.9691314239888766,0.3625020582219113,28.186412739171892,0.2293994624032119,1
0.6159761979117435,0.3228004846695622,28.482869524162965,0.47517608297757835,1
0.7395324577510042,0.6643091308105419,29.188831210584876,0.21735931277388693,1
1.1209216710436172,0.5334540048757502,31.46599587720652,0.5915796569847132,1
0.1876936267762912,0.10794952269024023,25.814451219198347,0.3446212652076839,1
0.18466910078512705,0.1566395097612704,18.865563277397865,0.4750343507311608,0
0.15086536369738368,0.7251394213286348,28.592816832381107,0.6210283518314087,1
0.806542777796607,0.7133736110783757,16.54236166984324,0.4843110098816074,0
0.5313995459089363,0.7638743365231017,19.37910044922368,0.6301818189141214,0
0.9404696285631197,0.3708882254962428,30.843150573295983,0.5694844420292067,1
0.8219161253048815,0.6380456807305304,23.70140288660132,0.4056036868681855,0
0.43368342207747385,0.6711687704857412,24.960883353024343,0.22211850801188254,0
1.0831215294657661,0.2867726793786448,34.7479383696706,0.22273683516292211,1
0.9269119691312502,0.1590032834203567,19.70344971697836,0.6152251411036821,0
0.361115182046702,0.7977697712293798,15.391054990718692,0.056641276222181236,0
0.46882082043786205,0.07266440281351243,17.227452190356882,0.6601770567058403,0
0.4116059772349023,0.4980019390335822,19.890037193216592,0.24240066413068076,0
0.2312533959187496,0.5376592056362817,29.518400487929384,0.5224323206731156,1
0.2199508784235204,0.5613420064772363,30.51644063969524,0.24442023179346478,1
1.1265465828821055,0.24172080797681728,26.309779080282276,0.6682449446785492,0
0.5535896427785663,0.5911844332241382,20.100927973963227,0.044802340506573536,0
0.49081779619402127,0.21229967246094916,25.43483789053647,0.26025683611541517,0
0.8891385649789846,0.6717786918137618,15.299151118678685,0.609873511978526,0
0.6859420250408349,0.21433750556347592,28.636018854835925,0.2063584466131421,1
1.1265609848642315,0.5725295218070582,27.285951108183358,0.20742124408342752,0
0.947346717995801,0.6375601143754819,15.435930787630872,0.631151234926659,0
0.6012749987432214,0.19170931284664156,31.34023267265591,0.5847959321573581,1
0.4828133945029501,0.22848986572445207,30.268530703242433,0.09192441280154467,1
1.1846262766629703,0.6343278040507752,21.164474911366263,0.4145223387111557,0
0.87542427140419,0.11449922872621464,27.70753301264612,0.17190872807114935,1
1.1438738590044173,0.19307071434999812,27.029859269299465,0.1662940248001034,0
0.18625036379959753,0.3916481796424364,17.863605584537407,0.43847471109442243,0
1.0281137310694,0.747636446558578,18.86518602228732,0.10422899163220857,0
0.7826349665898887,0.47140837616975784,28.66412272456259,0.33944972068202367,1
0.19020993008537945,0.3407583861561691,33.67103292540017,0.19395877929875838,1
0.7264966999646038,0.7837776666668574,26.525686413975063,0.600667281352603,0
0.8390108198712661,0.3977834796659664,26.356262911190896,0.3970560780103297,0
0.06414808877189326,0.3753012302656115,27.93363389407677,0.1662740052578983,1
0.5724656561180086,0.3587332376657926,23.811566003562575,0.6499966438508276,0
0.9992094378757693,0.2841350544550972,16.083440870026877,0.5795696406765911,0
0.3896628791457033,0.2942711073031883,22.930076934493943,0.20039871664882125,0
0.5773302940683338,0.5658777949471236,33.005044202357794,0.673514617306796,1
0.5586612461280772,0.08062669800641085,31.09893600783097,0.20206246365659133,1
0.3972165001588653,0.5613625442347392,33.54847137154131,0.21899732299194394,1
1.1062081798428873,0.20090337359440463,18.05663170264821,0.2824550809272489,0
0.9484881407462432,0.3381560024033697,25.11915514077659,0.13206754990910585,0
0.17717667264552706,0.159904229420249,26.694563096258875,0.48717097432468215,1
1.196589856513209,0.4645632830543523,19.198510199859488,0.3989893815628997,0
1.061080027953907,0.5970128337141047,19.0194047853794,0.6282344874553077,0
0.3764947035436448,0.3159916820422735,30.640658652856047,0.18379515343964253,1
1.0124310666100789,0.1725624331551972,28.437038341044133,0.13575700288745557,1
0.17238246165209029,0.21987918644838167,27.9437507363032,0.2638639070220802,1
1.1989704400453745,0.6635846888941794,20.3397491596603,0.11935390478550031,0
0.8155374465225174,0.2507365512948893,25.135388484944137,0.6633826991532948,0
0.7976437678926165,0.6310269447584204,15.461399069786557,0.5078637538711976,0
0.15400683603175264,0.2983995551046583,17.598921052008556,0.561410325161431,0
1.081588408731119,0.1915494157572219,25.365017255215825,0.52866966389302,0
0.08334942868513984,0.5954814197205733,21.193445512638256,0.18511703884542705,0
0.3269522667473191,0.401408772106405,34.31339513793033,0.11564651385376083,1
0.21447515644163023,0.07345793845610481,24.429694465340212,0.31201483644642525,1
0.9432831317960513,0.769956814508299,16.671283127137013,0.5837330028066473,0
0.2779348612948325,0.16081508380408055,15.356846945106248,0.24475042344852255,0
1.097233961200518,0.3150552323398185,29.50515747695343,0.026502800715253745,1
0.8047093952266137,0.33859597624678045,18.43013476100628,0.4688412774425999,0
0.09158711706890064,0.41707242444380993,18.75624738010118,0.15604288818015158,0
0.05624430924800553,0.6390830167506281,23.476144452813422,0.38912791042631517,0
0.10940660456655876,0.054567709756345076,20.281211783069292,0.030118434017420835,1
0.7468139542948868,0.7493540385020561,27.33154159492379,0.3660179018226725,0
0.9717040824883275,0.5344920951522584,24.713850144475273,0.28765377032170253,0
0.3243357437214967,0.7629866593617017,17.229012029544602,0.6186801511482362,0
1.0268201693615338,0.6630421530623644,30.69481695818897,0.5108333836219403,1
0.11581673117624944,0.7458786635624127,23.51717708828496,0.04449914533396898,0
0.9711084316879276,0.5007504132017586,27.216686391786013,0.5568752297144022,0
1.1169647446981223,0.3179817371578811,15.078846650653634,0.5580346689754492,0
0.9379246589700376,0.38218554733520277,27.52800066873074,0.4711184928665181,0
0.8528389015754327,0.5435242327880847,20.65699714061869,0.65192178041449,0
1.0136772514536905,0.3701988948247522,24.88741486419987,0.5662123988129725,0
0.09617399447912639,0.598754587600842,20.954412076425797,0.1688510919293289,0
0.2820494273269137,0.11888601206002218,34.925214892844856,0.2794512018165393,1
0.1936622312014895,0.6724899867386666,19.61684629423247,0.2579477912567337,0
0.6302106387219345,0.20314147973150315,33.25719202978513,0.3633373151787945,1
0.9069663475781712,0.7579607071435419,33.35933263659834,0.668525261734392,1
0.7745136212628585,0.16665934995295095,23.420013058687353,0.438606890544512,0
1.0288007647262252,0.14687314707679838,21.080062310467124,0.23279856040568755,0
0.2284949413072545,0.6589070829405447,22.620710937975822,0.6602320621020982,0
0.8948142557254358,0.6640263707772608,34.78678174783596,0.496184601524194,1
0.2719977144992397,0.6040695649109356,27.375924546752124,0.20093475596776228,0
0.36137256401547024,0.7703978479285285,25.895604756412773,0.636428682785516,0
0.8663904018734995,0.252904721514062,15.718357626788546,0.2540647705058806,0
1.177235502633484,0.6699865542427157,31.956860607940513,0.37102366739744924,1
0.7532751468736301,0.3140303975325656,16.67610911614398,0.34587153506903034,0
0.11267536223998993,0.4530489691770055,15.939447340687627,0.6480689938434472,0
0.7587553154166627,0.38420002227599653,20.49716172235984,0.20065108439266938,0
0.09870313431719216,0.05438751700520543,24.515772101150365,0.24664858786909258,1
1.0667675680718398,0.4808466451543683,32.905779200088006,0.46890892466937073,1
0.8660150278657138,0.6106294158229648,30.80157598165677,0.6228986779813073,1
0.2490970233858787,0.18091428768145346,18.95264289011686,0.0981211816548204,1
0.15547915669782778,0.7487418964197781,22.44159056854553,0.16272079285570906,0
0.2610632132123668,0.4477996545638779,30.604805292377655,0.664663448089276,1
1.1770312564873213,0.18368450236332012,25.541848949381947,0.5485620309950128,0
0.5773447388272633,0.534460678187664,18.489838840481585,0.25532744189176043,0
0.9516930905926191,0.193942031386508,22.921104053566665,0.2631916694941472,0
0.7818695934239434,0.09765001122150231,27.51871609019414,0.3392830320531081,1
0.708275122452433,0.5639864318144318,34.46451349617669,0.47818365983183186,1
0.21689979286480715,0.13302116247912088,28.23624109712818,0.40150795116292887,1
1.1379281215918093,0.12966308628232648,15.323903244627939,0.547761567698949,0
0.39654402739192557,0.60495767238636,29.100165532650564,0.05683341841049622,1
0.7147197981786735,0.09140167490605337,20.01729614914461,0.5769477049103154,0
0.854742336277426,0.6573268842859661,32.2431782842763,0.05947491919167666,1
0.7966181285321052,0.6471115689858707,22.67779816452277,0.6190622690148032,0
1.131683571149846,0.1560450710583245,18.992300755086006,0.04941301603629921,0
0.2207048384080667,0.4387854854577266,24.35894373020469,0.10692605333758579,0
0.6346056492139833,0.12246911822670677,20.10395948630011,0.14252537283559258,0
0.5146395493518808,0.5244284148394904,19.71642976995701,0.17167453185496115,0
0.5952940389050109,0.09719750972790993,26.46523601546986,0.2931982093613724,0
0.1871001551274063,0.7583606422420605,30.346925417017587,0.46572776467654914,1
0.20420880135368014,0.20579805152718622,31.699087483197513,0.626970299697289,1
0.3697868776484459,0.5621709919614839,22.95339740940782,0.3766619108928031,0
0.40041029432495595,0.14621856828283253,16.336075271938785,0.3820930237761015,0
0.5420886957335525,0.20719733624508235,24.679499969311067,0.23712746660578524,0
0.7526356790921225,0.38821223666252797,23.67562954056772,0.5644626885279772,0
0.7798234850310024,0.4798221060061371,18.93957896506079,0.09513063512037424,0
0.5235825310734058,0.7991474302937622,32.92289802288241,0.2247501628475672,1
0.5201005758430016,0.0694446710682081,34.482965060413775,0.08594736134261734,1
0.3002728057015062,0.05023581473306522,16.03494376066163,0.16564295680182542,1
0.7265521856703595,0.312775321036211,30.914927597148647,0.41888657985793304,1
0.4145970480148235,0.32461727585181493,27.914331158830773,0.10565306382702032,1
0.09146880941896826,0.7128779270739738,20.22872516331816,0.08842010077919472,0
0.5311600507803894,0.7344369107729765,27.70312236565626,0.5816193517789258,0
0.5952525763536959,0.7103937322694891,17.57286383366949,0.1004434071040134,0
0.3094317984348426,0.15738406286453582,16.388130165949946,0.43347627794026417,0
0.708326623090433,0.35907862638580507,34.86978150104521,0.25936760436803574,1
0.700637685496709,0.6094138717212675,27.7273971691732,0.6295296428078474,0
0.8573025082769271,0.2844583008381811,20.06445249066467,0.5011340250295885,0
0.7951407545313915,0.5474285213829134,24.00067911807532,0.06041255742888105,0
0.8002980149991863,0.22785714739331903,34.00176364595681,0.6289183151463338,1
0.4136462745976495,0.29256444347060606,23.774501367736192,0.3014512482845043,0
0.9555470552838469,0.695322237011363,33.008890640046886,0.22279466530918685,1
0.6815160411396314,0.23788177706674635,32.37618395956923,0.47749177466274867,1
0.5461309244568736,0.7732430651636473,21.883126321816867,0.5082222664382551,0
0.7699143530822157,0.2796946707026352,28.92018008154205,0.2262105282721852,1
0.46475593461779235,0.06764608236745802,28.20997007565185,0.2591264512779909,1
0.6396501312977719,0.24117567785192784,30.424237412396838,0.1263047464645495,1
0.8972115417545533,0.17840370668256933,22.31858328534971,0.4235416240702385,0
1.0693633197322638,0.4301202246631623,16.044729969962653,0.6706981562655028,0
1.1092157768894704,0.13453704974589503,18.42078482225022,0.30330463439350747,0
0.6291778639605641,0.5195366579340573,27.331073753475184,0.6974202034842154,0
0.6483163819516544,0.706174302917371,30.50200373794707,0.13996193105717067,1
0.9698509723784119,0.32188916135280177,30.12097269071192,0.5613476321484137,1
0.4116182955058314,0.17636953947905332,26.67363170230061,0.6511136124576945,0
1.0129897166968287,0.35001874683830975,16.69516291429785,0.4878769598110105,0
0.6182628934950369,0.6394751160879704,15.345772543716249,0.0943418767313887,0
0.18323523298555866,0.49361575555969667,30.642835146441456,0.2420481206101495,1
0.13286801913388524,0.12585740999570233,25.987528683797255,0.07825275296055828,1
1.0182921926953825,0.452890365745275,30.654242054630156,0.4291887222227444,1
0.11390310444290959,0.4010640360916949,18.255769229587777,0.6987411902280732,0
0.37270315155370426,0.2953341920158711,23.14846341542287,0.27483313699997614,0
0.43424954657677767,0.13262044703999248,33.383385741559465,0.13080262891785766,1
0.24894361197033282,0.7858339517152062,18.431959824943313,0.20267533237357707,0
0.41097737527228756,0.1820324899199417,16.230538076250888,0.40814533906292844,0
0.9040964517338484,0.19455716809305912,28.06934767563497,0.40689401504730327,1
0.06688527009408138,0.15918701907667687,26.890726812435126,0.17627816639668809,1
1.0012494381987893,0.4776447790242036,34.04061011715467,0.530479223565721,1
1.0350302271107419,0.3827521808620253,33.12936842109752,0.07984835821548508,1
0.47810080917028036,0.237167886519917,29.98860780441142,0.4436673922795351,1
0.22665483391973001,0.3720675372661461,15.383144757565043,0.30947528528625967,0
0.7409664691368429,0.5551413882962885,24.607739368131202,0.10647901349340778,0
0.1876234392446285,0.26127539862397264,32.92203873074078,0.4513816314250448,1
0.46965726523999035,0.7364343320227853,23.673021762289544,0.4776736043725521,0
1.1521935580361182,0.2797596778832794,34.24291439225989,0.31921380102921015,1
1.1947841434711826,0.19863427311713994,28.04975961287965,0.5626351172364821,1
0.9379206250577734,0.7659258851546109,17.189142550855884,0.3663352773991302,0
0.4076057364088811,0.6579204575886346,25.18544150373367,0.21431302742700875,0
0.8408148065410064,0.3073532186325992,28.91234271290295,0.6684488689979468,1
0.8612173203066146,0.681073888357907,16.307379444792414,0.661949945669912,0
0.49601794943819716,0.43911068686535,21.89299064141535,0.08502254840847458,0
0.7870219297740834,0.3100643736957971,29.341621261079727,0.6633352721329007,1
0.06233679172202768,0.6797086921544108,18.141427246140683,0.5473280189020552,0
0.2904163073925777,0.6141238001483303,21.96679796541045,0.09251803053891955,0
0.6538515484123504,0.2734061319823294,28.79820644934468,0.37314118485950587,1
0.23831399989704022,0.5050088864434804,30.510818037282277,0.04376689085276732,1
0.24079289805801368,0.3270426676398479,25.37023587650841,0.4204228079813962,0
1.0117499341327736,0.050788979420291105,34.13715055400019,0.6545675964703671,1
1.1875029530861463,0.7713618060502095,33.506617175979926,0.27038262149011144,1
0.6893648422327157,0.4622218070546275,24.468741078155702,0.36586511835478747,0
1.0149301905139703,0.49882445124933733,18.205488202226448,0.17474102161381969,0
1.1888699139752135,0.4999185692579712,30.458631277679167,0.3878434431516469,1
0.2128352718540909,0.4629810956145521,19.86279150786288,0.5657507747454875,0
0.5654824552425037,0.2675358835801951,31.8564261999821,0.16637562627731628,1
0.5014586232182079,0.7786820936810422,26.742886823101966,0.3963709981358717,0
0.14205667619311277,0.5162513093864637,22.88186012795493,0.26115742844018175,0
0.918629698713956,0.5531910204154711,26.127667171650884,0.5285530130901553,0
0.5488458814209819,0.39109456798778736,25.656175369158547,0.497386290130898,0
0.5897259743189615,0.26589605036808694,33.494656917998356,0.49517696615757784,1
0.2232739198852262,0.09826173663119701,19.287260995231257,0.27690613093258853,0
0.2580656500654983,0.31267264742591466,33.563169051033526,0.42750992601992505,1
1.0931691654796472,0.18207307195129407,15.62682082919711,0.4627379249068012,0
0.10134645232042072,0.5465662011927589,30.38406563066153,0.48295350121141584,1
0.31778012768526215,0.7092529136020396,33.39336261423131,0.41117432074554916,1
0.38586822986170755,0.2770661436842392,22.881043819730593,0.609427227839793,0
0.6137271737618244,0.29966196906053494,16.461343739905345,0.18918303390360175,0
0.7244119489670153,0.5527733778717588,31.0933506298742,0.057948616765736025,1
0.6172834722282666,0.16195357568092728,31.8572971138347,0.6745023486341839,1
0.1467326347404143,0.7470780700082744,21.725147759769072,0.06129893410423061,0
0.33021757216407055,0.3228850857691123,25.371865713718122,0.6340098459385292,0
1.0201266424769222,0.12589958444508098,31.18938136020299,0.4363537571288719,1
0.783227005550228,0.18101300369048112,18.84085954500239,0.6447434620139276,0
0.7965214076544155,0.7495595570055936,27.579515127825402,0.4041686727825945,0
0.8207337436540582,0.235339466276765,23.61261319031638,0.5782859333351088,0
0.9273384718954584,0.5467016028734648,18.488315045085272,0.5104773789994828,0
0.11682475397966444,0.16712391765369883,31.628804145019192,0.37707625088925606,1
0.4715996426725042,0.19557626926158328,21.493616643998536,0.26706004116846105,0
0.6704565505509305,0.7094286641749832,33.68852231310032,0.021944134068072777,1
0.4392249557919249,0.16102491507692135,26.37867739639604,0.1906155867071763,0
1.0211507042802643,0.06406294005220937,25.29019962769477,0.6672014297622815,0
0.604958384875388,0.4259248921447072,23.466118884387182,0.20731405654819404,0
0.933921727878286,0.697045109947201,23.01341779712611,0.5312596610102962,0
1.0298178444133443,0.29449328406171854,31.35932549674208,0.3657783778813084,1
0.6305102053390228,0.1461217029842829,28.550016989722522,0.2297897815652635,1
1.0959850804520523,0.7866731221742284,30.473802622468448,0.6939435452944187,1
0.7251925316175276,0.55755397211706,23.421683192224172,0.051942576716860034,0
1.0278154436587799,0.6880179739611174,20.22874449405471,0.4158124324023362,0
0.44167941493025287,0.6141037042466928,16.73730437056364,0.3338323868866037,0
0.623639502311208,0.5736817054918927,30.533119799680897,0.07203795859740188,1
0.6611226971552644,0.3384230503481902,23.30552861035408,0.1655854199544414,0
0.17072667328048116,0.29325499490272955,25.18447184193366,0.4920845421009661,0
0.5083353827067717,0.5877189469208556,24.38686470394091,0.09366346825953477,0
1.1049383234344274,0.5875347561329227,23.6227571273848,0.5646970751738044,0
0.7754570764194537,0.76294128803682,28.677991541356995,0.44504147588743714,1
0.2541325698025126,0.47649486338624175,27.17468231517217,0.08858316452085269,1
0.43968398095104566,0.27096582934075514,34.44107597288611,0.21503394755900818,1
0.2703434611121048,0.4171465994978581,17.778078152984634,0.11328094639586783,0
0.07854660156835842,0.5102853625444395,26.470386264654337,0.5623688809792815,0
1.1165795272796306,0.3700473496826843,16.26480326804628,0.3824125450854535,0
0.5654384274954022,0.6433498425196612,31.158368374164,0.02192435696727881,1
0.403665333283904,0.48845990916187826,27.326226665021863,0.3891744801151437,0
0.7382487702913971,0.05707679572073791,23.567576319850758,0.34830650530016666,0
0.05841162473696798,0.4773799161740064,31.044713092878922,0.45729195403490347,1
0.3697254225909359,0.5252028394563958,24.100052169831564,0.04369395773115734,0
0.8584884855537265,0.7364459386580531,19.555721906268943,0.04408953851447216,0
0.7788352390296523,0.3602912552481414,24.450015222206737,0.2575703114648426,0
1.1790768396739157,0.4808507444535188,16.416635932746782,0.4882059053898113,0
0.7634113661067506,0.40624808803578044,32.957222192787754,0.47325950296031305,1
0.5991317546718927,0.44874232135166403,29.619167494689222,0.20921923386297317,1
0.9256474476616088,0.10047805300174735,30.206315724300552,0.1669259303027692,1
1.088827052758661,0.7229627506498262,32.48986608036884,0.4845254062191226,1
0.8788003387261043,0.7328092548737193,30.831451776301673,0.03843666057098577,1
1.1576929070817865,0.4610447073819745,23.637051805068797,0.3986126655522292,0
0.9493059463489038,0.46741663679070916,17.37272803050899,0.3083870765900064,0
1.0468216540012154,0.0931670269579659,22.467295599619057,0.18257903619594287,0
0.18121968186118276,0.49846288483981754,33.681694287594446,0.373802700746076,1
0.8922755284428558,0.3718638424093718,33.98180982462759,0.16767400650350603,1
0.556102004456474,0.581782722675828,30.35741731047591,0.4037386917734847,1
0.6860693727729665,0.08534368744667929,19.08861166142775,0.12130220863391351,0
0.8022177709047102,0.5831657620471173,18.88899716928321,0.2958711802221223,0
1.1652873842114049,0.2651703678742354,32.59543021761441,0.3670899080072676,1
1.1822647936463682,0.538778997839831,17.838318460222496,0.04155669906980267,0
0.38146248231109103,0.5203444814840923,26.682749546649784,0.4352877235193377,0
0.8938165220536036,0.2201311134741744,22.565033645581355,0.5302143995783023,0
0.9124810686255589,0.38033925891220005,21.04022015922353,0.6701300227115067,0
0.4484667905100061,0.6767249442899934,28.54764051353961,0.15812591967579856,1
0.19245024109385417,0.5041937326960805,34.19138153303876,0.1619128497297135,1
0.09708900432857773,0.1015537264838086,30.55267476480597,0.22728496047560937,1
0.9439445966585553,0.3821816234906223,24.723251862031077,0.6257195454706956,0
0.6131547030894418,0.28382859408343775,23.81423016404433,0.29666287131115315,0
1.183371194919165,0.5312342591837246,33.153283766447736,0.22521979289164928,1
0.584719474622701,0.5109229559714457,26.56214196947508,0.5240029316779756,0
1.1746045259349163,0.0577985761326054,24.932780461323905,0.04583332075279686,0
0.5233124025231688,0.5057716320638472,28.65671739062846,0.3931938676896483,1
0.9627344731439684,0.6011372404887025,19.743076342590527,0.32612919393185724,0
0.14754216315860685,0.6265475243011817,16.274709751497593,0.4449035833050059,0
0.6887809666584285,0.09423182779247087,32.10222880970688,0.5171477779734804,1
0.9723687550335828,0.27774381283240174,27.14523401398914,0.24099210217078454,0
1.113406917302872,0.3659551704136429,18.297542024501375,0.4527636864958049,0
0.9959705542100463,0.18482878084618387,20.960958530014942,0.37654351801347635,0
0.09251633628135036,0.3655504033737574,34.79867025179061,0.11109811106538808,1
0.47860769250274426,0.10334715186919426,27.688472649273105,0.6195738214465691,1
0.10600324316092896,0.1349129622552887,27.722242819342448,0.5331213141249814,1
0.17567463478174172,0.5515210721325646,16.44327326417444,0.6467248112757396,0
0.8266014729676067,0.24692934587011622,34.37983468487864,0.5098751221955196,1
0.8702469257584529,0.5835543856096794,32.85565779117441,0.18646846112033194,1
0.9397787851643702,0.08608139601250099,25.95564884526441,0.31275783309247274,0
1.0452750302640121,0.47202728978262715,21.18777832901747,0.2830705293025109,0
0.9003461887479863,0.3435864976901302,28.961104567721833,0.04435891418986619,1
0.9710023309226269,0.647728543936599,31.667487889437382,0.2991727440256429,1
0.10630826629677112,0.6379636851541715,30.72242819646507,0.25498722871849244,1
0.31971542300749334,0.33166973184313114,34.54094744095758,0.0226681746165983,1
0.7651824393815326,0.5170355105657858,27.73710797333885,0.5960438161820786,0
1.0368441003185465,0.2206616516146161,21.424508631177304,0.11783460900534017,0
0.055175143680607996,0.48530512713531515,24.95855226137067,0.36064747382197954,0
0.6418237434338023,0.11094852046064184,31.32634335901233,0.5535809197311508,1
0.8288805092690568,0.3759532130889575,20.306851744307547,0.4310473309878702,0
0.0840483824979052,0.18704576115358185,19.628165098879826,0.13515883326020262,1
0.5115588911863961,0.7125358865686421,29.496691606529417,0.44038356545227586,1
1.0799801135912512,0.38367561347512386,23.888548530308213,0.5351658882251406,0
0.8223547301842375,0.4930803114781511,31.331407903794453,0.6012398709780422,1
0.32330711786468685,0.3202863952475078,17.87367172317978,0.23668455662152119,0
1.0306982990766995,0.2665557764298522,21.713929262988135,0.04306655236449314,0
0.45023613692094144,0.2021898372961502,20.361998131802025,0.43340478038117675,0
1.0313463718156684,0.7339036870002648,28.957362961325472,0.1735225868978565,1
0.39378519878674134,0.6495993368202145,30.18658426653299,0.5510086502823222,1
0.7288682885156214,0.14994585832327317,24.120053917731127,0.48231956236896456,0
0.5064810779100092,0.6100436572188488,24.56058752797871,0.5457670611796308,0
0.36604880836832704,0.36389808277748986,17.64063765578259,0.6779212162185531,0
1.0695411964976496,0.061547491220427394,29.036561876261047,0.41749222870100805,1
0.265732734230415,0.4462754902821665,34.846352671984945,0.6349332142788746,1
0.14753332992112755,0.1475348300636496,30.55843681663619,0.4564875000823502,1
0.4432159793275094,0.207450734820196,19.462246463752564,0.14358615541510517,0
0.8752850197878027,0.5720307210680697,27.46245479188471,0.563529562066092,0
0.9785463468727239,0.24285652785589706,20.89913621328506,0.4917150644653263,0
1.1985548755767794,0.7189161513813624,15.60353105832566,0.6849990488189428,0
0.3908163655628396,0.5428773188181275,18.59645711311667,0.1855337524797059,0
0.5191332438009745,0.6742126136831068,17.051871445276827,0.24652535107307408,0
0.20734446973407022,0.5113921537476381,18.918651071363882,0.5786138980896128,0
0.7111027190664886,0.701637193266512,30.91208842898007,0.06276492666283467,1
1.1972170428523548,0.32126350626661265,20.856642680608637,0.4505758399381597,0
0.8560131616387573,0.4618554326641848,30.140799018902236,0.3841237158583551,1
0.7344947664753775,0.4369178003332502,33.97725109685541,0.13479887314193864,1
0.5012244568600631,0.7278430310584779,26.485462301355494,0.13228276229696534,0
1.102593574328388,0.17368655645646014,24.708178840201093,0.570934382452706,0
0.6214540855499019,0.48354557239001933,30.002543511805275,0.030502705697618846,1
0.20452195031002074,0.6158233956702353,16.9418027978618,0.5278521794107606,0
0.4701852326790035,0.32753732040024525,23.564241749697704,0.5182137143630511,0
0.12724166917493193,0.7006861434619823,24.976491898641214,0.46178238393068505,0
0.2822758933420988,0.3297610753083005,31.621026207967553,0.298472010895261,1
0.07031909814989903,0.1799815699219371,31.284353204625987,0.039258064796460775,1
0.5712719039751879,0.4880362665537738,31.965307196999625,0.5652081344392517,1
0.7797213046945667,0.3654260075279843,28.957458557354038,0.10548089858838007,1
0.4447863317357439,0.06139257851150341,25.611116143696755,0.21093548922859984,0
0.5334390372310687,0.10237894437012741,31.557586426867644,0.6638123902180182,1
1.1530906637712623,0.1964578851549425,32.46564830510539,0.22526549803099638,1
0.9147575898111528,0.6269974696386142,24.609691853176273,0.1934946222685467,0
0.6719851324866939,0.7190296370253113,34.713238157775436,0.6818919776573149,1
0.377222006378599,0.45923065551066683,32.49636249958357,0.07843389742505483,1
1.0815463185889445,0.12917409688559262,25.209393308428158,0.12926946378379625,0
0.32036168441275836,0.4508142141813845,16.385751906942126,0.3180559101196139,0
0.42414414009417856,0.6917040954477087,19.489841017437925,0.5556177269322545,0
1.0954245365863908,0.6121082218419422,30.5279715875257,0.6213640784814279,1
0.6589733635778332,0.26832362277303123,17.223085139973694,0.5338322914242808,0
0.9036656418306732,0.14291795696626836,24.396001326385264,0.6837990214899405,0
0.7293565132883311,0.7255112748216823,27.09704384209455,0.03145537697273185,0
0.8014550903609194,0.6905665599741583,32.56693656741031,0.4412644573941789,1
0.39429078524204936,0.09028652385891935,31.9422772578696,0.099115417281755,1
0.3275778708706623,0.6677558673684232,30.285558421194658,0.6390466636113117,1
0.420866199243965,0.12290947833870462,23.15388485222398,0.6560089010043867,0
0.22875779869593582,0.09746272505152777,17.84498508684594,0.22605918803858235,0
1.0554615200844284,0.6189506728596946,28.392986191156957,0.5828418039244389,0
0.37573397323763114,0.4522329664437185,18.625772449769453,0.4485873912633627,0
0.6957128035765423,0.3609110180677391,26.226289668172313,0.08833237344983955,0
0.9607705889125802,0.7278966469820165,34.61356364926689,0.42988234834334205,1
0.9513977257820706,0.6794776790508154,26.006195516145493,0.6837187867632145,0
0.5541441973718219,0.09321760366029246,27.91113734520895,0.2295039533238917,1
0.5976959048747346,0.5120654314558793,28.551509438323478,0.020775727779281623,1
1.1939070112752785,0.6292005524055937,31.607767153510096,0.6842183404981617,1
0.8257870985258776,0.4628679348312141,23.699613562140975,0.30150872386634214,0
0.9868342095855651,0.7872541243071413,24.950198021049953,0.3130342821335003,0
1.0879370646021167,0.5645356284856613,18.5194402784918,0.5045762396237421,0
0.9557283116637401,0.12810725952276897,27.29359775475004,0.4309820632582085,1
0.2629562466966027,0.1987235089999651,20.915160126487784,0.22535089637215247,0
0.696496343798208,0.6696842158995966,25.15249497777399,0.08798495748605777,0
0.1671782809117266,0.7975675048582251,30.331143870197955,0.5826065135640931,1
0.8008604455485981,0.12375445015429228,15.351398093639732,0.3486964799155537,0
1.1486518424159826,0.12524698838378628,26.278310531687463,0.47728251967977037,0
0.6396418739451281,0.6225402906074626,18.468900346213793,0.6051431960810189,0
0.5479183667979323,0.09826571128740468,20.587666795677073,0.0320512179139512,0
0.09121916413088765,0.1014200870486356,15.694265601739959,0.6043819883210301,1
1.1537407006786033,0.7166123622572469,18.389255203718044,0.5312207766346022,0
0.1684530867496826,0.6503373592388382,34.732587865743035,0.6638387899907954,1
0.09724095730057397,0.7111723998982867,34.970455223986235,0.1788417475827729,1
0.33297660323067924,0.5378850515995652,29.39695839779295,0.23924718929458386,1
0.12535999900613978,0.29190231645414383,27.237137095423872,0.4698055449765133,1
0.5733855187735267,0.7297348927495934,30.5401390619853,0.6495392322896386,1
0.6435009714456793,0.2740426437308238,32.93108544370324,0.6950151657855856,1
0.4094554413828715,0.256633129591137,25.386101191308164,0.30338160239826306,0
0.10860455496111895,0.7148003143945785,15.705679988354024,0.3866761794901058,0
0.17834042348661072,0.560616944369906,29.18791641160105,0.13597468517733743,1
0.49218003468841726,0.7217540635319322,34.692050041448454,0.4919032497222468,1
0.11960771845051654,0.1669259669404793,20.161059119439226,0.5894118875671818,1
0.8529181844514004,0.7642225983242236,24.269311309221997,0.5630815324622056,0
0.28807362275353376,0.5095566175252453,22.225488021025622,0.2551732704341502,0
0.39738230410118425,0.5510262830700707,22.809349884597268,0.6750195306854789,0
0.5032446437548121,0.7355454352448387,29.42799987750714,0.10183567918586132,1
0.52910107802952,0.33556473102097145,22.568087795121002,0.35589961026538863,0
0.05190981382602061,0.5896812460218966,33.821682509174536,0.3971260485313116,1
0.1788809266485022,0.530255465843363,30.79316907527121,0.38482942279648513,1
1.0421792483020096,0.6408145391494702,15.552940501753902,0.5353657301816819,0
0.051418021888694355,0.7227070938749804,31.370977640674496,0.43453291808453115,1
0.6343924591848064,0.560045641572571,30.45714844877317,0.07244801464003876,1
0.6129273074832893,0.10072966587729827,25.32987456762467,0.14229912433698744,0
0.43305828516223344,0.18735525938733516,24.93634793492827,0.38192253404547044,0
0.5460260731684171,0.765483636700313,31.710538069339066,0.49229236872312476,1
0.9476683081555719,0.7764878550329197,23.495705783260696,0.36963868190319316,0
1.0173842621471998,0.7755599852737719,18.189246865865968,0.261745292739516,0
0.3494008249275375,0.07759955030008849,21.257976656980652,0.05477150198718786,1
0.42086400711288924,0.3368361259620637,20.304048067149786,0.5543990115478755,0
0.3288552809825826,0.6197545279909971,28.621180593029006,0.3580920831307003,1
0.6018429106337249,0.6146643527433732,18.577467000816906,0.386376608772023,0
0.8357471113076349,0.11443167871246888,27.89544872865614,0.338891535382183,1
0.3124908067829336,0.5071166653171393,24.319338945275238,0.20043488270710771,0
0.43034610336309664,0.1571522139056431,31.793218588235636,0.2079339560259527,1
1.119942310227523,0.419906999650845,24.699974864349358,0.06318053532999364,0
0.10585468332400177,0.22976427563084112,33.59607869138766,0.5011673310173143,1
0.5798850460255012,0.08987087880104576,33.00938255771176,0.20487355373079488,1
0.8682917478362945,0.11001456914495718,18.705751582080456,0.22302171675850882,0
0.22302211329109517,0.7331697122974312,28.72332704703767,0.6955800822819312,1
0.10448012300630413,0.6084844731511506,19.292494982415505,0.2823525379604552,0
0.20893617738431036,0.7488679863297129,31.466086124609156,0.367274101272726,1
1.1066466725602853,0.40249244925016453,27.714463090731382,0.28280170851760345,0
0.06064874909429193,0.35996937421460323,20.882353885633023,0.21732995700617525,0
0.2665702710330546,0.31880546937657167,19.98247256767013,0.023978502007800478,0
0.08597603983689123,0.5122303220390675,23.591553100908598,0.6013227164871734,0
0.17722388769653374,0.3136695402285002,31.01445942922262,0.3417444992992419,1
0.7631716796225407,0.6097049254865047,30.923232180789032,0.5095254065224035,1
0.32788474504994863,0.6509879946618966,15.667524511098708,0.6718865503081078,0
0.7045938579952783,0.7068834450720358,21.045744309418,0.021925311168541364,0
0.728724690181045,0.23210069768395797,23.45701926939435,0.4790269326540948,0
1.0268506330532459,0.44526653696928153,26.711640268884864,0.1006756787430783,0
0.05545260184865501,0.21758346254737915,17.99054017629398,0.3314162392241147,1
1.0313748782437218,0.07816686756525586,21.705660410578496,0.5958118150061853,0
0.7619869493910201,0.5808689781273784,32.71194041135918,0.0686171773094384,1
0.2371550090207012,0.46173595545134344,24.53095026827299,0.6929371697174713,0
0.9388779963555766,0.5929454596648128,29.882864520868786,0.4149683631204869,1
1.0338152730591734,0.11571718355490283,24.6955701299268,0.28859555206366555,0
0.3424030063172809,0.7966446342964565,24.29965152800927,0.03326698042807495,0
1.106612733038083,0.795761425210274,27.43851050167008,0.4190396931497419,0
0.5726260448434565,0.3987498691276345,20.18729024379235,0.35652551552510364,0
0.7439381224833197,0.6995440363878771,19.996041986125,0.1664155614772924,0
1.1823469636602901,0.23267641685416762,34.78707709783218,0.35350432283950045,1
0.46576649043507923,0.6031746209174728,32.37984018638444,0.02869669953563076,1
0.9851332476931297,0.7094193926101744,29.75509792899289,0.6996447775395798,1
0.41615898550272856,0.6609996995605839,17.742890781110667,0.24583781999262735,0
0.9690955505777147,0.6588305586808682,15.604494223695333,0.34655106068160907,0
0.7408440066920389,0.3972699740666488,18.50825008394186,0.5536491542742765,0
0.2988090495092116,0.6649924608340796,33.7546192901504,0.5046892736435238,1
0.5261300078576219,0.5680286097659755,31.325795404979758,0.6242201476774286,1
0.4152809795180959,0.14933854860815327,25.461520249771528,0.6601015010692547,0
0.13982465204241845,0.13563830304839009,34.37561182736755,0.14864092505712914,1
0.08430998561465211,0.6289416019509799,17.93164205804602,0.28547189543352675,0
0.44845045371825804,0.5190980665796929,26.18300880012074,0.4870355545344261,0
0.07188926999010957,0.4395320878935331,18.664442527974195,0.05061650729268196,0
0.2403109212190413,0.7304463431366212,21.128572096086117,0.5075225362019224,0
0.8839608189784991,0.544692767653414,33.80270037926451,0.023320739200848463,1
0.8643049210361261,0.3471100588162251,32.36557033097367,0.641580163861923,1
0.89936744442599,0.36044885613213784,17.035975712611723,0.5083552258242899,0
0.41472614679947556,0.5039332706131887,19.990876111218768,0.40453943727618824,0
1.0735223756853498,0.6202064635147614,26.89014939164101,0.3116526611648331,0
0.7329051302327148,0.4732649802118431,16.22705574681649,0.6918568426115597,0
0.19493029300862047,0.4315706616643848,26.001692947028747,0.5208279786844411,0
0.21527646067386424,0.5951755269906365,26.68982871588021,0.5689592111094466,0
0.8470597409691567,0.5789484124302773,20.81934362660919,0.5812617933596622,0
0.24888552690838978,0.6727601304601708,20.86245960250247,0.03487495463570513,0
0.6333866068193498,0.09691383970797081,19.581585375401417,0.057185381842336666,0
1.1905406473180173,0.6162140990614842,33.71352740392086,0.1548881902896793,1
0.05460874544334043,0.4353203382137675,22.77742281398155,0.46554796533920423,0
0.06906677218219046,0.1060198400248639,26.705381262277808,0.4442854534156014,1
1.1920472692200825,0.5592575211271398,21.03149148507029,0.24111121726643223,0
0.7223346592542903,0.5874051455014572,29.053280088298088,0.6816391589586327,1
0.1959464718462901,0.44272037715851337,17.02882542117285,0.08331251664712487,0
1.0818975297172078,0.6453492332373222,16.43283086189328,0.5481696834846719,0
1.062437345146846,0.27518608147197615,29.885675211637725,0.3469964413859656,1
0.6666304750780815,0.20143041389857708,29.533359166306997,0.30480725598131914,1
0.76506083433987,0.3130504638074589,20.300026722813243,0.03738419537253096,0
0.36416527022600775,0.35753788497198313,22.100934254493765,0.5149037563017502,0
0.10809765082780592,0.5719502018016267,34.14521002665644,0.5446713473215425,1
0.733752750224494,0.6841399534086707,17.086605899906285,0.23689109781630172,0
0.3889684721831774,0.5906886425590074,18.66294133093342,0.37153475200517505,0
0.8131642036594047,0.18049066930220115,23.600767299464664,0.43238064379970637,0
1.0116819533689914,0.32466281360019306,20.641978121110505,0.2699987651472615,0
0.07088462550151867,0.1688102850858335,27.980170972644142,0.4385957641883659,1
0.7350708408885865,0.5650431496685385,28.812034458933688,0.31520640040338843,1
0.3159726206398801,0.2361289086626706,25.527761677801905,0.6170875017368731,0
1.0549717725893717,0.4440401996388851,27.223946028055398,0.5085889941496177,0
0.3417141825461027,0.6438723823960133,23.668416640406896,0.09513998853762633,0
0.752385653220731,0.5532044561912114,30.207745074503322,0.5637301648879472,1
0.6865719661030532,0.27378049299884955,15.841969956925395,0.24950382934860602,0
0.5055914750681363,0.29965006296225566,21.257826733117618,0.6561865269817657,0
0.8292638781397632,0.5400232149522739,28.68860082789788,0.4302924702490763,1
0.8846350799227489,0.46210081200495806,21.592902157507652,0.03875301323574157,0
0.7019784646172949,0.1222951156025333,16.57070560885899,0.5193666394687205,0
0.9221855727624672,0.7054936919551597,21.900268569335505,0.10889937090031154,0
1.1809296373918783,0.43445993604022143,29.229895435773265,0.6165418884109495,1
0.5321632460859259,0.405020759898099,17.439697305066353,0.6648646091390334,0
0.6417705096683605,0.19882950247419673,29.49262728423309,0.4927739800599525,1
0.06434035963239522,0.33274536422790296,30.50911432715151,0.38235348816684184,1
0.9654328397569352,0.2996186467363243,27.70601488845398,0.4294028453264264,0
0.6482645771028929,0.25305176212207015,19.884680971162886,0.31162151641323393,0
0.5191556449146499,0.47555493098507984,31.105907143901227,0.07683629176992128,1
0.15818275755280517,0.3967065202102115,19.288850035569308,0.6516135792073352,0
1.0731048849267069,0.7168982639860004,33.11641904342701,0.2438468436330207,1
0.5042583260466399,0.7560079827853707,29.132913982841643,0.23273648611627398,1
0.8349688379406034,0.21460507192106815,16.094398532941195,0.15010084756632003,0
0.2217802798233734,0.12507907157540787,30.98574237323326,0.6948376092074343,1
1.1557820739721874,0.6390031636158121,25.128670807198148,0.6609438173505982,0
0.2552080260951055,0.7961460527289568,24.05297792626103,0.25761401150055535,0
0.27947329183441394,0.6977000523906156,23.410223853969736,0.19680365904253833,0
1.0378302896413707,0.06777305158905104,27.13260132881834,0.5676512801840048,1
1.099470155763221,0.2384476630298495,29.491570015659224,0.30737483413337485,1
0.2939695186517966,0.08250670778094794,32.919532314491214,0.678095874059937,1
0.5902710214010521,0.6655845327808749,20.458896258944506,0.6328273761343479,0
0.8935191402472543,0.48605523221923724,27.615525458208474,0.5364269127369309,0
1.0601205938824219,0.4352889058752904,28.7268522293626,0.08114851727776946,1
0.4859105992929009,0.46583741149739566,28.495942795737854,0.4974468608577402,1
0.6445724098768436,0.23933844402244336,24.8600129556594,0.6913329830653954,0
0.9029738720976951,0.5012287768541471,22.82045096407402,0.2738389224289614,0
0.8908063731507146,0.0730002338480225,30.247576341341833,0.6194669220735336,1
0.9504041495299976,0.5345087929781297,21.000196080816025,0.29753645075541146,0
0.7054238914377553,0.6008253726341232,19.16106324796486,0.6805003204823795,0
0.17030736132549149,0.5547696977838704,25.916583875202477,0.4644421326795386,0
1.089569284509746,0.2990881387341652,20.35221715324354,0.08562032838137908,0
1.0454084202191822,0.6696971863456571,15.66466325529078,0.3457511023803438,0
0.9678120511910829,0.5866579978381116,16.03151486764611,0.05381555231044807,0
0.16484184873483892,0.1462229921932084,28.900210527737492,0.2886514921065535,1
0.28505697214364356,0.1963581654037363,34.46291691984146,0.6424592256159352,1
0.9051404198737997,0.527831309883679,24.0937676725215,0.17789749224732646,0
0.0766111087692384,0.2670621001670196,17.941222511694683,0.6663860890955721,0
1.1761083287633716,0.1395747060846777,31.36166421058706,0.0879476703518955,1
0.48371638240903275,0.16622674486241917,20.228717939474397,0.4720718520104365,0
0.8772094137444472,0.1742128854053005,34.91252923207761,0.6766661781823408,1
1.0707067517612499,0.4083431801137866,26.2652833165412,0.4648244301386106,0
0.5038243713725946,0.505539090072123,19.652650971202014,0.6313226885535924,0
0.41700236188961587,0.1823017061408112,24.92009539048688,0.6939007227591424,0
0.7500522982329837,0.5843724577724159,21.70762543659297,0.45645353650887555,0
0.7181377798102583,0.26075945562614633,30.589439692538956,0.5519394161576128,1
0.5205109742685167,0.28366860379547065,17.116317716161117,0.04174993177022121,0
0.7420409692478647,0.2176239658055807,32.14005434065096,0.31057105739295,1
1.125688575001469,0.6389046019573933,30.346737885282693,0.2160204403833402,1
0.587786295120586,0.7698603747026578,32.227276078029746,0.5804460271180665,1
0.276253507863226,0.4193748865085695,32.8998749208333,0.4807530485552879,1
0.4837868803154544,0.08152298107399415,19.595556458861623,0.43780167121852853,0
0.5032230299820863,0.2454269873191069,25.420116144572415,0.6534599077168639,0
0.20077499698015283,0.16853771833913456,31.998444403327547,0.08043010745538078,1
0.23730222563773812,0.6820717136390134,22.54775944232223,0.6686120651059093,0
0.8372463844027288,0.11364049057490387,16.20815153591265,0.0885200008750703,0
0.4403994173402381,0.7748571805162878,20.83268713077033,0.2559719318801119,0
1.1481331506341788,0.4913853324684695,19.838406229496215,0.448586092062084,0
0.3301362571623985,0.4383048403056224,32.401252373782086,0.2522038186298837,1
0.16376318087054564,0.6855129668143901,24.276926988182964,0.48412466924016856,0
0.9165302474502965,0.07066071596859212,28.670884748926262,0.5472846610529851,1
1.0631914597055505,0.6328645620552573,34.24238299383171,0.5833839643601106,1
0.369830360402211,0.13745303417638743,20.983757047704074,0.1419537166147199,0
0.28240131689229964,0.6805835742053241,30.223991150547917,0.14381215340841566,1
0.2636310551017502,0.4468821644283964,15.455282430374428,0.055573538991658525,0
0.6503141465714892,0.09584705177006884,17.082323506230562,0.3537792504566418,0
0.5886791374337866,0.6749337791009933,18.237301800065563,0.11352286081526913,0
0.3483558158327143,0.07048558780343873,21.24836673745017,0.23664595414323564,0
0.10194908453784035,0.1537780196702026,23.059744302587568,0.591495337112642,1
0.6037150413752228,0.6483683928699717,24.540317814645086,0.6650880810480247,0
1.1532321997809496,0.3986533428934182,19.90662692566795,0.5790116441959677,0
0.8003970808655627,0.7110415282661253,16.32430639220272,0.020440900550469758,0
0.6198325401229112,0.5265719545933126,28.550461836804864,0.40625648411036497,1
0.17729588513405853,0.517646565777806,15.47322707068529,0.13332888810551774,0
0.3403017341320253,0.26917632959901117,31.189412697174497,0.27550789962059524,1
0.3889900420107241,0.15026039266380015,33.583096503024024,0.31098488201871927,1
0.9295240854983194,0.770879293172512,29.20737827319269,0.6611997153121856,1
1.0582174168543121,0.12859826685754638,26.919210345496637,0.45094233768562436,0
1.086888131601404,0.44675795005517566,28.140370586572658,0.20200543534651952,0
1.1822538994883671,0.2544264431260852,28.044440932351886,0.45710049163073885,1
1.1797216855702122,0.24810549768609103,33.63410272133001,0.6672685247366674,1
1.1459490026831787,0.4959396644771098,34.28611742387935,0.060228204382618944,1
0.13259546157831703,0.6484505878841517,23.534232838164435,0.5748716141329845,0
0.20846256631697596,0.632884612123459,27.341583522968364,0.1674903378856146,1
0.4001365054474378,0.7016012668951652,31.056141074683445,0.12411340740349075,1
0.6858329921741307,0.26967705343427534,15.02076314344275,0.631229504697946,0
0.1615245720113012,0.39931353628630534,25.540318336554314,0.021257630758570158,0
1.0226665014724639,0.05700092991501872,28.057526796353955,0.5239383034535667,1
0.7592696059389055,0.6101432173522742,29.344108994751632,0.07931531872478388,1
0.6737190626475357,0.27675733410671227,22.37578818792562,0.4402368006276191,0
0.24010802187238484,0.47112014995263984,20.912888412231844,0.44220989294558644,0
0.34124379556022694,0.176975211514588,18.64285133135817,0.6066877136541938,0
0.23435882872959674,0.6645496303507464,26.15631098105369,0.579372418116093,0
1.0297231314640183,0.6629541644587084,33.38606864504243,0.4859117532985058,1
0.7218620390704009,0.7080896860647167,32.919563014480964,0.27877236148623374,1
0.8953988416475784,0.08445274783004213,22.199318543153847,0.1331559079923477,0
0.39043779234652953,0.7943440323312603,20.15710279876405,0.45226438974751354,0
0.4769405326515187,0.2358345608297709,30.775876453415542,0.35793946312138053,1
0.5155832090905138,0.28207526453551207,29.499600364883765,0.07300073835134346,1
0.92401721750564,0.23700179689283457,25.106796622749847,0.6697820855188198,0
0.9382059358257533,0.2506495237748993,22.780605190777152,0.2338052735400323,0
0.28783555664113647,0.46449601707773497,17.4759580749035,0.021455720194767613,0
1.1327696852488138,0.2298579082278347,30.70277178184473,0.6331494066094603,1
0.18875363806023937,0.3453284835503036,27.34928887163395,0.4123945983120531,1
1.0805403947871748,0.5417049368324115,22.537633594760333,0.5184812580142159,0
0.16545499249728068,0.6770196526832952,33.37575952133599,0.12381304340086165,1
0.3542207828240077,0.5695561252001597,28.193454128237242,0.29513185833770844,1
1.0234503164781505,0.4957421335904924,33.58477733687492,0.4586416362733476,1
0.2564158831980005,0.1607964219058015,24.48824920679288,0.1906560015509603,0
0.5256031210064653,0.662086701155962,24.0923564812786,0.4970192827252273,0
0.5673381949357451,0.07795616599477902,33.74478580628159,0.17885814741823547,1
0.33204781897669106,0.24814374742647655,34.195828564870666,0.16220692245511345,1
0.8667819815363845,0.0927941876989709,34.215346377577724,0.02790476217706033,1
1.0290348468125343,0.5505717316883469,31.37794787814886,0.21169658684024856,1
1.0557614108339075,0.32627831194513585,24.248122896486773,0.18778101858027646,0
0.44022046759704503,0.53903636240365,19.205985885381175,0.5397624585426367,0
0.6604779534309866,0.3102732194776927,22.668817625556564,0.4074027361941861,0
0.33566736444549916,0.3918055480996206,33.76594983035577,0.1409206489377984,1
0.3315159767826672,0.3934707576246356,22.271085901606,0.4063266802452093,0
0.2354421722797127,0.08418549025065845,30.13434853647075,0.1733016415908442,1
1.1310218624286419,0.3726698947595027,33.46008702182216,0.3093415504368528,1
1.071187152896417,0.530798272336402,34.40784325762859,0.6239814819692915,1
0.943962520326846,0.45953918455657533,33.95348293750712,0.5090942292712156,1
0.6453107494808884,0.10646282470871545,26.10115195444552,0.4627480113568316,0
0.6141991028386526,0.5510419892650616,24.83760149301741,0.2114087455390544,0
0.6592075161098726,0.2816470661864457,34.75281017535973,0.10471553212967331,1
0.6670532156136527,0.06082610208426657,19.363584091606135,0.5320053093239554,0
0.5497475474023439,0.16669666781318393,18.750605233695254,0.40616546149249705,0
0.20151805782587756,0.4231697429874196,34.2636459549167,0.4434769154804813,1
0.1945134307988164,0.2828012442725515,28.783896436483392,0.6830770571778225,1
1.1450871732225358,0.5707872603151631,25.726080195963156,0.25685822571369904,0
0.6043353735243031,0.23049010667432335,17.640995856826112,0.5645083198588245,0
1.1461863536409673,0.6295971263563765,25.264804980326584,0.40009065179311626,0
0.23811340936662645,0.26485788604548494,33.8844230704311,0.17997676323032083,1
0.6875790348459236,0.5156477806883117,27.057826466973435,0.055964065750882364,0
0.2888748413542701,0.6494122851883851,23.092572448790698,0.4388874065524932,0
0.34116229704559176,0.3391670964828117,26.022060029302565,0.22237897273674984,0
0.08456276557535561,0.08510370636160285,32.72290174035569,0.4929252756069947,1
0.18679630735124303,0.45158414079416065,33.25697322270655,0.49649446998211333,1
1.104375668773575,0.7965567961583753,23.001763313057907,0.32971311811714277,0
0.4197629402046814,0.7767438997826852,27.16122004868644,0.38475003945092656,0
0.7493485937017803,0.21576664545812618,20.584052253656616,0.44605186321417717,0
0.584766251787664,0.6167723820681893,24.021705923169527,0.3386513617840507,0
0.51051893203207,0.30871387386504945,19.39765273566286,0.616612012045369,0
0.6616690050479783,0.1702043601373186,25.629445237311504,0.07163551116983777,0
0.2653247863076427,0.54943602545187,26.56480269929324,0.6862763484129205,0
1.186894483297513,0.42565154714507675,21.756734722615462,0.04274661975763126,0
0.9910540490094424,0.45442291824175796,20.442366012772965,0.16150552200954124,0
0.9028568276412425,0.6705444966766314,18.020512132629037,0.5016493411649652,0
0.5890731915660453,0.30240775691556726,17.790873324123197,0.0777729763522954,0
0.22580869044528634,0.5503210696667473,29.229222314282353,0.19827747214218636,1
1.108765737014603,0.324643600221969,19.43276007145407,0.12470414175323659,0
0.4425951274889867,0.0820429224353219,17.35954042213121,0.5120286633950246,0
0.10762269315147382,0.33351133050226167,34.977433795285776,0.41367470609089857,1
0.4437642283322229,0.762525847403101,20.19833003778114,0.06384545601860264,0
0.963625585070267,0.4124468615663128,32.92096630856264,0.33289128007309277,1
0.7661150567364394,0.13117282762765115,27.183719075038347,0.16178199105091093,1
0.9134643724565886,0.5658701220321695,29.3014033361363,0.6780350466280332,1
0.962680691441734,0.7725345122888909,26.21837822999271,0.09338420417015529,0
0.29374780274262396,0.7309589349081929,18.616223901199376,0.4266775192475439,0
1.1123508135071571,0.478970628356104,31.941031429052053,0.3476561203758363,1
0.5536880433584285,0.3322105582613984,31.559455329735684,0.41309745795889896,1
0.7848656966537892,0.48550825138193027,21.99370930700535,0.6704151384801799,0
0.05265508847475331,0.6619482966494372,30.277013928229277,0.25207167691521054,1
1.1923737731728548,0.6959280065138407,25.860805166888557,0.5291611337835335,0
0.3730308438587783,0.6641329137068309,33.18098281120129,0.3242772044793492,1
0.12137257252117852,0.3916072838313033,31.056487426079357,0.46931789801336415,1
0.5770013477669911,0.13914349217767247,15.819915396040615,0.2686471314871127,0
0.19838456575934799,0.47688007005408223,32.58551944382516,0.1744430995715746,1
0.22517571668121206,0.1673216210250239,34.3713283595698,0.07685912437671186,1
0.7771252349847417,0.095718750423392,29.843124052502077,0.08919085089819691,1
0.5018665003057682,0.4240008750716457,17.39827061694136,0.6724126167591913,0
1.1101303176782442,0.541530087534971,31.147517796742402,0.5561505013788605,1
0.4170299687992805,0.6906104798047948,27.94978085247172,0.1865722899802849,1
0.8851071476414862,0.6371266654657277,21.776526350439603,0.37982012104947477,0
0.5802643446781438,0.6929303845674112,32.68061102385333,0.5056782525580457,1
0.8089439962986706,0.6200515781156679,26.311333769063456,0.259725773361695,0
0.739649660223389,0.5774295476796045,32.05855862038804,0.3191918795486534,1
0.593701568672848,0.057603176855524726,28.402274971684854,0.5084997053094402,1
1.1425702588181026,0.519576733856908,20.770322074098566,0.1746689340321309,0
0.4441206891681992,0.14036135310433828,34.50037391722073,0.3779141637573274,1
0.2538208264366634,0.0940003492494058,26.42011095879117,0.16285995674663792,1
0.8298081700118025,0.16730911407924154,25.33510483652918,0.022092768690557686,0
1.022908695504095,0.6674691210813127,23.0701925650651,0.4893793401842027,0
0.09629180093091233,0.6078870448250161,17.726884061553747,0.5009401045424448,0
0.5670775916860826,0.7615793039039093,28.724257600723234,0.6970914350459056,1
1.0763608431404252,0.7842321939878079,23.61598396011628,0.14309050218846367,0
0.9120614117612976,0.7199629897804867,33.69225020711284,0.5229146210447032,1
1.1905788739722725,0.14969453823274936,34.30194337237796,0.6646178485665937,1
0.6611258833368303,0.7087870556937353,30.35281710699902,0.45831462903155196,1
0.808995076621324,0.678977851091484,19.849895274050702,0.6749355811196579,0
0.3978523233086173,0.7033143948947731,29.319593616079327,0.6962198699888933,1
1.139665939615891,0.16376421283736858,15.408435019301109,0.5651045932046466,0
0.4712858118400167,0.13759387082998814,31.528010056167854,0.699514417919996,1
0.8992873195896228,0.7428566596880612,24.87237134181058,0.44556063232927773,0
0.5136112347369441,0.1803699868508784,33.73479299770373,0.35799787097730057,1
0.6960917695724492,0.3264662982819509,22.555200826519304,0.6439926529717489,0
0.8777499152747781,0.39198863712054516,20.26347208967689,0.5850499721751098,0
0.6352742745140574,0.14333189587217332,34.90112677512079,0.09487620987374022,1
1.0931492759459347,0.06547571602441056,25.613557430241507,0.22585139982316013,0
0.5321961361169818,0.7955678523253371,32.26365084820876,0.19723868189239016,1
0.7941325678648239,0.7074929336262209,33.22114328042017,0.6015779283768419,1
0.44371679829506216,0.734253447012978,25.36937425562847,0.1786068409286265,0
0.5193801684656649,0.2634223019540889,24.114278510383755,0.22675044528238458,0
0.5560576244685853,0.21507617955907932,26.057719095447002,0.3727762849211021,0
0.19467807105912804,0.36939991863156996,31.95479005762828,0.0717612509653571,1
0.15548223091785768,0.3899895267335051,34.29320463201599,0.673636156993784,1
0.8176134116187715,0.05419957914818048,21.566442187394323,0.35392268804441596,0
0.8038453990945101,0.6344398344198747,29.772607642396935,0.14949493233988406,1
0.8123461713416096,0.7975002786065131,20.70748954579919,0.2041581017201442,0
0.07273141214409543,0.446518152576567,27.21906082663011,0.56269694801927,1
0.42552886907254683,0.34119402125933845,31.09579176436541,0.4511244065213271,1
0.27748132434807643,0.34456391991590246,32.72972649322587,0.33594569647190886,1
0.9448741359256142,0.12205784912907551,23.974323685584935,0.2454889298238502,0
1.0397249616055495,0.2496213637730088,22.39511365131783,0.6324653668460253,0
0.3336824338100694,0.42659959147597337,20.06903224021776,0.5453438873986821,0
0.8180265326751843,0.373886000851023,17.66834340836375,0.508316185397906,0
0.19876722397701563,0.4587760593073326,22.298351372873483,0.3232803431397185,0
0.3664254044419703,0.6867992364780551,32.43955609495694,0.6871889025166723,1
0.20945267066843243,0.21893172702470898,23.376190324212764,0.502847801814688,0
0.37604888158911354,0.07074813567973397,21.345863316224438,0.3080648129909281,0
0.8259470294516695,0.07866908396205556,29.782644891728296,0.6731753897373904,1
1.0968759467130402,0.15062660398014377,19.311689432518776,0.6290929976410914,0
0.28290076911281387,0.47786223860330185,20.125736049753648,0.5231763316101468,0
0.6733908901933271,0.6561386075284437,33.71817296676605,0.5415573627016556,1
0.8565997664299471,0.7151044544604737,16.631793852344334,0.3080666997918554,0
1.1458608387584006,0.5263349014812284,23.292623604868467,0.36499834246851737,0
0.7515695553202499,0.35235743933817004,26.535023847896085,0.15025219054505318,0
0.34337297068148775,0.1658860311171106,19.605214312292112,0.4248694469630169,0
0.7692998804510267,0.35106375458260924,20.620249684694393,0.271543252884169,0
0.41856483592971855,0.2993113504308377,19.436907294973288,0.25625806138784013,0
1.1725476492954638,0.7025194106428534,21.90371144121283,0.6647951767738848,0
0.5096275554381824,0.41503953305795543,32.970115101568965,0.13205273456511818,1
0.8382418788751663,0.2196469249658966,23.6317469314333,0.5843820371836117,0
0.07671171969877225,0.2666008001118349,23.356580330468635,0.21139862828550396,0
0.5100706630549686,0.15235262340701677,22.731617603487784,0.039485827733617335,0
1.0563737553208883,0.7389390868018484,34.282314538751486,0.04751489428360267,1
0.7517615610982327,0.0877593846773514,17.345988724396314,0.3118406949583927,0
0.5605343193553728,0.05963468641692067,32.43750841878733,0.3290334161809621,1
1.1263281243510848,0.18724170014515157,21.54322135455951,0.237770767342157,0
1.0320820325693134,0.6581555134329693,34.130231834107065,0.47477013178376887,1
0.42054802489637894,0.44260008997331096,21.304544924873177,0.35003308937506983,0
0.6762306623475405,0.5193824655327398,16.65748726512641,0.07039688510518667,0
0.6132978945063321,0.3182987565618011,25.400837687050316,0.25668841254102737,0
0.7770328751320916,0.10150848916187753,19.557311586198207,0.08933465901793469,0
0.4342279570025689,0.6921186218691262,30.059796309467515,0.06278267184536454,1
0.33083575088077144,0.1939207040940556,28.146112366559088,0.1616485049982606,1
1.0995726105438663,0.07479440040883602,28.729383158447533,0.49639131358986555,1
1.1124556744232823,0.47952810194989526,18.869789772212734,0.49328111909349476,0
1.0198213186262757,0.1124669152884508,29.17260529770281,0.6057446064304216,1
1.1749350953792455,0.12182138889487566,21.226620539606746,0.5343651188934763,0
0.9067402546466418,0.6502827736118939,34.97348056120143,0.3841370673375793,1
0.9293673128462996,0.4187071919884966,29.635353261480127,0.23257621984629737,1
0.9269786057570368,0.23113133918535728,26.808230148170257,0.023951816714070477,1
0.6026987755836525,0.31146981751963904,32.34235558431096,0.4600534872757002,1
0.5749200236914124,0.5969307341323786,26.786233994388542,0.21700496757809584,0
0.3262602175713536,0.09976560856745138,26.05499733551067,0.1900680691749842,0
0.7915420735131841,0.13736046194990742,19.74631205610759,0.6828813677264604,0
0.3827181565176847,0.5121965262429272,28.562239906508502,0.13848333083625072,1
0.34647967115770756,0.5052288008503305,22.49288856498923,0.04205562309758991,0
0.7238555802104629,0.7793466384015288,15.861652556242607,0.6655854687306392,0
0.5214797464587997,0.3309121109415872,31.321235927399155,0.22808457099837537,1
0.301685100113827,0.0988082203831369,16.037463332974838,0.2875256344220423,0
0.9884644192657558,0.45315307613722094,28.44600245681052,0.07503573468152677,1
1.0396554071885322,0.5287601088213427,18.134417829698304,0.2947643458282583,0
0.24285444762944808,0.15470208933968682,23.651390331417275,0.6811104777226141,0
0.05863308771999985,0.46464648015139753,32.18183317093441,0.4919334081298919,1
0.43654946380877974,0.19832534124369844,16.88839098228293,0.34220089448657576,0
0.9671374610328654,0.6835475434108014,28.343013571052417,0.22908071928840001,0
1.015049946169473,0.6763711218378723,27.252374849721704,0.2689098923111085,0
0.2090784306334566,0.3722218219988313,32.350594927125854,0.43563514197293496,1
0.9404862863605088,0.7750573928846031,18.454697426481335,0.19302604257161055,0
0.18305979240584386,0.7848304058373062,30.995750092716097,0.12332431733673604,1
0.4985719786800086,0.1469383167107146,24.002423934826567,0.49343549828168076,0
1.1984009422637032,0.32578535362435074,23.57287824986491,0.6112394484408175,0
0.27147944671554625,0.5002411025349834,22.2356870167975,0.6330464577261532,0
0.2270581199642704,0.11362835718608329,22.711482923918357,0.5921646016770469,0
0.5362203824288125,0.33699162786060277,25.3991925285045,0.3808077835559451,0
0.7626188048653406,0.24587906301244306,17.135996458469315,0.5564050589227771,0
1.1228358997752412,0.7640376657250281,23.501317397459157,0.6499218976018227,0
1.1779443173629893,0.35868936712360283,28.039624301190457,0.035886560932851266,1
0.13008673208010382,0.6220031439106344,24.96384706876629,0.30022678804157055,0
0.20869714495009112,0.3400290226341303,18.316589376992457,0.15880532610773251,0
0.9593486699803929,0.1488590528141266,22.26103403583264,0.6978027740886756,0
0.3612269751114895,0.6973636476206356,23.859233488518598,0.6521048865505584,0
1.0675764184323147,0.0503126876773279,28.377496292659362,0.5654864467316709,1
0.8129712458134498,0.09195565548083752,33.01532645074995,0.2211982674857926,1
0.17862152273777876,0.3232883044227824,26.00751025175637,0.6674295398906888,0
1.007408677662608,0.5651736916390524,28.52736256234728,0.039890299242258107,1
0.2528098370092872,0.30627822146808176,16.543792508788087,0.1478670004319514,0
0.5370197038816018,0.09973461321573122,34.08934058695186,0.4394741528770299,1
0.6850126678432295,0.28838002530061163,21.30417380711046,0.5592445641996496,0
0.62588107144232,0.23373564424262172,22.08583499375843,0.6208689801185878,0
0.839087352957423,0.05406484986364847,19.456855612830253,0.22434585527685594,0
0.8005897450996435,0.45110143488530136,16.693401435310985,0.2857471287273071,0
1.190848306357263,0.13748443605813954,30.800935802837024,0.3292826333285475,1
1.199335195607816,0.26562221659749957,19.809801634123456,0.03834219660306212,0
0.6439283130309871,0.5308923726668109,20.653754706906263,0.6074990920754294,0
0.15947895000499357,0.593836766617233,18.63592553212545,0.24980492246260344,0
0.8870197938140261,0.2475917201420169,34.4977056059776,0.15550934855364834,1
1.1731636899490776,0.2968952532989255,30.62069594558409,0.298254002907968,1
0.41607534577337335,0.23518192859559894,33.59799299961401,0.5031830949313367,1
0.5803902187132098,0.767666450237144,32.23446734107021,0.6122225939877913,1
0.5384934635377743,0.1928897952405521,33.12593599090523,0.1664559970266233,1
0.10913202774046876,0.1873854527252572,24.58068103698386,0.13737681758406908,1
0.8231040959069615,0.383776471873649,18.41082874714201,0.6617724181178334,0
0.4563383493287379,0.19197976940042688,21.537606687150888,0.394607253031226,0
0.9555834558262276,0.16753134221420612,20.84903033963407,0.2687249729145079,0
1.0069380865742839,0.12190965327581411,29.342676752027128,0.15553722944360351,1
0.9944154045875222,0.5301284360811871,15.51345372614685,0.6967685190949383,0
0.5291658977458621,0.5090616911764221,17.840844298359542,0.5090453152222549,0
0.41977753457703443,0.5376221689084747,28.65770240509722,0.16816200956047234,1
0.911143896617113,0.6299750060070473,17.468847076008828,0.08205642248246395,0
0.9715978489191314,0.29476850959443185,15.965837015408004,0.15551199389840714,0
0.6149460633500711,0.7388178002089412,17.184303292223817,0.18846497065715306,0
1.0769856724667484,0.599903458301567,28.813483060861927,0.09553824149788998,1
0.21549500049034198,0.6535314414358901,17.786505188094,0.1761629320853409,0
1.0609290966078042,0.5907216228700334,17.926087222729628,0.09941019935439299,0
0.16050951791766346,0.31884173407442135,19.606003935181988,0.27685755660286254,0
0.22655435036280597,0.2622743660469762,30.018214083930452,0.35061277623549253,1
0.6639160152650544,0.3668878021842606,19.007058245215518,0.32959378135502426,0
0.12764625221552728,0.12277277040001884,15.707507934484145,0.5838628464773639,1
0.11072816661012691,0.38846037617446033,33.117267111518814,0.19271686270760374,1
0.050596555790561354,0.08235573732142988,32.52636848581845,0.6232238002440754,1
0.5517641586484027,0.052959470020395874,18.69638001792945,0.6375235165995854,0
0.9408174634860642,0.7486242046060196,20.3068517954691,0.672663804162478,0
0.09006410282190301,0.5670026454409197,18.77115142887282,0.14306859904172164,0
0.8000962474357337,0.4713852102994767,29.390690779234596,0.18711077944005247,1
0.9965964150286144,0.30582652956729334,20.000177683784642,0.4442059486030368,0
0.24320097586455175,0.4779035110138056,33.62899514757004,0.11580631057946045,1
0.21889329504461486,0.7186818322537488,31.55282048767138,0.07822250462876865,1
1.0399211196636164,0.5392851004578985,26.768022551393464,0.07011410418138446,0
0.9965933014426089,0.5018614984651282,15.178764494274263,0.43218175157304917,0
0.6697830312038149,0.3951533772287585,32.67338812833333,0.5671811365667908,1
0.9920798611880773,0.3092727729881435,29.555232930651083,0.19604225060824826,1
0.15666948903816896,0.5739103354412839,30.75814793082013,0.6548030432455361,1
0.5036537456295676,0.7857357057618607,16.436504091439822,0.5585161453713545,0
0.8984671895223287,0.3685682701404426,29.171203404370843,0.07267307564824846,1
0.34606975322255784,0.3441539030106506,31.091789472482873,0.29696612739687406,1
0.9151782515985857,0.3710851042737819,34.132707123141095,0.06625010890329595,1
0.6298053950494359,0.3691579760372911,26.60940945564871,0.6423320272995765,0
0.912805886140468,0.7929685800263714,25.16083703998543,0.5251054582413989,0
0.5843815835359291,0.5800836931320055,23.507935799638236,0.4868506886412076,0
0.4730899912550902,0.3193883369079437,29.025753619292875,0.4842372556976549,1
0.3020675989504271,0.32862678037004195,33.41642609429228,0.2139241012891056,1
0.2896362426502673,0.3730976935580418,26.995100974320714,0.6548066255364818,0
0.9142144321571054,0.07753414068533727,19.545672830166794,0.6474881275898684,0
0.18674690023905455,0.4458623015159375,15.351479006183535,0.522852390374477,0
0.14887970262758687,0.6585357136420735,27.382262365350552,0.33887254080881923,1
0.2527350697754497,0.545425844905633,32.29195776038105,0.05203869693768633,1
0.25164848817201013,0.19881563507115618,16.319505551468186,0.03925171809318426,1
0.9965737662279347,0.5960256810337775,22.95142417922692,0.11393134638823009,0
0.5082826169953443,0.5895939547490228,33.80093852161806,0.4251199917112792,1
1.1889467259645548,0.24690441173674782,25.033539917136103,0.5627075778591918,0
0.2077929464592042,0.5171559926427014,19.41316459577186,0.664956716986061,0
0.8015707995476898,0.5082117748414522,22.07312823537697,0.1392462139077798,0
0.5660389332814382,0.6798407178921362,23.162791323896126,0.20735895894138762,0
0.5018559032016351,0.15205423387508094,17.34579028833584,0.056788195197002234,0
1.0563468289121947,0.19612887838364207,28.215844876968223,0.6925520734789979,1
1.1719349927026594,0.41447712782585394,26.843286581849526,0.5510222538635297,0
1.0537878025903056,0.08310886166923027,27.95445755731155,0.3468856078492186,1
0.271145780890403,0.3616956482012799,27.21583137360376,0.4113844416056629,0
0.3039176093902741,0.6411642814997924,15.333441365766793,0.4022785997065025,0
0.8044849609593228,0.16153579548799868,18.489256991326393,0.1929653121373422,0
0.38244611888392044,0.3949615527023936,18.311440038917212,0.14606567211952529,0
0.8949339003976668,0.7923269250368334,16.959029725959788,0.2219434873030497,0
0.7013837484310913,0.42944001006864824,29.709515463965527,0.1880644138613819,1
0.6835450837639634,0.42374286809156786,17.402744289569835,0.39911910110776544,0
1.0028289635646035,0.46909518779312603,28.363881469006884,0.2295779079711027,0
0.8671126875040794,0.1895032777495559,18.56780619307351,0.5156824582986598,0
0.08056442974688545,0.1603729120144582,17.366203564958525,0.40619901834278416,1
0.10687800771791803,0.5580159718363313,18.250600972321585,0.38193936048155214,0
0.741792220324418,0.34682510742932765,25.1680691307604,0.6668797616206876,0
0.6091208869656168,0.2674299711616068,27.909650197155113,0.23923848405861842,1
0.3492123536444401,0.07354371493992319,31.238497201152736,0.45198350700315093,1
0.5314545004120219,0.6845378728838619,17.57124410929261,0.020034426378651476,0
0.9215968665427896,0.07424664938362456,27.323734947716602,0.521108080148543,1
1.0006032073566193,0.6124873430624895,30.476791988224946,0.3617298717313976,1
0.6954065280735507,0.3364914192489357,21.248103430157688,0.16170177095343258,0
0.4931749029856684,0.4990158578784876,16.594311587348752,0.021027178371459693,0
0.36130127571937304,0.23575850051762176,18.118919261330277,0.5007218955225524,0
0.6502062413846414,0.16654974967405484,16.831172951209133,0.4706364784143902,0
0.4119620613490381,0.45004100062621055,32.74423862045356,0.4724768392061055,1
0.6987094076043063,0.5717132712156078,22.534033367204692,0.3174692797219136,0
0.8281502398860833,0.19661997120885993,25.46697210271572,0.4547221815235651,0
0.12599109255730406,0.37726921057442314,30.37376303608629,0.40850765727212096,1
0.051227584776159324,0.38349122771854677,22.429968442414477,0.18244863033566266,0
0.2941187096668544,0.21198436180959712,27.982053092552256,0.3727622681985314,1
1.0786882223765981,0.4737870846890983,16.533597064368756,0.3699231003408487,0
0.793234377712843,0.1594517650862755,24.61811295137201,0.5800635639986941,0
0.24775440472757626,0.432311879988935,16.930379323406154,0.31477253541610045,0
1.0738035560971615,0.13507363352449964,19.965682813604563,0.31653809632106833,0
0.590449331330441,0.41415680664135307,20.866816551909373,0.689395040466875,0
0.5975055201804598,0.28369929115666764,29.351676077738933,0.6282354335440745,1
1.1258732354190533,0.3891847190611512,28.482083725785078,0.18475447322974436,1
0.11840969601084102,0.37531201958238064,29.941601778621315,0.6389993043746937,1
0.2974550158230263,0.7309498421139446,16.235100944746705,0.11381732631530228,0
0.7236370239279307,0.41745169996734705,34.87828424346094,0.6003059199432003,1
0.27480948601930466,0.6638741779076558,16.08840057419538,0.14465989617641176,0
0.8314560605903014,0.21923929468378645,31.51495582878308,0.30941027725088754,1
0.29620613273722823,0.3140620959756941,29.80537866961071,0.6890667092624708,1
0.16403051618863648,0.1063170354748932,26.835235809836398,0.08599327685551664,1
0.2880329335869657,0.3655608461161202,23.777143302899745,0.5910557175782436,0
0.5361441394128715,0.5515249153061983,30.142647065403654,0.35641908567880853,1
0.25255904404904184,0.6786252755820472,29.79715606537692,0.09547412872707504,1
0.2048958286618494,0.4744361838493664,17.74356670979609,0.6676941377914019,0
1.0393241691517818,0.5300545021948089,30.852649459217403,0.3934773303346736,1
0.41845678413690396,0.18295030821271113,16.571139948699305,0.6188358949085481,0
0.4648724894959916,0.07790452867507953,25.010922842570693,0.6109927205509905,0
0.11356097092641178,0.643766108882987,27.901636531343886,0.029951516399674544,1
0.46097506702736224,0.17527865558096478,31.433777147504554,0.20009167842476838,1
0.35452825391981657,0.11837715164956432,24.262204361861073,0.24910667413694368,0
0.7520578274430568,0.7531717406799465,19.737161551302904,0.38370755096822345,0
0.2861988423232677,0.7726410230443824,24.81319230913213,0.06886888669193487,0
1.0716202710222666,0.512192968701871,20.0041622087424,0.28449749086418913,0
1.1191166140574884,0.33397795451547,25.574507629122966,0.5739539240637057,0
0.1648057157533087,0.674929655723039,24.25016366213036,0.13776995820494126,0
0.1735133997318638,0.20353996950155934,30.610089675007888,0.49686800271194026,1
0.18262540382763615,0.3720442455722614,19.80180226885058,0.3330239983833461,0
0.7625046447568588,0.3177629742504513,18.99970368380679,0.06807948084960964,0
0.19026430884106632,0.7345249930562613,24.4837067913392,0.14061436462768923,0
1.030239665619806,0.7398330615217052,16.010087303817013,0.11590089757902113,0
0.9174122421785763,0.5381644447427498,19.586812568710116,0.4414081354967521,0
0.9927801869737276,0.1330551052045189,22.074098283753838,0.07938059124031877,0
0.6549696059189241,0.41164459224372685,24.752594251218206,0.5796718109286951,0
1.1961787932470265,0.23399627466804257,20.38873422450728,0.5685282090370899,0
0.10080136838578546,0.7136867473883615,26.212729894168127,0.07444215804213206,0
0.5114547088140303,0.15380209926215144,32.56829332890343,0.6239740944565247,1
0.42252716927828154,0.09073270689553052,25.87454922715204,0.6722293614598152,0
1.140942323519537,0.5783217751625587,20.736790434728636,0.04955830676324666,0
0.7133901022722318,0.38996455622611464,16.239619440046297,0.6662241063330455,0
0.977119610261434,0.6787736657023133,17.733326094966472,0.21003427518498632,0
0.2458923727072967,0.10597222337698382,26.22434737094381,0.47203811974616955,1
1.1754292654855047,0.6508070994558819,28.674176762087598,0.13887470744113736,1
0.6234354789077624,0.07800106463311875,15.993358871081412,0.5758699777311301,0
0.6177228877112426,0.07105250893546773,18.710996594269634,0.5925010722610883,0
1.1665174378275984,0.3959868137982722,21.38162541353141,0.6852721555336168,0
0.4878422153997167,0.21596846726048885,21.39546217761005,0.6949227542761662,0
0.5071537782382418,0.49528903025489796,34.168140283559225,0.07158324128769908,1
0.7224656082256771,0.06936274565860283,19.075411958848452,0.46741524886909064,0
0.197260502129955,0.0765421567722339,16.250406989582178,0.2056714004635588,1
0.4192484703736331,0.5953613721289553,22.06029658624638,0.10539289422917872,0
0.2721895708119001,0.20762387186923376,17.688839420593588,0.12118088472626667,0
0.16877600097310702,0.5423128427455502,17.53163930271578,0.6567773224713155,0
1.046066297280673,0.612441621125569,23.149013222342568,0.4848814820748346,0
0.7277308410465975,0.09449837429372558,21.127822784998973,0.05431344665894797,0
0.4624737102570978,0.6273154658481794,16.834535523107192,0.6892764531393429,0
0.5199697839717198,0.25131591347096455,27.086068588548986,0.569312320725286,0
0.5462468542404578,0.34215946864981117,25.033995320407,0.230241927842493,0
0.7781215594664158,0.11497939422148752,16.541993379026106,0.34018935165187636,0
1.1157848002123423,0.6789724875236396,32.254889480282884,0.5140716658573886,1
1.1226965626055299,0.47054658974432295,20.694261164246655,0.47970181837082354,0
0.5002157764602628,0.42849895838537916,34.22761569894359,0.3348950111936803,1
0.42865182853743494,0.7764161081770667,33.63077265112651,0.36842513247536546,1
0.5687034752130433,0.30087931995550304,23.681932524375057,0.04938122268317412,0
0.7031243649927664,0.7180844648575221,19.571338808766697,0.360430606251125,0
0.5810905981672105,0.5897659107984532,31.697054250604452,0.25136788637234475,1
0.8075664212892061,0.7463961018891793,22.22571683244894,0.2138348163229703,0
0.6875588768867282,0.7308515395718449,18.271013893425966,0.20334324884236643,0
0.41882287869818746,0.7932723537695523,26.032154316378822,0.46128389020238486,0
0.44759042662702747,0.14875756402786816,24.788048854025316,0.3118951820904966,0
0.4853817056936905,0.6470122940686963,32.00035757627913,0.30954563773098864,1
0.15883573348679697,0.6533707662106274,29.58562759678664,0.12824715411900553,1
0.2409720272760691,0.5332801461338651,32.52278973673508,0.6740672264056595,1
0.881580872467194,0.2591457186786515,29.69405824774749,0.17226981766637492,1
0.49746121825039197,0.7738612037212363,27.84349921295594,0.29615426048853355,0
0.2967198184441652,0.20331660341765717,25.003543045540255,0.14933923964222248,0
0.6970732721610858,0.4246815337688293,34.75106578992895,0.49813713962462053,1
0.9188704738444413,0.4411153346143897,34.18329648000345,0.3165675475933809,1
0.3460357166971771,0.17137200862702912,31.977059630714994,0.30128195853230905,1
1.000808364212306,0.5918966167499307,30.506384275710555,0.6150645220645656,1
1.116630588568807,0.11665037313517983,26.551191002370242,0.5364462978595482,0
0.7370037084349168,0.5698233341350333,20.195067210524137,0.37351503596464297,0
0.8192898078403166,0.6864616222179778,32.50878054175929,0.3386414747479732,1
0.11046238887151369,0.31204731881179965,15.216322697579155,0.6727329505019979,0
1.1373478746751924,0.5820656064494002,19.548799335878662,0.6703942719900411,0
0.5013574444046853,0.16758050611088737,23.074648901689397,0.49924419017872357,0
1.1124854606272443,0.684461751089659,26.72314310468144,0.5369005900107744,0
0.715824153462779,0.7640237739149185,26.21758640720712,0.6313831775445947,0
0.055311618669826756,0.16452027012483267,18.516316527705694,0.6757299539921016,1
0.09432329922195107,0.5688946054792492,17.095963996270637,0.07594684106415985,0
0.8324816265204102,0.42937332241739434,19.446578551705592,0.6981904060799955,0
0.6970682159067231,0.44862449887428396,21.974175777929673,0.4980551061791911,0
0.0805123027869855,0.5798672889505162,15.281073758401725,0.4230665008503067,0
0.9049789554057431,0.41655537450232794,28.849116410997116,0.3009536452222904,1
1.029967137629559,0.5002447940132876,19.95454871474983,0.24874512770650542,0
0.6208801048052045,0.22317576455853289,22.028088730967248,0.5668629417963045,0
0.5856210564108432,0.3338799473664727,21.69803381167799,0.4650158384516965,0
0.056294075159821606,0.6989302625536266,25.236596017570434,0.1564795147986159,0
0.9546471693676392,0.1324268837362892,32.19599444189222,0.43473950525112404,1
0.4303234767580212,0.4981814457002299,17.987799070110825,0.11599294917059645,0
1.0605781627499205,0.18821529667616765,21.814542264625402,0.3578748820241674,0
0.47901967569176096,0.684904698442529,28.84057615463567,0.4167511937275609,1
0.6998395972253114,0.4842829653901623,15.884628265608736,0.452265168105942,0
0.36089305642922664,0.3522865870027033,31.599572703244473,0.11877828901193592,1
0.23467655947265648,0.23736850523886344,34.23650280994853,0.08500699948252383,1
0.9411440888885272,0.3776335243922258,27.152744051639814,0.1959215528632433,0
0.6210790506732239,0.7682092444413068,34.13016742061443,0.43278028586513717,1
0.6669611123150884,0.43190696730771544,23.261236588634954,0.6535443135002275,0
1.1602283465039958,0.40211714877489513,23.300634613102737,0.5498040010122404,0
1.1581168990554767,0.6097053601252318,17.12497818826875,0.5270831571172506,0
1.033988439957764,0.33428530312393,15.708938699995393,0.24455799429924677,0
0.2657506866797886,0.3705679624105955,19.890086362690678,0.0959610182471078,0
0.7334135984468169,0.30271079867871425,24.562573142022956,0.6265187961617713,0
1.0598695383538679,0.16318981649704356,25.15364781725778,0.36058038341130755,0
0.4806335269162783,0.585356910651988,19.351507634828664,0.08834737541889136,0
0.1662720908259227,0.7047731854127178,27.25611349322855,0.3837787364796818,1
0.9826073375759101,0.7291944869320742,18.62411749676776,0.47927896501237427,0
0.6040280840664974,0.7106022035283348,21.524222805382003,0.2375320201295901,0
0.6990515824130553,0.3888378518284947,18.914190303786548,0.026289273544872364,0
1.179465940765521,0.26304964415239723,28.93327199980275,0.4426927342604782,1
0.7482931450681829,0.5284428122006176,25.331450164446238,0.0472649525320498,0
0.5387262935160165,0.7660286839295238,29.722021981452308,0.3142994377924073,1
0.47548202302427744,0.5952879861264537,16.144963391832995,0.580847155126256,0
0.5302621865521524,0.4211364211926174,23.507241604702827,0.6992163899928865,0
0.1861589456554691,0.5666064308850862,34.33917157962841,0.2718059815092339,1
0.9639631421802075,0.6294034343407977,16.072390294127274,0.033686310020134023,0
1.0133743869150973,0.7394519459960531,23.36757379391924,0.355174109318365,0
0.37705670475942016,0.6224118154791156,15.80796437711241,0.2078672702537547,0
0.39936611117143567,0.3748929167269292,17.933066419416,0.6270870092406509,0
1.0554843947850352,0.2552048888491131,24.250529031461028,0.5038221422228318,0
0.07756590885714877,0.4249112485471935,18.150267953681052,0.2949398227880477,0
0.6485260603323119,0.2961334584541038,25.375108499276863,0.5381791970243552,0
0.5832270718837262,0.7570734445158606,33.454633655401395,0.2520199908675941,1
0.8436457850152287,0.4309743825874716,19.008151163948533,0.37479923787737707,0
0.23790045517187264,0.4040422519730062,17.143730194243957,0.6474939902634358,0
0.8185803519144268,0.3111471636161472,31.50553123965904,0.15610694104118,1
0.4832441090561079,0.5295552427187002,24.205396948275105,0.2328794412965601,0
0.7615219948950883,0.44003845896571087,32.65222197688276,0.6222035205183324,1
0.0961092613536923,0.1467866921736924,21.122465893307744,0.33407728501107997,1
0.5809862767621858,0.701905858122871,27.55064010374179,0.23616440349803355,0
0.6505885280797279,0.3192596241078488,33.46627108603329,0.045363095725079544,1
0.2964753632832346,0.3744338224686156,18.43391598895812,0.3048880655590927,0
0.2105672023059888,0.20425029249768434,31.014571186108068,0.3604087557307902,1
0.2667454484641466,0.46504865571341686,27.630334996902548,0.29630634977833936,1
0.4457622397728502,0.5765412968214373,31.258934892541067,0.20867227896397997,1
0.16133167170071716,0.7108739904694548,18.413866899062164,0.27100851801662895,0
1.1394177650890451,0.088705748729197,23.681729406740246,0.4568624630165294,0
0.5157431707201898,0.7799989322745338,17.576744569539052,0.6260702095748416,0
0.9803150428827613,0.5778633065152676,34.20164215970729,0.46177955935270126,1
1.1705796915751736,0.26322401330863804,16.25383445920269,0.4593904564621609,0
0.14284557200314996,0.20335606626047453,16.309667959887765,0.5754749061469968,0
0.7994198881252431,0.27206593899094844,32.963123843634044,0.1322970888586211,1
1.052120449752396,0.7067943137498318,21.0152429627535,0.22474638803153413,0
0.7793695990617375,0.2685426298969628,26.940400656943,0.05440186842291225,0
0.5433800395610245,0.3971158509179268,20.749510578146136,0.2577537018738036,0
0.545737811283629,0.5793035406816744,27.975167512550634,0.6992001719412239,0
0.09128371890846275,0.7039923977929142,18.849387385400544,0.24393242884859156,0
0.6647908639826666,0.5439283717595781,24.177389161029385,0.6046456372976168,0
1.1925744463048744,0.614831897400817,25.66984349560789,0.07832884547269404,0
1.1525136548677242,0.17999509722196672,21.672857805742602,0.3326044070684796,0
0.09645911316848765,0.7080558707683542,20.03401222537904,0.25899474845951287,0
0.8616665541739114,0.256789387713583,17.804133353424337,0.1570763469973626,0
0.3970295967014704,0.1462836230423868,29.1228867261584,0.27330425479866755,1
1.0884375264170572,0.782183217755502,18.365654319888463,0.462869115761484,0
0.10188195756567031,0.20122994409062073,20.842527823762893,0.3534094909245832,0
1.1262552173127427,0.15248897755848234,21.738175292330347,0.5941471412217539,0
1.0130971053559434,0.51951567507634,24.0873359395934,0.6353636926568694,0
0.18513003959049174,0.2891473621220715,29.05137399100134,0.34768712519522244,1
0.11879798791489407,0.15001190388537,23.55890269307411,0.6875738936227613,1
1.0099138139759762,0.500840837911907,32.42187242870967,0.06897411920487707,1
0.22912132162076626,0.6192389204166766,28.59571293240369,0.2079106705086487,1
0.6651328759222511,0.6448987806553674,31.7697343226036,0.3033636638778316,1
1.1031065865605159,0.1666344507592043,29.327079226618814,0.41623702704366256,1
0.7025653305817219,0.4676503009549567,17.972635996741992,0.3912322240929832,0
0.5068182966937477,0.6602587780110956,34.5585460372818,0.40622419937181015,1
0.561768463082091,0.17081525856813895,30.73172531536731,0.6294504913738691,1
0.12258474630945167,0.20576168882800616,26.45443537268025,0.20874433052824803,1
1.1640651695658386,0.05180854807375822,18.304618814762524,0.5754605470002675,0
0.40725231284324515,0.44347561729646606,18.45361297157949,0.3994403768068083,0
0.26776801542378187,0.19601127264646317,27.286623497202832,0.35353352838743,1
0.37895439711645457,0.5931819317951743,23.323942660040228,0.22360112942531898,0
1.1590291741252006,0.7716603917132043,28.517190010302915,0.22676678587680188,1
0.15842896151120806,0.2065666167493027,22.448554497994053,0.2841663125825232,0
1.0473984965763585,0.5368227588226495,25.2569034291319,0.5391871319077902,0
0.864020478561665,0.20887584609388354,18.75916075927924,0.3441783635627443,0
1.0045220560328822,0.063505144234778,18.10402288587653,0.12460690597424998,0
1.1722821714230807,0.6189156456609386,16.51289527396981,0.5367069605931039,0
1.0184778538444026,0.3755035074881696,31.392786097971047,0.4710983917827905,1
1.1348897039695307,0.7600901461359899,26.107725031593226,0.6654823625127936,0
0.19597554530955774,0.45071441160755416,33.94282079813325,0.3800015891012894,1
0.9651568499420156,0.16811215173176297,29.98972562718656,0.46500705687130683,1
0.677527048193205,0.38733083134795837,30.375263204989878,0.34594458547762375,1
0.6750199343418398,0.20216884610451236,25.18116868394031,0.4829305416290158,0
1.0837598127685906,0.7085219545149309,31.309078730513015,0.3165596029761247,1
1.167574391443718,0.5681773856656436,33.84126890627634,0.1137424055403606,1
0.8605640714996581,0.3059291034910277,29.434805046708753,0.690944600683409,1
0.6053791478925515,0.44586524210535533,17.111778817740028,0.5098473179011817,0
0.5748644365871222,0.5521101411597714,28.020397185070124,0.43386556115629893,0
0.49429267580665903,0.637143287484069,17.40866424482184,0.3473661101261532,0
0.465838884008562,0.11011040740290627,16.544448448373355,0.5037717214882923,0
0.5002328679370961,0.06688913149643509,28.85800810231876,0.10620694705192303,1
0.15321622053887457,0.13583952287741735,31.69570863848077,0.241757110736352,1
0.13905149804950395,0.3462472326294222,18.176829814587332,0.10479555851876238,0
0.9468503204531584,0.400029957561569,16.482972159320894,0.10569706534677879,0
0.56298382685826,0.15234622266038628,32.73045788384088,0.03451633051649655,1
1.1202871618263135,0.358364853424704,17.64418673981738,0.5340075222962544,0
0.7540541598830454,0.38121708977137286,15.701721874874742,0.17456986474512184,0
0.09045237951208271,0.131817472758115,29.42108737532978,0.5857652489673871,1
0.2311518425151014,0.7374949701468005,31.95431108190686,0.6350154696313378,1
0.2866927619649587,0.49935944569078067,25.289466829284528,0.13462492056328698,0
1.1720964280481097,0.34140164784221155,25.798504881875758,0.5020275487884398,0
0.3015098600743801,0.43018038760415495,21.73721025454757,0.3330078953732414,0
0.643119027731259,0.2856481148516051,19.769263977324652,0.6448935870361145,0
1.1266034713862254,0.6907482737334448,30.10464140351172,0.3494036917851237,1
1.173771639401511,0.48126128117637773,31.98568816242085,0.27763424278108834,1
0.3218145006910762,0.4211718607951576,21.424895163303933,0.2203042809405088,0
0.10648529031254614,0.7331640523216982,20.47638369751303,0.6344625793551469,0
0.22664210741842228,0.6784847736755508,20.355834390901002,0.17380192631779917,0
0.1228277505079418,0.659601418569387,16.011908360447123,0.5828460582944508,0
0.27439287725618683,0.21920690317388314,20.62150049680762,0.15204746435299754,0
0.7038551719092957,0.1648423336012676,15.5130183393801,0.4575098608923741,0
1.099316115739988,0.5675723897845608,30.768152449367456,0.3267246350124534,1
0.667801716248491,0.4014816922560469,20.1185365806192,0.09113389901134196,0
0.7698879902039428,0.5627845347176327,28.803103787027275,0.1056344429355956,1
0.28214733935097225,0.6204704240833373,25.863767710811125,0.21142622194265534,0
0.9706711637749277,0.2714851305085632,31.749272599543975,0.5413231457687677,1
0.7604572447814207,0.26348782484210653,34.20757455114043,0.5156792015406432,1
1.0437573535716336,0.41812367469363776,22.345832282583302,0.15948177095700977,0
1.1411695730566518,0.25516198514487304,16.766816397792745,0.34381749230549186,0
0.4500858921200811,0.5504714570121497,29.992915287718453,0.08595113462035676,1
0.15416591731575524,0.6100478344105377,15.426046523983668,0.5068434746045778,0
0.3098183016042998,0.40402920953993327,19.459266689724927,0.5594453838118325,0
0.5535178005272128,0.5928498241989825,16.065013369462772,0.6275881600251784,0
1.1375476995981442,0.4328281768030821,32.96296743239631,0.6223072571453181,1
0.4850562957294275,0.584653791475257,15.105941634031446,0.249766768859284,0
0.9363891957151754,0.21872618584679399,24.854843300304637,0.19308300673921547,0
0.6715481959963683,0.6041322844497815,23.479982543179602,0.6296807748275307,0
0.26023008599562303,0.5863430175927633,28.054893290962788,0.1192847428772667,1
0.4188442367964693,0.2499542802868832,20.794881771384997,0.06035396875098614,0
0.8011706677762415,0.4669782432801312,32.47390800938916,0.23368522505684663,1
0.8237814038876274,0.6914837509058013,29.686914831627867,0.5370040298619706,1
0.5499737088304031,0.23714198522932922,23.645888519844657,0.4920558586657151,0
0.3129424430614318,0.6019848380110073,22.160524990250828,0.6911975897382623,0
0.8801927964395778,0.7654750378601654,31.31776494995169,0.2644828283533962,1
0.244203997854622,0.6996814398181738,30.141205970715415,0.20757617410267798,1
1.1271701456448955,0.35114006201020714,22.98000116048095,0.2771811742865501,0
0.26608911589194817,0.5054057997411039,21.827437252202543,0.5519342577727088,0
0.1734092172573985,0.793827600689528,15.777759793250842,0.1657239667623739,0
0.6222948577201857,0.47632805853178883,16.634144908802913,0.6644686292875879,0
0.6474820378261481,0.13627070182277495,16.078369111084694,0.3685335461201926,0
0.6344218519949815,0.08407306608407068,15.488309726960537,0.5525385971266393,0
0.5521676127396654,0.6427358823080214,18.057447642815617,0.5825380406490632,0
1.1940371267540495,0.36772124405138457,32.1428363536115,0.34559427978967006,1
0.6092227045711691,0.2351096679718958,30.963186215117304,0.5241325386737591,1
0.5996385678508056,0.31075402299571026,31.91147695656394,0.26799214027611334,1
0.5350309721217454,0.6180296499098392,27.476007228509438,0.5714310497057788,0
0.12684961790668234,0.39893550172537184,27.4812620248134,0.5802540458598527,1
0.7319001258220584,0.7013746193944075,17.478634931060334,0.4050199572181248,0
0.3121629380566598,0.6011941915832746,28.979307072847735,0.16834051479366535,1
0.7832503272634074,0.7805106128340689,20.60052821740946,0.679751759122648,0
0.10845848124074872,0.7163778250923826,25.38506659572402,0.6639463117191684,0
1.178595166440952,0.24091040883950687,34.09445207601715,0.441477970313949,1
0.589355840864573,0.544294424601915,32.412307886368545,0.6890390805310943,1
1.0812686773293032,0.06540727589610791,19.663870145915844,0.3619014815460375,0
0.596895349217875,0.7933300433221987,29.73301231400587,0.27532937494970205,1
0.11938044136035499,0.2457545816019474,17.08181499918422,0.33314205072337066,0
0.9955455780078779,0.548596320217688,15.534849714880652,0.05121677236614681,0
0.7954112891172045,0.686865215899674,15.563485495637204,0.3934028567701261,0
0.9490206047100369,0.1703484970459786,18.404929684360248,0.47303805958297424,0
0.5423953430352043,0.6859095071078594,28.89896804187586,0.09447358213684134,1
0.7836272558836417,0.05918424934311682,22.266117869160375,0.19380634875339536,0
1.0346633543660986,0.38148285356405554,15.318848779333836,0.5104051946985535,0
0.7757252593026706,0.40402821689835383,34.760452627536836,0.5596413212840283,1
0.44982468006128873,0.3305680349440519,25.667568064639863,0.6903895935542227,0
0.8119090335211299,0.4897885597253748,22.877604302226352,0.1921921064057107,0
0.8226323169061774,0.736131761526974,25.376997900976626,0.5921788407319151,0
1.1546750068826188,0.29524183572521684,25.399418197171,0.13703001627763325,0
0.47654916977291956,0.4844449153748181,24.404731541859874,0.10899730887107685,0
0.5388440326412508,0.7080968943074921,27.258978089299415,0.515858435199422,0
0.983941405365118,0.6297465463260337,32.71253239736613,0.3231932125799847,1
0.6316266619541524,0.080549948604122,21.034273841541733,0.5598679788759606,0
0.897059057083093,0.7570930730957468,24.739372456919245,0.21214406082738912,0
0.5786658841216309,0.08498517819395955,15.072879923935375,0.16497183642779503,0
0.2978194130846055,0.4915688557807472,32.19628562636405,0.3931831457996741,1
0.9069844191981624,0.4815152152363736,21.118077778262325,0.09841112277623294,0
0.20082844456241639,0.6397926730267371,20.42593796656738,0.20954946551421746,0
0.27837121306100426,0.16133228888673323,34.950743384220694,0.13304116779163624,1
0.7708487302018399,0.18452779404702785,26.68785877490376,0.23763215976526017,0
0.9093602702208803,0.6140801995537704,17.460864922819805,0.5405391199790527,0
1.0788910698979872,0.1621285643087188,20.310499397871418,0.10210478930133543,0
0.36347447202827543,0.40208384529922964,22.06453176532623,0.4360708650365321,0
0.1773328973906375,0.598736067658199,34.721200957413075,0.4176409279285939,1
1.1494536584510235,0.5384314465870109,23.61243355829716,0.3859288278337546,0
0.22758655122546378,0.20795313958482137,19.60267976585618,0.3492883703620218,0
0.27731702959283544,0.2779701940145642,26.39461934825634,0.47142521084802097,0
0.38502887159223553,0.7767311774307808,23.09519316114021,0.599231245709914,0
0.6588000571302306,0.38650296511616294,16.09920776283741,0.13018491407721183,0
1.0652494009391897,0.0833431073272854,32.218392249086506,0.5736092992126831,1
0.924627926139347,0.2146886745997495,15.313750545666078,0.06180343815395532,0
0.8643811869190303,0.30682631724637827,32.969672714909535,0.34784462589304,1
0.2514576530344042,0.7996170532209395,30.837174072036042,0.36779655420578444,1
0.46133502625487033,0.277018660607689,16.516464202848223,0.15435836549763052,0
0.6001656649996796,0.06979688658690873,29.472221556261076,0.0809777116424455,1
0.21953984650842373,0.43469118316650196,30.418833642786378,0.07093946331414172,1
0.3644441574456733,0.1127040387304828,27.04614146857369,0.04531910982943584,1
0.40458318454577086,0.2555506990217914,26.553416003122464,0.4100432564009081,0
0.19636762807839514,0.7942873820704544,15.993740524959481,0.12572273517713198,0
0.6827756456944962,0.5784788891976158,16.18992743645565,0.56991922961236,0
0.8607824260028218,0.08799997196215277,29.545772996713936,0.6312878503027066,1
0.1304213761983904,0.386515038943847,17.111303578378198,0.21883754893607904,0
0.6032915670276222,0.178728134471637,19.83688201412955,0.13183717238552187,0
0.9495428745579643,0.14220849230159094,24.976731876467177,0.29853607542165633,0
0.9101886482953139,0.4902990600116015,18.283273472253633,0.6194677368735003,0
0.9873340606515673,0.42924191723016175,30.79679121100051,0.2918770446720379,1
0.5654767281461981,0.6071499382366312,31.147560475581773,0.09366868128926359,1
0.9936406450358398,0.7192296711738948,31.842864225217838,0.689574303078504,1
0.3268660318964099,0.23501139307374647,15.991362415494098,0.35977932042910465,0
0.46493214563014257,0.7422439899915478,23.55746322467249,0.25281260040981995,0
0.25280891288047147,0.4384938294155716,31.938353454286716,0.6276621370940593,1
0.5876072203428576,0.2441261886388379,22.26438780613398,0.6506343758334312,0
0.5008690257777597,0.684339378576957,28.91640756646045,0.3578270372258861,1
0.32706618387645897,0.07664743852176688,26.784918083800193,0.2285671477795173,1
0.9145478156153988,0.4696320331047204,21.944172334143573,0.34819099730226655,0
0.4109237879283935,0.591216151272475,20.528096581808477,0.16911172679572722,0
0.36372497966771106,0.2599832653671074,28.054861841988135,0.34520190659847333,1
0.2005238804780693,0.6976189381724134,17.67248274005794,0.17601315185975108,0
0.554644957072241,0.23021342251848864,32.20245038175517,0.4430978775333874,1
0.3984093231628973,0.6799057120488043,26.52886882161407,0.5367246431273823,0
0.47466376754211387,0.10890872287434293,17.230070102516784,0.6792108960273773,0
0.3213968520136355,0.16994569390132347,29.070552903867274,0.5929479191269809,1
0.9276288132928855,0.3357384379264311,23.62225099764838,0.07857169446845648,0
1.1195038494579248,0.6905416345986345,19.081628307263514,0.163835558360328,0
0.6226216307072208,0.15843902384508685,34.22138585849732,0.38155046335751974,1
0.7894481868419574,0.7065786798456812,29.39295570028851,0.19516187604851928,1
1.0472481180977118,0.22229864495959528,26.85987246655992,0.029768340816644395,1
1.1986540829337073,0.3893812989458965,31.977343621187234,0.5332578459394939,1
0.7555439574393069,0.3145508031952533,25.877395797643054,0.26328496515954813,0
1.073246386520849,0.13859466996089265,23.829412246658077,0.06494802204550605,0
1.0948994835389882,0.7582323046393551,18.788937197214167,0.3660087632353927,0
0.9601692109787656,0.3786337180641601,18.067808502363572,0.6845019249409054,0
0.5800710997340768,0.5677484460171459,23.639386327436966,0.48140626596747743,0
0.1433271004874842,0.4814507574980233,24.119491580550317,0.12796095700502147,0
0.06817638875615392,0.42628693763915554,29.666250104614544,0.36972099843219414,1
0.5987807282753633,0.5124332176676367,23.841700200737527,0.6331712693275702,0
0.6184617135648104,0.7237567296518217,26.863184011308356,0.056885693527420095,0
0.5184667460424182,0.5744842817705822,31.65037048152492,0.45376737652015686,1
0.7033924539850692,0.44936005959141584,34.866693910210834,0.5104656330510103,1
0.6849871088000912,0.5338894704994823,21.450506303025648,0.4987279555338662,0
1.0121049971875968,0.5047957103817662,33.039089274567374,0.12211588461201765,1
0.17495566875160176,0.3748409056147348,31.121017437071977,0.6369494015663777,1
0.30895431602137724,0.5185730075978378,16.36013380639106,0.23914450624488937,0
0.9619557258035749,0.3826773501231227,21.683178617077825,0.05518457590588345,0
1.0250123973072027,0.6182107834039343,19.380859196687666,0.07659023544813306,0
1.194047845663998,0.7766843626417141,28.28768544845996,0.331152619623795,0
1.0538488188451467,0.7698990181229219,26.105982724353765,0.04718776141375204,0
1.0733838581331807,0.6655518398187354,24.89702105179107,0.5500957120824191,0
0.4115001340243905,0.5013191727946139,30.27127527615155,0.6087599840598162,1
0.5119108791107828,0.6119989910530554,21.666173916239668,0.029093759014487304,0
0.35829787054363366,0.18353622144316578,22.65504591106531,0.5708091822625257,0
0.747244307921623,0.4092638429854419,32.31267896450899,0.6872203989875905,1
1.1296261573380941,0.24297857374352327,34.444170185200136,0.04065034955190964,1
0.44633701948836035,0.052621235832010324,30.527146815356645,0.5129777263413392,1
0.6905520491636677,0.7750531810040571,19.341419495544525,0.6993839735823931,0
0.3907445750215078,0.697886421388881,17.253032643276946,0.5620406386798888,0
0.2452699698386136,0.4352739638524451,19.184102955316042,0.36364276206389357,0
0.274463359291454,0.2406142160892551,23.455227300457928,0.6216796210097247,0
0.11663714621884942,0.5697314076494275,19.733940554952767,0.5013940489337243,0
1.141687551460646,0.3761008134124456,33.02082296144023,0.21886712231306948,1
0.513311549783774,0.6525121500670246,28.414458035348805,0.17253745181254343,1
1.0092390258024242,0.7996385826357121,23.33458489566028,0.3685301870391419,0
0.8335288935931447,0.31181195561740255,20.476234657231217,0.27363355633469505,0
0.2707093356227482,0.2333022826085358,22.613220102819287,0.24403823374944114,0
0.251781583565951,0.25053686659606866,24.521011907334604,0.1409888753742817,0
0.9837864317371265,0.12000968426050397,29.276447043514572,0.5947944821567546,1
0.35441846721246795,0.3455346473751165,16.786831164577578,0.49940986043851615,0
1.1002779612572722,0.06306878953768198,31.976658795778913,0.2452985993679455,1
0.2110637153929142,0.1357966680509567,17.5512006226036,0.18161361547792698,1
0.82936490662264,0.25377181045450276,20.249001639448757,0.10713378084587238,0
0.986644957435574,0.16989708193211056,34.87179791545168,0.09650880917719996,1
0.3205448466779917,0.599119324625544,18.804172680885024,0.44532516594762106,0
0.3676384679750509,0.12920359315092522,17.022843755726914,0.09399568108550925,0
1.1591967190600818,0.6994955787683935,27.768106038375965,0.6729445843043377,0
0.354287246148082,0.21583587778321467,22.862581597024498,0.2098118690962054,0
0.5444506073850549,0.13144296272867578,16.836708685370173,0.0375473051956455,0
0.547392932228721,0.0575799833234439,15.0748485669809,0.6016242122133657,0
0.34098996241913604,0.5864037532416099,16.583231527629557,0.2699594291782041,0
0.942159749402654,0.2424625594539065,25.454711575438132,0.25321680042297257,0
0.9376267447135285,0.4321239538533311,19.617858902618845,0.10066201603514063,0
0.48506571635735346,0.13371203500411682,30.551042686379,0.46908699958885763,1
1.0103946597428437,0.788971942427187,32.15017266143486,0.2639794926808147,1
0.2950361745588527,0.14403855430246648,17.896660354305887,0.5796362801053715,0
0.05495164201783045,0.35894444498140865,21.740397414689404,0.4488204464684879,0
0.7068424663641022,0.6887371267508495,17.93148250936395,0.618340399763897,0
1.1931894383202353,0.2336652113603051,20.733854071638945,0.4433415874318919,0
0.0944409563009173,0.25022883900963006,19.784088375011425,0.5499091962094291,0
0.2891977847647296,0.6563746369180496,30.73729801874373,0.49364671373521307,1
0.6467518388601469,0.25500474289400954,21.909593560281323,0.334562848755653,0
0.9814318469116012,0.052153483321109737,24.91129597488353,0.4882983145331748,0
0.1523983058363112,0.37093529036746237,28.477902109459627,0.47125957193967344,1
0.5045198518227284,0.059401407258856245,31.445132983043734,0.024558461549764626,1
0.9091371707243693,0.7323442128720252,21.024181806449036,0.4950737983349391,0
0.4772746896673158,0.5313599181344157,19.184413354080384,0.19826846123953515,0
0.26716188354698484,0.4872606996659316,34.56906747511735,0.38843951896002094,1
0.2748202015060754,0.2011921331467723,21.40295089294994,0.09570602411938134,0
0.5215561049522434,0.5749596390714773,28.42136198361751,0.035655301069191264,1
0.6013296360267748,0.5579409827587594,28.556820813556087,0.030281401967387753,1
1.041086580488416,0.09534768044402371,25.28058891199082,0.1275722684135964,0
0.7885902813531925,0.7106348981079295,19.568948909691137,0.03352690449490311,0
0.8439622476928267,0.4845600221973541,17.829148419083523,0.11003024617869256,0
1.180435247266293,0.6443501607789577,24.740322898288625,0.40023805164410253,0
0.5236199563461198,0.24718555409663318,25.21859073422754,0.2921855254696373,0
0.5138575637364975,0.1415358498150906,30.46733513549595,0.6869087233616442,1
1.111849012884684,0.5768371798900884,29.19666887904387,0.5699121649476975,1
0.3327569250558174,0.6454120146913717,33.240825576717334,0.11980751305226871,1
0.8892875332482967,0.33952515021446855,34.41721123775263,0.3034167875535177,1
0.9177591089508548,0.06776920648723343,29.557026523990814,0.31306014166305807,1
0.16245619706225956,0.6636905184903985,16.53022497660507,0.26623940968687426,0
0.5884661165476216,0.20457042974783052,23.102366184342053,0.35700105085936457,0
0.2806468420197871,0.3042739564231161,27.176047396813658,0.4755146909029163,1
0.2631815637228585,0.5211732558328477,26.80390142899915,0.4558050066485639,0
0.5834023270323077,0.12496603940847704,18.628875716611965,0.2628274316108163,0
0.38284416363427465,0.10399682460384736,26.65889458901743,0.49943102374099535,1
0.9654695147697515,0.0692778286814557,21.993610157628883,0.21685007109113413,0
1.0937456250990547,0.7374798951795916,21.778536896874318,0.5881181340739385,0
0.9731286960816204,0.2835370582014917,31.680140106024723,0.6757729894195375,1
0.355935503514915,0.545494111337849,23.4386631733644,0.2204209250252487,0
0.3652545527418996,0.7919264367633067,25.547919081289052,0.5535882158838932,0
0.3429376026350875,0.5520880951714576,26.257457220689574,0.5731295466232544,0
0.2052938104646715,0.443821096892135,26.259935597032324,0.35371909468371765,0
1.1353681233192678,0.4406899501379289,19.26243027566744,0.07966817192407002,0
0.5123549678806297,0.3326878613416638,26.989067262980143,0.5546036852675131,0
0.30839289572775475,0.499834741966314,21.69247217888239,0.2970852019981135,0
1.02367170808448,0.7690935421592783,28.100405891923394,0.1614884673411914,0
0.509074598056459,0.6410330252737326,17.913951979314543,0.44612215814133,0
0.09038433277611657,0.36816996277492814,34.882311892673386,0.31711791186291965,1
0.23623280578707584,0.2993336217743999,30.44086582906791,0.07954926510252383,1
0.7851378914095954,0.7126486472173411,23.34502866968615,0.6888987477653608,0
0.9503410652974825,0.15183936921994534,21.027037017285657,0.1863700717660188,0
0.2925745467620199,0.6871889427232264,22.756040696356916,0.367456237726159,0
1.1050049276560634,0.24130757100674927,29.4241654554775,0.4737560179770961,1
1.028646688059989,0.5867219268319384,28.108155991691305,0.09826076779111025,1
1.025637867170243,0.6546654355811226,29.041850240011748,0.522798863825316,1
0.3118103188190962,0.4077473879476044,32.77998390903079,0.4608364042906053,1
0.10811638694756637,0.19421298210670573,24.12590452620819,0.35575197016862514,0
1.0475370704049711,0.6835758075967816,28.390422968953295,0.37926439433470305,0
0.40167026304935244,0.32563125878998606,23.830159099197367,0.6692606186594225,0
0.7617538383495548,0.2905101953618895,27.76196156239753,0.6394105293428954,0
0.9239619162558396,0.43251213676507966,24.49647273925894,0.09614866023247536,0
0.1975372472877882,0.37631468082793823,30.53327254675786,0.27075139608549237,1
0.9479641076969051,0.5622891627790432,15.105202465674662,0.3714045736033406,0
1.1292881778052257,0.15289835627949905,19.314219115795638,0.6455835752132114,0
0.8876312106083704,0.3767672405359047,20.928752503264892,0.5752630640287512,0
0.5574061607526418,0.7187763584189031,33.90789012502232,0.2828082380362016,1
1.0581798595644583,0.07704703207979409,25.140924259338355,0.6226230757472389,0
0.6565762745834428,0.3930037498649948,22.287037599962822,0.27714730102984386,0
0.9064865669892672,0.5453989747889076,23.086242312273438,0.20441119634693042,0
0.9935818354373946,0.715783315281489,24.036445668650725,0.4347269860591676,0
0.9117557909538568,0.4953396701998818,32.35660780227942,0.26201319327406625,1
0.381033107455377,0.6683632034294964,34.24671731360276,0.44323714074735815,1
0.18552048604170573,0.21701826421946485,31.88329279480461,0.2985851710307526,1
0.3240893087663691,0.31460707717089464,31.833135268378967,0.5611230149462797,1
0.6283061775274063,0.756599205446032,18.980302219109223,0.668931461894261,0
0.6310684606370602,0.7144813348195147,20.373561435245108,0.20381024163257164,0
0.7200410017117181,0.4684647370165284,26.92098361116198,0.3668068572861114,0
0.5043671131800744,0.4066162533461339,28.122748268826218,0.5126140560057602,0
0.9549250886675318,0.38830054359084387,19.054107468921625,0.12779298474086176,0
1.100126812899289,0.09409224617526203,29.925637454930346,0.5612161806926105,1
0.3337338115013919,0.7192828279674253,18.999271058391734,0.41642093391889057,0
0.8970017003571712,0.6636121313115017,20.260212931788285,0.1218235562602154,0
0.8296676304268014,0.39218835854590034,21.13591075963221,0.6103961190267795,0
0.6515540741712121,0.25957997953960504,31.919828329806343,0.31015685647755037,1
0.26680976895528424,0.3071904548198979,29.641677937417665,0.14010115522876115,1
0.9645170973701159,0.1423704394046671,25.61370871448363,0.15286952775028223,0
1.1547202284731575,0.5913423059792919,31.394985962697902,0.554144351841101,1
0.8801117820686555,0.4675023924161433,31.25856494671847,0.6562869891977852,1
1.105538996119594,0.22557756711867122,22.79666191897447,0.27720994713282154,0
1.1818130546901997,0.5172541790582673,30.628745749748397,0.0736030912089183,1
0.45485827537512385,0.784422660691231,19.12485544003315,0.08855969402862301,0
0.7839570858652875,0.14179635160713439,25.064576999110187,0.4650453862518186,0
0.5950226482837897,0.3938637579689958,17.364834607773407,0.2721111632009794,0
1.1846230588927145,0.420619115691595,23.53588971182516,0.30976941819513965,0
0.15787899760888363,0.17509791036785183,25.40731539534381,0.24919221714093842,0
0.5242311514418083,0.4486851582479861,16.598367158321405,0.3365662248729131,0
1.0568699012063216,0.5044829439110675,24.252255234634998,0.45761362795844396,0
0.3766590071054927,0.16800840411387147,28.03341085920266,0.3879746314552544,1
0.9559617782347036,0.1660429242566573,27.281764694894758,0.13168416842300473,1
0.490200637197294,0.6922615367253171,16.08707775782114,0.3540762833217867,0
1.176975320873682,0.28354057750253364,16.90679371816402,0.3332168801923122,0
1.0660593118872637,0.5227500403089732,22.02712491910282,0.39110132867647585,0
0.3965184113120076,0.5200798067564106,31.853714458322113,0.09525562110746102,1
0.9357220805685333,0.6793781566869763,32.39512106334725,0.12439844366905993,1
0.43738502540825897,0.6049209734236426,21.19225739415852,0.38056604111340386,0
0.7473172662478653,0.6804323250787084,29.37784170482913,0.20729582893375065,1
0.8072528836522858,0.5189110922379992,26.54781184703286,0.44774154832371593,0
1.0040347204485607,0.3870928703854955,34.66844517518865,0.27347094022182894,1
0.07811846701431711,0.34517489098480597,16.892878245793835,0.1700996284124963,0
0.3031815748251446,0.3342723249960769,25.957614844805097,0.46634845606258324,0
0.8687054821768655,0.36379482343186836,26.850752977425074,0.28785721535690983,0
0.6980517225149679,0.14698193911532775,21.15337141902232,0.1271764799466127,0
0.6199458399313146,0.36796877825237523,15.939064949829415,0.5699901059037972,0
0.11349145021417752,0.34208368040196585,16.042090713756522,0.3135959241196178,0
0.4505172659806746,0.0759287474886736,24.072361084012762,0.6422478310113976,0
1.0448652666972456,0.256348066494755,28.849475788878383,0.15151263139047366,1
0.08552676259143702,0.6139302310551626,29.003515716062548,0.6159181595324017,1
0.5059016706695338,0.483459178557219,18.619396994436485,0.574818780075367,0
1.1369205308213886,0.6546256225670226,32.15944282011573,0.09066276037999697,1
0.10851284472676681,0.45701603328557366,22.5432485193949,0.3815432946422158,0
0.9121616137013323,0.6905628241064506,34.28735803944836,0.4645043448995838,1
0.34625450860934187,0.6470503247012875,17.363192688512736,0.3569278924145334,0
1.0466001569767232,0.12371342760668534,31.729093972709638,0.2853788972464363,1
0.9079781758032698,0.7827547760119944,33.166763064908956,0.6618126466073184,1
1.0685609464871173,0.06106058517599659,31.453510522874627,0.49655818462470924,1
0.2983135089959559,0.4976285284472139,31.176822823993678,0.6767915167438538,1
0.6609866680413957,0.6443836319875718,22.2262003080989,0.5954366113801702,0
0.9461604351110208,0.29892060488817757,29.266862134419462,0.5756493507869859,1
0.3325547044442281,0.4989273442228684,26.586931320226007,0.5134299574040065,0
0.3153582510572995,0.3215918981355862,23.48958262862437,0.4593338846587814,0
0.08125945352222277,0.09546123125562643,34.862233921073596,0.623066221956406,1
1.15229258807177,0.05634613931699818,20.8090943629024,0.437118645410883,0
0.8665194120628169,0.12114652258339124,23.262880443755684,0.0711961126291303,0
0.7808944071117125,0.1238071955900351,33.05722074676235,0.416143192915445,1
0.9055939310992395,0.5081673330453125,20.78016558192548,0.08992790307900679,0
0.6613548564997552,0.44439892322188496,18.053622842570757,0.66552472768325,0
0.5975538942539719,0.39159747512985654,21.1999949933897,0.45973490374887466,0
0.566962077292049,0.5689411067018132,30.186233542035822,0.39783947272108255,1
0.7865050939191874,0.0626196027593363,32.19708019404532,0.15451837025849965,1
0.28176522170124063,0.2532376110617982,17.28889975244722,0.37072159391485066,0
1.0712674992671,0.633044548465721,27.43425362149653,0.2529210826039527,0
0.9835152269021549,0.732482829887839,26.34573811189486,0.4792625942458758,0
0.4519981531698389,0.3787524471781862,28.375955710267302,0.4309986622723629,1
0.715400691334403,0.11111298510384977,28.421127422535918,0.35952882120479984,1
0.2121813949425168,0.649046554421366,34.18934940533057,0.19186388098215856,1
1.1681981851236376,0.7138778249545502,21.930584168534786,0.3775053286727626,0
1.088326590774826,0.36024520302028956,20.995338434715578,0.33395388230675277,0
1.1101821324740804,0.23251644044020775,26.624505716436502,0.5988607966743814,0
0.4319875048589693,0.08297875116720897,23.588369184773235,0.6281493921266937,0
0.24450491349028408,0.493312116421142,24.475085446251565,0.5362894247937183,0
0.29353798798625685,0.7324021179218745,16.385539870089858,0.2373551704963714,0
0.15350159970185334,0.5584160191402443,17.96484353907186,0.045900867084344495,0
0.18812722461659198,0.28793644842105076,33.707498731857235,0.6492284522858374,1
0.1320002143125722,0.5321662432174752,16.365829033402434,0.6945683311278951,0
1.1882965295856045,0.6740513055860191,26.802911853612414,0.10637411837930545,0
0.1351663358744346,0.40687254451209337,30.091500580357803,0.48621889617257763,1
0.20242339309412566,0.664811367498379,15.23727056881655,0.30909964413300983,0
1.0013427849293468,0.3439322574997656,19.454962958667696,0.12099387529057404,0
0.7172762492543846,0.311379258946828,22.541440616987735,0.6987088914565855,0
0.9405797852547322,0.4872414694089155,25.13634894137337,0.6545956210340064,0
0.7755488089385533,0.39851481327086097,21.83190589511321,0.6881740358722452,0
1.0645013308782902,0.7828339403458124,27.979985162981002,0.11784945297169865,1
0.7842376569294517,0.43729206764613104,19.527950345014254,0.3545086772196363,0
0.6504438568386235,0.33887902168701617,15.50965872858038,0.6291264310585275,0
0.8696621478254947,0.34620015734640214,15.031421016365083,0.4791077431297477,0
0.5645016645609259,0.46095496295983746,21.910240238992685,0.3155292262382769,0
0.44797339634044486,0.3161840285061465,22.233255983884945,0.37135208379811285,0
0.5878003203177443,0.5921799514737021,33.972082347730876,0.04624909119671823,1
0.24517122086334475,0.33549719577623066,15.895614250404726,0.43583168023371865,0
0.9660574892730951,0.3381082898939323,25.60130120270362,0.6046065513561781,0
0.3498093485363363,0.5127299370326035,26.556266285276926,0.021899666048071694,0
0.22656127828760458,0.09563515452200748,28.98550023795439,0.12877598080045233,1
0.3333050780507108,0.5415161885863596,27.77469200281321,0.37223328296361863,1
1.0183806745380757,0.42872916286901536,15.162789874478857,0.4014557416941887,0
0.429731489937391,0.3897695857149812,27.637153468180234,0.25347959471316966,0
0.8389573499317852,0.5894397430309636,21.447758793994645,0.03899544639628774,0
1.0348710752541002,0.6186918365036458,30.45737922695604,0.5256480649738904,1
0.13940636696379843,0.6846956475593445,18.76730772271398,0.18518908040669718,0
0.9297780659547493,0.33110234061308547,29.324113039543587,0.4583125652925449,1
0.4038152863358845,0.2952782691900358,27.50990667378122,0.4002197839328001,1
0.29911571881164906,0.5857565761208896,28.0458177065495,0.3129698960727493,1
0.842236670320918,0.4863536443553344,18.518953741751083,0.42139686222928824,0
1.0962661161432188,0.5238511597638625,28.383480026649245,0.49262634590005006,0
0.38927209001925467,0.4666421803293765,29.739568172838297,0.4091261362032541,1
0.7041588761919669,0.629519767402891,24.788205224756112,0.3991172938298239,0
0.3833092309269152,0.19253066636911487,21.807313659750903,0.3165328678628189,0
0.6874284235853921,0.46678409955604755,18.331096985763516,0.31242347528103837,0
0.7651413352524916,0.16857634170772234,20.799210502214812,0.35385686982000136,0
0.7518856971087068,0.3554389544682439,30.27656724905042,0.32741298026610705,1
0.7670783250891577,0.5479953675620561,23.188014490925113,0.31853671732876965,0
0.20534176105015267,0.4198037062356278,29.05426483986515,0.16305164842308117,1
0.8475715400247275,0.3346936525041359,29.801826499969735,0.5128897863177869,1
0.8259629098372567,0.7137275010617046,28.483404482485792,0.11040767885846299,1
0.8349763405494156,0.6296192858731089,28.47076847365897,0.6379230874144596,1
0.13518113564951229,0.44471808875028124,27.216164086521033,0.4448954233250679,1
0.5638646687762755,0.7625398667566159,25.36843957427427,0.05325246180382685,0
0.5203904018525891,0.3682739670762454,18.956333737405394,0.46811911582881277,0
0.14971820618967902,0.6410546956910795,31.856067738437005,0.2658296978239557,1
0.30572311708133226,0.17595217985106343,34.28528344975191,0.6522400941788388,1
0.5571070265677422,0.26434435783294774,24.329681312003327,0.6565313308130014,0
0.9043422563367945,0.30356418600046614,33.66477511769311,0.5952312996599356,1
0.32262138853236266,0.12936556452839248,34.95989075446567,0.4061372533422874,1
1.0042123966436483,0.4263536113070509,24.723918251716412,0.6450408300875436,0
0.6776680286003829,0.19419510059487177,29.487107474999362,0.4618695685695439,1
0.9244849379623101,0.5256394170872439,27.875806765010452,0.6150877577203551,0
0.5934393808373857,0.19256926967976373,19.745296320014944,0.1288361755043768,0
0.6240733592355568,0.1426296930044565,15.941788875086376,0.6348426131332185,0
0.7626772977865862,0.7768150456991935,24.067106223489137,0.4698816723045178,0
1.1171661993906978,0.5436802293583297,30.744099947925445,0.22622626773433163,1
0.6155844686248465,0.7523381860313665,21.50269325379394,0.6985131984830121,0
0.6579561688245346,0.417415843994924,30.688774423863688,0.4870810978010417,1
0.7422965080566589,0.07505184729753069,28.09603363925911,0.6377229194540955,1
0.8981424078923846,0.48077837782358296,28.910827036351744,0.023798154264371884,1
0.13262788580916945,0.46874666512678137,20.7148177675478,0.39559011849344633,0
0.6430405543002679,0.06123170445244548,24.40094765686094,0.5045221840294379,0
0.60383032758695,0.6959315333013738,18.634076000504344,0.029341084600723752,0
1.109937731873206,0.5149780104623185,19.93161056159453,0.5385402730835378,0
0.6175325675017923,0.6085183770321096,16.797000861848304,0.46298477135399985,0
0.5885686148984807,0.42044082961813595,17.53546812592416,0.20683656444303353,0
1.1565299868149073,0.5138018284311973,19.21026958591673,0.488482563516469,0
0.5681629331410137,0.24310241992139314,26.60468422751674,0.1090127065179218,0
0.25801709487040386,0.7803183258264854,23.824222390952798,0.5803452951627884,0
0.29945354122665657,0.35054000566074883,20.33879025131124,0.6090330797357827,0
0.15946566908752025,0.1717449660032218,32.22224893795378,0.3501243125893781,1
0.05065334864778612,0.0919365637809705,25.502953826839722,0.3650606742048586,1
0.5467375101505542,0.5271289498140284,33.46218947271588,0.293396965389119,1
0.9346289684929546,0.7875348883823419,27.699299245551355,0.2548271099385839,0
0.8934864092198113,0.7218458726347112,15.315751930574333,0.6135708296203444,0
0.08697145097327773,0.5765784256148102,33.269513820313904,0.22731375953552688,1
0.7054803391331379,0.7929484467446457,32.14926671361653,0.29393800806098636,1
0.2274255942254974,0.5921211965315799,27.705424455617983,0.22394308158226836,1
1.1322377274794018,0.30443834255104696,25.69547111461636,0.46656467733905393,0
0.24246974959080614,0.5009135997951298,24.0585214663717,0.5736684651558761,0
0.7706351003521038,0.10982498186417115,24.643496915336634,0.13174836232201606,0
0.42517411648866527,0.21626186766690564,30.384412816846996,0.1932249108087576,1
0.7877955248590051,0.3631551769463692,25.262832047173717,0.09079324179954604,0
0.5240973859336864,0.20136387017228397,18.52049397404881,0.12892509077828665,0
0.9235895101523539,0.765125761121128,16.163551343459854,0.2966795046298863,0
0.3152809941270365,0.7966981450584871,17.52372552573025,0.5475958770022145,0
1.0916606308513992,0.3282019400912491,20.028822176747724,0.3883001957788621,0
0.6252410967103549,0.581921739557899,22.354682428794135,0.0562278689632711,0
0.9195071198697807,0.3558280479974304,32.848320243504176,0.4450589897851052,1
1.027189720111411,0.15463190328965482,19.78174464399336,0.5608068348440576,0
1.1986529025980257,0.3026951357765814,21.391971160050694,0.28755810507206286,0
0.3075375154330519,0.22502877403674743,19.460290790535478,0.1866085689330732,0
0.37992627559797304,0.2960586653055648,25.914836374122668,0.5394776551740196,0
0.33799804974167147,0.21126626629828738,27.341733925889738,0.03625624249342932,1
0.35230203198375,0.13425883929368482,25.642550637943213,0.5746018966026988,0
0.719811452770284,0.21307132202180967,34.0371330243388,0.5668965154500558,1
1.1925509016177194,0.7293177738723822,34.90756035308249,0.6238304328720612,1
1.1888198001566677,0.11391625683239655,31.747919796111265,0.08084635962406475,1
0.6557892160666539,0.29356748281642586,31.105922897806046,0.09327576769514492,1
0.7848812918043748,0.44633742087697653,22.32105553499217,0.6134719202704575,0
1.0389661252568467,0.3158844921337676,26.59567012323997,0.3431786816702952,0
1.122873477221531,0.4382053212641654,22.029448378977705,0.2867901850393882,0
0.2844397214289755,0.08256504517576548,30.687116923474786,0.40983962428864873,1
0.6578229882838208,0.5364272250232833,18.43662278183672,0.05983648770637923,0
1.007762612860739,0.4726091011670452,19.33343428589286,0.45772699552933493,0
0.39868238812978035,0.5607246993910187,15.773881417406177,0.6626565444407906,0
0.5557803988525367,0.47544336187042774,27.17879346675985,0.4794895280335952,0
1.1834642667388091,0.3784276868192474,28.77076517577914,0.3358838763702448,1
1.1828037012290016,0.31260615672056186,15.067245724627575,0.6733990722558122,0
1.0920228323799588,0.21982639257483216,25.21571527988501,0.4881911614543211,0
0.9682155965522662,0.4250507951049594,22.53749076979548,0.058733096282845204,0
0.35950007583122656,0.06953933928313023,30.84761563637535,0.4756316416329294,1
0.4189775851772655,0.29618062107449433,15.777814919972869,0.06059318667200095,0
0.6793752673856059,0.5584042201733971,15.971313776361571,0.2289163202971782,0
0.6948939807463139,0.13153777976476944,27.4041819745176,0.4386647666738478,1
0.631328242260627,0.09716843173964644,26.83277709159528,0.16661889100706712,1
0.782170821903752,0.539133953968524,31.621800459960205,0.045968645524123386,1
0.5195714760279371,0.34833104085676264,26.845337783147222,0.44020850837032305,0
0.9115502809128628,0.6513687774120358,33.987416571830025,0.2143829523604475,1
0.4335824154501086,0.752983477978493,21.287692844688443,0.3824156725506548,0
0.4302785464883054,0.7677803402994328,22.958428128096003,0.1975789936551423,0
0.1963098561756022,0.3691946404206344,34.55349333005833,0.4867716159115923,1
0.2670190415332571,0.24824541820627422,17.150484867435562,0.6290769459885988,0
1.0280990107595611,0.5064603040568586,30.918097063925593,0.0788640659010365,1
0.5632246893675078,0.5211446944461773,15.231374293208805,0.5546967061092358,0
0.31204795453575884,0.5167587020569225,24.730264988067045,0.12614463748183735,0
0.9232422650257455,0.29133396028916086,18.06804674737349,0.24399865528193154,0
0.6870782946893883,0.09781380231297727,26.977234074561302,0.26300840116097063,0
0.07432941313678751,0.20750362911919923,30.96339939415656,0.1602907925324174,1
0.4138156759372224,0.1658145710166753,15.660846047013745,0.07115935178686549,0
0.2535516227895422,0.14292525933748268,18.275454531834903,0.5425708065787127,0
0.8042537901302667,0.7447124908036798,21.85220762323805,0.5596667267058274,0
0.3662856967247907,0.06038573448047595,20.115979317113478,0.6978466374570561,0
0.12468879609143517,0.5013933044272413,22.6643977961251,0.6555308893168224,0
0.11317523757731965,0.7606053468051026,34.03736599634904,0.3155568479016792,1
0.7189863926525222,0.3200398456205959,17.02412254880481,0.11070384988840583,0
0.07498197405970307,0.4453235668793469,23.46564217331544,0.027276005453277134,0
1.026110930106502,0.5718377476063697,24.141827432151658,0.38143192617806215,0
0.22870668714586695,0.28787727099367916,20.606841036583255,0.6051851593663365,0
0.7475512854747443,0.40823899078043685,20.570131153751394,0.20217454291475384,0
0.5613912322123575,0.662827137749564,29.295043234986412,0.155280130231887,1
0.5592792494166879,0.6090167489601976,27.356876853019653,0.31848829280415913,0
0.13256671371405274,0.6563370586196305,31.256640394663062,0.6276023046475193,1
0.973165087744048,0.790505122720742,23.101464449561043,0.32713820560390233,0
1.0770103574662404,0.3277456062021343,27.13422053959346,0.5114447760784457,0
0.06266916749186273,0.6103184472018299,32.87176281365169,0.33451782291879145,1
0.25539480205168535,0.5020884253264872,32.02656943432771,0.27361203938120204,1
1.0894898171148006,0.5499535754158973,33.400467849999174,0.31982019705737685,1
0.6819176547200668,0.6049054286247009,20.3795004505645,0.5425123622178979,0
0.22254551498544162,0.6122984877097362,34.708423690642405,0.5329961179970466,1
0.28320902050053265,0.7143088619711148,31.32779830942833,0.3135955614584722,1
0.8089841808726813,0.31199125642704156,30.896156120826067,0.2019798492914925,1
0.883539345583904,0.5401110170839329,28.351572019173187,0.11460638657694676,1
0.7393408298669255,0.2602178236976419,34.665359467441306,0.020931392175157566,1
1.1461206368994046,0.4959265288377313,23.831264560929608,0.097015156489837,0
0.6181731442110436,0.613381355128946,29.830786095248214,0.13196558033049063,1
0.39531269896390564,0.6432508146212303,28.97622575977043,0.48915769786714025,1
0.598817846472166,0.36509337724184204,29.64177812894131,0.576182796311554,1
0.46361623771660254,0.4315401674010198,30.029296283385136,0.5211230530372221,1
0.3080782765758892,0.3003873883776296,18.815117822424266,0.5117982816976016,0
0.10285773674116108,0.17677725990472287,21.981029394048047,0.6961380180124008,1
0.45504436759989275,0.24538805389439916,22.8450799165181,0.6745664627382736,0
0.8681207498662036,0.7341027536748683,29.959996279599242,0.20281609268788087,1
0.07120347330647288,0.28172715680698696,29.324959514386087,0.11866850969288256,1
0.5550552901868249,0.7810695001592076,31.667324104714385,0.12424280179626797,1
0.7906108116673487,0.23110856391153628,30.770383157806723,0.6290125360836722,1
0.7519647255504532,0.5923033156107836,26.920677587788216,0.08959585660993324,0
0.9431457012720232,0.4804274701788767,17.79896972974885,0.25129803483936586,0
0.9820976730087672,0.572652537143599,27.709105184647303,0.38063563932632927,0
0.868461694057296,0.5329684599568858,32.74118567274958,0.4371463425045675,1
0.16821735056646184,0.580061437698192,27.863487267794625,0.4250981937141148,1
0.5962758106050148,0.7291602863265942,32.91252857155483,0.5547572510551488,1
0.7439168511107499,0.4726021220468611,34.98106036273799,0.40875141920908153,1
0.33240094463086933,0.10088658717799641,22.184044660470658,0.5987116467453705,0
0.09893459029379298,0.2531190758351747,29.46579388695702,0.07754855236908566,1
0.3071288690074539,0.5811642353065729,25.799172652010107,0.6040965084208979,0
0.5731285619925347,0.420555970981755,24.09943601416331,0.42120214932836236,0
0.526019866912791,0.46141398696476515,19.797341573849224,0.1715941447782383,0
0.25316702852623585,0.49743534153521857,19.91829191991862,0.6848653683145492,0
0.9980778740860167,0.33697195473842745,18.69944573519942,0.6590193061356042,0
1.1145396690472331,0.6304216438158914,27.62967012997883,0.5950935587381238,0
0.28155056691062247,0.5926511629224114,17.84106193286206,0.6398853722171605,0
1.1190088529023048,0.5857245591448355,23.627729396341017,0.27985637031080846,0
0.07054010305145794,0.5864826305262085,25.466664785443882,0.17490731326572082,0
1.113706843612987,0.7177685012406859,23.764689543779397,0.14437462592827768,0
1.144718108593044,0.4965445845824558,32.09859026947833,0.6141567785874237,1
0.06385964246831398,0.7753041496227188,23.863387195877205,0.582109317252739,0
0.9274721912932603,0.13939451329297842,16.65664185928605,0.6870381006677574,0
1.1657318084553199,0.5239692324453983,34.84399082345294,0.5968114289887859,1
1.091787551640445,0.5876949094518467,31.899671821204254,0.4500088214700133,1
1.1663166853756448,0.40791530821576966,28.200869708119995,0.11675159059265403,1
0.6828720315522853,0.26615628984270234,30.12647241617215,0.13209632608087665,1
0.13987956086819653,0.4625280895333243,17.563813995096883,0.3421156782215355,0
1.0272575774757915,0.323560760218027,30.318295882063495,0.5421009611781685,1
0.7559024941803633,0.7318430533008624,19.154978834241902,0.13782726532087147,0
0.7569472558165324,0.31759430939994115,24.779522591479513,0.6425519053916197,0
0.5298416513374891,0.1817802445265968,18.55965578648567,0.484977696731062,0
0.7076182729992755,0.4822918551240896,30.075699286643836,0.23237018150356525,1
0.2266167459490317,0.34699444353527703,19.91867761024894,0.6223165226691741,0
0.9007355305510728,0.12192360860063077,20.064168369833855,0.4270686503630397,0
0.13626990345427367,0.47363176324843126,17.18444698680598,0.5185477677770859,0
0.8892478821003608,0.453384808374276,29.412129139277432,0.2821007002537792,1
1.026325186018582,0.17989781497489632,20.916892615617556,0.2876143667330627,0
0.5933389791991615,0.49822862671988216,25.365600264039347,0.02857994792739986,0
0.6363049209656068,0.4755192303931168,21.644871147340787,0.38577337547340634,0
0.40904641386039,0.6302094672811933,30.494025176444666,0.5373418279670293,1
1.1648773712844256,0.3211774473819758,19.529673129880024,0.6788006692388906,0
0.8930931457434771,0.23656964274772946,33.816690000927835,0.6267142489616015,1
0.4743368362953967,0.7634149152280817,21.426799497794153,0.07915394211987337,0
0.2510284941679558,0.47091314208709106,17.077032425815013,0.6867536818426297,0
0.302516531032405,0.07035496916313523,19.80610465629865,0.12164686852057836,1
0.5835106290265576,0.6655337630838074,16.478818581343504,0.04795772290661646,0
1.1339536603614886,0.19756854568920557,24.374774619848495,0.5292722881183932,0
0.8942682976250558,0.6395272382343826,20.00502441446938,0.6360027862238228,0
0.2975303104060223,0.5788718203669736,32.720920888897524,0.6658523760971289,1
1.0384953034317326,0.776610293197368,25.34257240440293,0.5809837532810241,0
0.4849306014611332,0.7741844761958947,19.667368974585727,0.1593362266837387,0
1.0294805101653963,0.25580796849181997,24.02540659809883,0.12472198185619951,0
0.3279545376783006,0.6248371859175639,18.919885442808486,0.060098564748587935,0
0.7614597037267652,0.28764131433494294,18.57458751849837,0.4157389743280037,0
1.1156710612934742,0.5218984541221957,21.01312940266888,0.3513103997908679,0
0.34657811051996323,0.49830956371594487,17.166029295378934,0.09431285373673264,0
0.8468655791737332,0.0909076367158735,18.772950738217812,0.33608244069666277,0
1.1854095129507154,0.05388631237651818,33.76093745990843,0.4057800415634512,1
0.223188030329454,0.09332301094610713,28.336052693949238,0.5116091575871389,1
0.15166263430577556,0.14595653564880584,33.42205326914531,0.3016543476227261,1
0.8253244713115386,0.24323936851083028,20.136938829355675,0.23647966401333895,0
0.4406963399113849,0.7302164174319219,32.14026671601847,0.4726618547448082,1
0.1319311489715798,0.43897450651001474,22.245456137079678,0.48527207727097077,0
0.5966014605661448,0.6476688041305916,17.88389962244971,0.20389141853547668,0
0.9168362815905491,0.6787338140804061,31.094142000083938,0.03347969592124615,1
0.37789076047746706,0.6012073239429059,16.193002637255002,0.6630695874249132,0
0.4353039091309049,0.34353884331542894,23.097056778699326,0.5335947563922371,0
1.0225543107440178,0.6978945453807371,31.38629337023287,0.15675094743508067,1
0.6480826991007113,0.6065373149906905,27.343698508930185,0.4046526426758282,0
1.0191417641274427,0.6073635825537894,25.361313907993864,0.4245643208597272,0
0.5633479159652659,0.726180745374177,22.072678430071615,0.10567226975706187,0
1.145921435794119,0.49899760434326274,16.501116607760405,0.15032681939089956,0
0.7984137781753973,0.44643082247163246,34.81943972071797,0.6705604311953758,1
0.18328369511713682,0.7176219181978065,18.495474534500968,0.3654473848142104,0
1.0678569364608208,0.39084629612314764,20.106169499520874,0.15018070918756368,0
0.6126549694554174,0.6586780220216322,19.718315249892356,0.5623508327839257,0
0.21288481316884073,0.0903847703336058,33.15882813371407,0.3399898457227615,1
0.2255936539176338,0.0509674583422416,30.273767854470606,0.4541202166254317,1
0.8406640253763525,0.4462193672032676,24.146595988786732,0.22230104287423363,0
0.10447838273891324,0.10520892036228517,34.10846067903718,0.05937478681427075,1
0.37958282965088525,0.7824072600897978,16.055667615728836,0.13216207202355007,0
0.21075572904034834,0.05412588052984908,32.87340762443304,0.6816650941392698,1
0.5572390440598769,0.5886122273739849,16.208546713763184,0.44404013636318646,0
0.5265068377935155,0.2325385218396655,22.822613918691275,0.5851379350305957,0
0.6501578998921843,0.7756640039540422,16.080097567529794,0.034633299388197064,0
0.37158177846790974,0.3361562379709221,34.97937983515371,0.5405145007849695,1
0.08685012778490378,0.07046256969789887,33.287790050012035,0.3497674052484674,1
0.7565440225154636,0.07020182405658705,26.695979104924625,0.47240935627241415,0
0.47977570331470404,0.46503002879351646,19.35689147996491,0.26357942743172685,0
0.7990352485510533,0.7900339842734609,20.535554503949385,0.4421908022368454,0
0.17496701642490872,0.7848301512842896,23.990867321142407,0.04422144209567544,0
0.06584395858815788,0.3029547292169493,21.455603649846914,0.05100032452496335,1
0.33553838506808664,0.4120277368916727,15.426278108698813,0.5632087587355005,0
0.57502942144316,0.1253418543483621,28.12512016234269,0.10463638210429933,1
0.5031827702937374,0.44163264199379876,27.268558081866026,0.02950907551857286,0
0.9818479385644864,0.4997761992862048,33.08621406437682,0.6404704129529242,1
0.4845132908217475,0.2382962492084908,24.53708080210901,0.2005615986656054,0
0.6600073565435407,0.5090858269363804,21.894179235967755,0.41601987104157806,0
0.732542931308521,0.7247695637721905,25.230343658355338,0.5904635399661832,0
0.07510610039268334,0.0507165000676104,18.893899817916793,0.5272168140092914,1
0.6424033833731173,0.22170033073095835,27.510807036495727,0.05170691815143465,1
0.44655594830866346,0.2074396724929536,30.40065765580323,0.40144511658401344,1
0.5344721468357428,0.14291465227537026,18.069234267513842,0.3884225496248989,0
0.1653305082695378,0.17457590955282642,21.367664352706583,0.2580545211831142,0
0.950243650495942,0.5194344090240408,32.35601958732798,0.532422827330479,1
1.1337648884298008,0.127020792612982,25.110634972676436,0.6755238474233533,0
0.07560914372404001,0.6038987067655412,25.636732933550935,0.12008692467642153,0
0.74157867723305,0.7152669429187876,29.44816394106703,0.11875232254616627,1
0.9284206773816117,0.7449407931337768,26.55785630442653,0.5196204932333909,0
0.3775287269473728,0.5451318607397757,16.391595361476384,0.3290031589130692,0
0.9556889225926992,0.19804730797521203,31.079234237260714,0.5607488727942069,1
0.7772083083812464,0.11397243165493091,33.45672074496936,0.11593277456000801,1
1.1185370271117305,0.2240187153552497,16.065544659816243,0.04710313001670287,0
1.1781555330568387,0.771467889338782,17.42499512915102,0.49459517089911587,0
0.09869803109851052,0.7717589013130342,29.03950404414961,0.696403516008795,1
0.5616784251810572,0.33643916293875653,27.08947865029051,0.08446278300107639,0
0.6790359557149509,0.29434365582316296,22.650339979434918,0.6077497648263195,0
0.21875471818880032,0.43250793669429904,25.784972978807428,0.281997023725922,0
0.43672870499146593,0.2687660686005505,29.066771360021175,0.03141689079931287,1
1.1857945649199308,0.7847468387416725,25.089529237618585,0.3668148192204233,0
0.06866502479384216,0.21591604251843305,17.803766492712985,0.2096208608448775,1
0.5703841212530417,0.3268570116370764,16.788720582665803,0.49151413623372253,0
1.0190528149759255,0.37202815677513373,23.777174703767635,0.21572482325586248,0
0.42248645212718167,0.1437980173108716,33.457695156976676,0.34755608393447135,1
0.6017682781684264,0.33711862007759735,26.155583494169875,0.15638437091404866,0
1.174752607656177,0.6925480400764801,22.16440138035698,0.583109195469621,0
0.5961083619470595,0.15527075109256883,33.17412339042071,0.6492933940703134,1
0.2005595089684739,0.4880164631196404,22.77264312357876,0.2942683128671954,0
0.10947971541634971,0.3549778535450126,25.182929618687503,0.32523842214622806,0
1.1372290583059408,0.17790254458809107,17.329986612574423,0.6882248977838417,0
0.3556808252663255,0.05925212333690437,29.74801891038762,0.11663852417277111,1
0.6296734925492335,0.25500747761742515,29.006059142874314,0.5698612699212262,1
0.15430703100346388,0.09637172052350144,30.88487985718658,0.40574945197816403,1
0.5372033886331958,0.3325763534725514,21.50382626855527,0.6188994062148477,0
1.1196213471376426,0.6576573917745093,23.72106438132384,0.21885141048230008,0
0.6277749426755791,0.5897639456582093,18.366834230543965,0.22138741702983342,0
1.166805424572677,0.7605377837763252,34.29009752192999,0.24155756467767675,1
0.34766098282300956,0.37026156300280183,16.721546948157652,0.03130913597960967,0
0.6302270256595277,0.5808510489438896,27.980266073496146,0.1355271713730796,0
1.038460410580724,0.5490062915765153,29.105147891303723,0.696318915961481,1
0.5654902077368054,0.2127847273686947,18.154729473019593,0.1892850301730741,0
0.371410479605718,0.2776868789244939,22.306464116609796,0.03354362647723459,0
1.033796667930564,0.4473721500483202,15.862531335249665,0.20940741354617703,0
0.4983728892035003,0.6474929892544414,26.13216515173282,0.29770531422951896,0
0.6603317847192692,0.3963595508471994,34.89876285647249,0.39249534991202084,1
1.1730061263774174,0.22080615213164545,23.597699136443175,0.06662489350848996,0
0.2644557889692435,0.7950992677102774,34.80016440745873,0.5574916653992409,1
0.3966107322282135,0.13668410476525134,17.52450847617925,0.5813408623739992,0
0.08573004008031593,0.7669166806184959,22.849086865355915,0.1649491936327569,0
0.5006133663965606,0.6567847163228666,33.03929940096944,0.5629243679997854,1
0.2802109451725885,0.6791701394808889,32.53390963314944,0.26577029706005445,1
0.8320401757190751,0.6461881873186246,21.471831557395685,0.3077149209601914,0
0.2585196775807302,0.20612820597846648,28.57221167536663,0.6567440129335312,1
0.8260346652667502,0.5244367830464314,32.72320343115581,0.6264949858528116,1
0.3529967424177153,0.6175623593381989,30.337549323064554,0.27507528496953254,1
0.4585005092393797,0.6092643440762386,27.56952393865835,0.35191500789136976,0
0.4511897498533571,0.2536740279080582,18.051512291200453,0.21483617586243486,0
0.8742645126881508,0.18583954082276105,16.46005385141127,0.37049529567709,0
0.5864856526090946,0.2960922379359119,27.292443596331218,0.48369737392776124,0
0.4654937336805855,0.40988336028304384,25.00551331378216,0.08301403414742943,0
1.0305161268953673,0.4803355602977574,19.760733194629687,0.645491965799469,0
0.7077432194873831,0.6777127717393704,20.855395899180493,0.5088342983383822,0
0.29590544446969747,0.6267756707784621,22.8417435440282,0.08579182454986906,0
1.085104969865235,0.5571128942498871,24.910417042450113,0.6109125145456129,0
0.44404784043868667,0.24761696970707042,22.805179381768248,0.5257043490451259,0
0.09482628416791845,0.4091603742012075,22.745833441719334,0.23292623544626914,0
0.6187902575706209,0.3015769055959708,17.314656226227058,0.374574500042557,0
0.19252876260700946,0.22619613466290062,32.31180836510686,0.6048888482489728,1
0.3242364102731039,0.05768402028760959,27.183081635561884,0.6783254237013895,1
0.9091775035905227,0.304596477928018,17.922043692040237,0.21113262924439,0
0.20036458538276636,0.24208720078596613,23.477488057558716,0.4623795639825807,0
0.977985858007141,0.47892674522511247,23.33431824059091,0.6049679083150773,0
1.1274433813505966,0.09672632771278415,27.012417569782453,0.6919534572132026,0
0.7475119154691364,0.25288969753265084,27.17739235698663,0.06808857227949225,1
0.8669130708262537,0.08357711749131151,27.904442739595247,0.3624629367581633,1
0.87062460139353,0.531063428385077,28.958061146876148,0.6140927180508478,1
1.1917291508610115,0.4761421689264686,17.067080922580327,0.02214752452367919,0
0.44276900153186627,0.3031100173058549,21.09844401145624,0.31731994933170127,0
0.23728503392910782,0.16050095032665784,15.346956383453447,0.4172551324013502,0
0.6470423201514697,0.7684398745765514,24.092830241607658,0.3780134098184977,0
0.6632372813064644,0.48829433554146,23.588601556605745,0.5182854267072887,0
0.2545993615405661,0.559335024929051,29.686538603589575,0.06455501912870706,1
0.7550758318432604,0.4485115649520889,18.342338932157222,0.5540833720383733,0
0.06624344349834757,0.6548999357346539,27.629889142510216,0.2125559645707687,1
1.1168186628223546,0.722285037161091,21.133883958603043,0.5804759828362898,0
0.35426041949445086,0.3370329076982223,22.638329496193982,0.30525179020989607,0
0.09549423964872059,0.567518984172958,29.385737247429084,0.04918464242603755,1
0.1744868576960856,0.2224156134097977,16.430960971471507,0.6754620406565393,0
0.3262862905215879,0.5388912853715289,21.85565777862325,0.5507735175379918,0
0.364992093896952,0.34936672248241446,22.82646460279304,0.25651490195199755,0
0.08773149942238798,0.05508619955097872,29.314986237033374,0.20361861038848691,1
0.3712580340227885,0.7666459013169655,18.984488301414014,0.42049533534603684,0
0.2718829969675044,0.7013311591540392,33.94825987380926,0.6913603299202596,1
0.4854140665496963,0.2681274127595213,34.95523905588316,0.21731344044222842,1
0.4929428979593645,0.7983179856746454,31.378202816401107,0.6648243593873839,1
0.4398589016933109,0.2878457559174006,20.99425002927056,0.2446632413406405,0
0.42711246606030956,0.39413313984430604,28.277333081457094,0.4987864803753039,1
0.1531909694024389,0.6884442696308128,16.66296063395866,0.27957936329858707,0
0.0789856891950865,0.27844726349603066,32.425586314130214,0.07783551232588115,1
0.28243144517993657,0.38790521329062505,25.319857425205473,0.6566087686170364,0
0.9201468415291076,0.5491903753424416,18.528783326395715,0.13147103640728522,0
1.1894312303837904,0.14785066607932118,21.548331191234052,0.662390198238367,0
1.1178051013159283,0.36676277651878825,31.014854889759494,0.09024864163162138,1
0.629852258868434,0.2820574530212199,32.40453534854093,0.20152426257041917,1
0.6615974341446244,0.5575807293986136,25.39426773868847,0.6462279791122977,0
0.4117688043912189,0.15197704254527883,24.606230006213465,0.4678077867771497,0
0.9400303544333046,0.22454860932570303,30.014694931065186,0.14884873637235296,1
0.9294701911225459,0.5835321528143621,31.523792450371097,0.42262345178959143,1
1.0209132112198112,0.1671682772930861,30.29693624791641,0.1426660214641767,1
1.079830263776417,0.3665144466799173,22.688561004684153,0.6146206060158325,0
0.5495016354590901,0.5846605415694641,27.83851523218639,0.05388345299019534,1
0.9319069033232772,0.624101288322504,32.14719816541856,0.3802488344886989,1
0.9773585381152604,0.12116088400375134,18.03521268094839,0.06316165756403455,0
0.4047285658724126,0.6889967070646087,22.762733702299265,0.49261547072598516,0
1.1186285806070724,0.5929792258474749,16.132377677505293,0.6563421199316938,0
0.15849272803560377,0.30447094151998527,23.177545713747996,0.5851251857767243,0
1.1934095560377753,0.62285213924768,30.44564167837298,0.27277492110379187,1
0.9356043258826998,0.5962241490054943,18.94056886851175,0.1810953357262362,0
0.15726154112297633,0.5006684198812892,25.837743022487672,0.10229869482308046,0
0.8046640953207507,0.46886088005438326,15.731714668436542,0.6140643114201224,0
0.08930632256749918,0.6010276166746892,32.95299981463316,0.07515420775224044,1
0.9357149918608103,0.7994449262790909,31.400093898009025,0.4476038502728813,1
0.9691063599079136,0.48391418698691396,25.488183835741317,0.2697418792577607,0
0.7427717910551649,0.656538403821686,29.115739919438997,0.6971292564922555,1
1.035389450704056,0.6082052879866873,17.078323297377178,0.3659998531924746,0
0.16256577224708865,0.6918563015253694,31.90418992794741,0.3931778457983195,1
0.3673124183469352,0.7658936460381038,29.305230621435427,0.6441643738100987,1
0.526304149831571,0.19481240559561142,17.39934793450161,0.6793530942105593,0
0.09882664575231301,0.17409472729633724,34.61378570237555,0.4168727935442869,1
0.565448500706841,0.48976387131117566,15.450608884128933,0.561403810824798,0
0.35499547452945085,0.3869712971648783,27.57021725185547,0.45164138939374354,0
0.5016452639170159,0.47804201968937693,18.435099934816336,0.3106323155156607,0
0.5388680267911524,0.6485320508641315,29.385152984390736,0.05897444294679384,1
1.0613234935108378,0.7487858600369348,16.40812507937558,0.5080658340084127,0
0.3608921161067849,0.3630618688989186,16.622017656862322,0.4961786852052414,0
1.0778045980237128,0.5884494841577184,24.325834811262645,0.09935756854833319,0
0.5398666095347766,0.19759939088105705,34.880189308038254,0.17644683497032868,1
0.4269788787980839,0.4509139620158927,20.530324795413023,0.5178471670747997,0
0.6278888567354179,0.06635358333538995,27.25056321513045,0.12180414476428705,1
0.5304047793172656,0.4278129253498227,25.37198148748471,0.48983582341426096,0
0.34597816001341797,0.4590023443441249,31.84239219300875,0.5082244900193166,1
0.6280812235154769,0.6015840018337485,20.771792154103203,0.2602738220391497,0
0.22457199304065595,0.5371135926552438,26.098887614229724,0.19556365785001037,0
0.45471943447641094,0.3187975507293512,34.012470302103615,0.2736667995504569,1
0.7006587522802041,0.054298175534840995,21.65171616672115,0.2642537025471679,0
0.5254194810483374,0.1366144052172117,23.788111626203623,0.43277346787911597,0
0.9974992152084159,0.7797954901380892,32.77626629007343,0.5258168438088271,1
0.34523002576544115,0.7417498687364794,21.649977144689156,0.6059917916982474,0
1.1652373156556615,0.293819872310859,22.613475292676313,0.04039475312143756,0
0.952430323979054,0.24413970494291576,21.082376177553964,0.5140550590111712,0
1.162731979897093,0.37731222026752803,31.190627506501457,0.23364649243662894,1
1.0138570380548497,0.5674550222090546,33.6077394087556,0.5902765672831208,1
0.21341951472938908,0.3176207544934802,27.621977613338114,0.07148753262388763,1
0.6554291042302658,0.10047038579836666,27.472602625193048,0.3947986669176852,1
0.24547529937515356,0.35209631933329727,22.800072394263502,0.39309804103272905,0
0.9909614555213458,0.24544174586107392,15.249674991429934,0.24202779427915522,0
0.7217864715607902,0.29369750840840886,18.478751976471465,0.6798084862002883,0
0.3529667115104416,0.17221793434047833,17.94876709180469,0.09270774279470753,0
1.119038817808247,0.5441300520842356,17.317640056260736,0.11275011880374715,0
0.1824639613113998,0.44497319993391865,28.080946321067906,0.4580965267680271,1
0.6984417639920111,0.25314733797151573,17.726979047475954,0.36972347275768414,0
0.8791966378667343,0.465396860979681,16.712679050734383,0.19983764741539178,0
0.11767581793229655,0.41953088537542854,22.651630131237162,0.22690482159106043,0
0.7375344381871342,0.646981142424521,19.980453259357972,0.1267758499219971,0
0.9882863977825582,0.7669882020051513,17.917210912717646,0.6100796144600737,0
0.12765641158076138,0.14800288173399195,17.92255751117136,0.40727283373498946,1
0.6390794167726211,0.7129351091809872,20.124114135655315,0.1864875117846055,0
0.347340754871051,0.5785977037136766,25.73699526752083,0.2875261152423531,0
0.812363119267459,0.5694151589734286,30.161912001825026,0.6365458369273205,1
0.18647897214067166,0.3307256728568542,32.05553286504279,0.6230519899240828,1
1.1276091452710828,0.30793114659869075,30.028356994777003,0.06699254995698128,1
1.0789378689719415,0.05422961361688773,27.564265194083415,0.46478809403019794,1
0.26387058285706555,0.7866536559779809,33.15249155038967,0.12402039625941218,1
0.4217557670198703,0.5048793742797866,25.394736054685012,0.16340068857281484,0
0.7257802208509995,0.35174646794294406,27.66713681707383,0.6076611627275631,0
0.875771687129388,0.4578266164191339,23.232411006637367,0.6287294158836514,0
0.559054417434297,0.08039527557219685,21.54768401761492,0.076230502807885,0
0.22973502025512132,0.18023821646875166,21.634235589225067,0.6142678640455117,0
0.16977421787330232,0.517519943722552,17.966345634245855,0.5153756159333927,0
1.1997301374514955,0.435696297262715,30.931953013477028,0.5474830470213553,1
0.5736549396600104,0.6403061171957248,16.107361686670878,0.5584344227991511,0
1.053411511520773,0.5440570178340028,28.493704875290398,0.3649186247818369,1
0.6047324053234816,0.5010767569845405,32.28920385674071,0.663897197231977,1
1.1107112843279037,0.6614492782289851,24.948566939707344,0.15624453070680477,0
0.15092329018728318,0.10119732916392547,16.404015636831005,0.3633762731119292,1
0.18112207003473357,0.568165097323464,23.568349232737816,0.23661575432411508,0
1.1190770158828578,0.5866930349667616,21.864532057646997,0.5792532451057051,0
1.1396170018015026,0.25637266226000827,34.71078638598861,0.07623648424756861,1
0.4119250645851678,0.19673722736554583,28.825304032378888,0.3149013711085022,1
0.4584396200429526,0.21038935659199937,29.4271960965784,0.545964806246824,1
0.5703177700599716,0.19860564757399568,25.31653837924462,0.2323918198592628,0
0.5285859320773845,0.44283664317769594,29.18828508884193,0.18352387330390513,1
0.26855199835353616,0.15171973352437135,29.451419534443364,0.19853342526052936,1
1.0831316915302807,0.5444643960645128,16.327177614922096,0.5052412730364507,0
0.34130374081149023,0.12880869421157715,19.452130489545407,0.21501221957040498,0
0.8610632708992992,0.07016723023269215,15.259351108577722,0.2938248109148263,0
0.1272290293952188,0.28946768183440336,25.196148118571436,0.39105429945864084,0
0.09456403125769389,0.19389479279978078,32.515997096720525,0.6597168536837504,1
0.8017900434634587,0.7914965415575618,27.191090693906567,0.5601563407231117,0
0.43986823620924936,0.277247225462913,25.004150556154187,0.14599153167233173,0
0.8037783016280015,0.21654806451913533,33.5193169522128,0.6204972781234163,1
0.15812438249415492,0.19757736762441092,18.44437022043508,0.5944418545659383,0
1.1423290869032428,0.33038967860261775,16.492086163153715,0.5267526732973108,0
0.9107916369270597,0.5043866714986834,33.34611472819435,0.3714960628449224,1
1.057707317979669,0.6364589562847118,33.055635098376264,0.0674741695749716,1
0.20694113715118756,0.3234321858073013,28.65944972425899,0.5038235641446328,1
0.41818511422679977,0.5194782350320921,19.91958324192104,0.372472675887522,0
0.47359578883729564,0.4115449237095406,34.395280494087416,0.23064694955621,1
0.6677485455758413,0.6848715096900488,30.306927036076534,0.026757840012426204,1
0.3913987583335264,0.47678133286882635,28.477891671693385,0.17711330692791719,1
0.11972535351781588,0.2674187539093251,19.458226480308955,0.4318693207539867,0
0.47421013784809124,0.577690442883692,25.261783432662313,0.09636847870573023,0
0.3427317118213744,0.6650483660172469,31.451524825939995,0.4656847204959643,1
0.493809485182697,0.3990804925729738,32.20520449464572,0.577377020398968,1
0.27650347401303016,0.7903979291617392,26.22860231602536,0.236361271700651,0
0.3511808307494457,0.7093226593934852,25.455876874385282,0.07575016682937567,0
0.770995191497109,0.19771600224911862,28.95367656615281,0.11499517748982856,1
0.4963769097647748,0.640066904117178,25.564976886249458,0.2633780741237354,0
0.44719090214491586,0.5007134332623246,23.353620761313216,0.5731352918757306,0
0.6639914776307289,0.45110847335587595,16.708380228487773,0.4513095294046735,0
0.9376396219705145,0.43545393993467624,17.520993514311602,0.6101636007054058,0
0.48569814980015075,0.6900583570868218,30.20550936401335,0.6962104365891647,1
0.7256474164392166,0.5081545916775865,15.493281292485362,0.15774501797142837,0
1.1611330191734026,0.4532794887903003,16.046100515952173,0.49247857664101957,0
0.6502771312357583,0.08664493006853681,33.09287156172835,0.3372313560427969,1
1.096267212995176,0.386227152318918,29.0799422690937,0.3555650814438378,1
0.962723517894891,0.7310311715341308,15.084254438282922,0.241395354421347,0
0.11752648389767216,0.5838025470084642,21.240867487097454,0.25290830619959914,0
0.5434637021896453,0.08821548354211507,30.266369211910895,0.47987172491048186,1
0.8530661690488763,0.7129942116132818,23.352015999545113,0.44214598369329133,0
1.1847186993154297,0.6700004160327906,24.375956457162232,0.23658242802665438,0
0.5771327348357395,0.46001315867714593,24.17598122092111,0.10063502479697836,0
0.15670327224575037,0.06680409888671111,19.042688065180812,0.41320407536957765,1
0.696310550919798,0.4718222135253505,29.427828757965216,0.522789514576122,1
0.19554836094255434,0.09094178744481958,17.060126610427393,0.3998628173458666,1
0.9142474943213024,0.2902842197281103,25.14502211093342,0.022482457950516066,0
0.6338285470810445,0.5216822141770542,18.399116549187234,0.2119745484821858,0
0.8819460736338794,0.7346848129116308,15.93065619154312,0.549433950951808,0
1.049766100910302,0.318346727944609,17.864877688943366,0.524932779588182,0
0.7732902197371937,0.69501783716259,32.38669872623483,0.02707897172821507,1
0.7543052286411588,0.7387707578003873,18.522953295609224,0.3398014382769213,0
0.917755839755576,0.06578291034298574,20.56738418024701,0.3173763574022312,0
1.0188232516705673,0.22957087831439865,17.761895764408123,0.46355133587784053,0
1.049411854218553,0.5823967244206241,29.710902033155172,0.10498642724419846,1
0.0918947250353158,0.6176322823096614,23.908983345130032,0.44256235835994356,0
0.6896188413174577,0.3443126376627906,33.87270077290142,0.6639042537095144,1
0.2987097062671841,0.5425659595796413,28.286491644958048,0.27278968353836996,1
1.0393977743990508,0.5091189630215264,25.627784409735433,0.24940236400863547,0
0.7956573379838653,0.604831221200795,28.132618632563357,0.039225989772877015,1
0.5332558508873039,0.5889938208088414,15.808507664193282,0.05902864008969343,0
0.26631986233955396,0.11440309849277101,34.01320520257381,0.6534692639122086,1
0.4398771698078004,0.1686876357050457,34.12859220834496,0.6833412556463087,1
0.8593443487212582,0.14954536044448702,20.52279737111059,0.023836356296878983,0
0.2850134769933846,0.7493600523821142,27.565909654862672,0.632462186713352,0
0.15762038713912865,0.735156986264742,19.03830488279749,0.1382928208629582,0
1.0712330719616836,0.6480592021977275,25.949435892009177,0.40172392868637213,0
0.9288419020171343,0.13753892050696948,30.41578478248787,0.4811358279995495,1
0.27976417025685246,0.4807036024396894,33.79643449610784,0.2641599231811938,1
0.3861582749444904,0.19042296956738858,21.78433846531344,0.37971190240408764,0
1.1678807037005186,0.32628795316910186,28.87010526085523,0.44672868794560755,1
0.864412159772985,0.2503184574780597,29.328542286943588,0.15186988358165976,1
0.7521003048458984,0.6716982361155994,19.422976023294822,0.6960945026782638,0
0.4037727582377499,0.15833854963945493,27.580642629867846,0.15863964819813045,1
0.39399391579150056,0.5346343764575568,28.108425783755532,0.027030155986900714,1
0.09545216149376504,0.7879209978321252,30.281522126920684,0.6621135226312286,1
0.8877541469372211,0.5652909374402251,34.99894514909067,0.3118068365876173,1
0.0996515088154172,0.10942511675521978,15.804647388529611,0.29106140887000537,1
0.05558593844387089,0.7308871264718937,19.04610087355116,0.2074564965570999,0
0.888919351040126,0.5323097582671972,17.901568638394814,0.03756571021799399,0
1.1412048207214942,0.39223323470390264,18.08868104841405,0.19990637149850274,0
0.919978504886407,0.544769358905839,24.0849732124393,0.2874442329448677,0
0.5923862192180355,0.7092832478544777,32.57073113225874,0.37382388922937115,1
0.608952036995004,0.407845420936437,23.974465381355103,0.331198069682948,0
0.5515568860464711,0.4484911121091719,28.369607956688263,0.6177446212387354,0
0.42334021717688364,0.3893355494134651,22.529982850604384,0.6397043061125013,0
0.6499713463137162,0.10444356974274892,21.3932663062223,0.23566534683468618,0
0.5458236007122823,0.6403025951955189,31.684703696580844,0.6724971238353125,1
0.7378930620468909,0.14480880773137922,28.110950202368393,0.608155237041841,1
1.0828380925762586,0.3459275077162327,22.01790576165072,0.6507916752436297,0
1.1942608299223818,0.34011713420579687,33.2832052249433,0.5003050000237019,1
0.14055478336535468,0.26003059406505347,24.970231302352893,0.15482485346136818,0
0.4923859935605426,0.3518803444208138,18.765494945985772,0.15275489900728662,0
0.2578121251318309,0.5135068327868214,24.664437249353625,0.6378830628970814,0
0.4549385450143637,0.2835404841557838,28.493988758669516,0.3647909127554214,1
0.3805939713306864,0.17938395327370732,22.342251785123246,0.6255177688645417,0
0.2507177013708065,0.70202563288045,31.87569472550787,0.5099725578487355,1
0.928687461434484,0.7781244873928517,25.66287961212202,0.16450836694784596,0
0.6207320542536212,0.39393786790724045,24.355295598689324,0.28163667764280853,0
1.1071324195498096,0.2952647842584394,32.17422846527437,0.6781211462153056,1
0.08748130973406666,0.085611558333672,24.25835612932306,0.033316277781582956,1
0.12702471510178842,0.07763865545753985,23.28820283701633,0.5059170269030658,1
0.5137646203698957,0.3446614967340515,17.074327906669918,0.68557019401114,0
0.14231891846464267,0.7476815137257243,22.249837577139303,0.09081992322806699,0
0.3521390358770585,0.5980314075511733,22.940966011261636,0.20495514136387744,0
1.1839342045381172,0.31195206415308124,18.612446384489797,0.3919689220632099,0
0.29030354860730617,0.7760348188865458,26.756464034263352,0.5937601508677555,0
0.2778354026239043,0.371568427441798,17.876841411006954,0.36442807148965517,0
0.7096867691150655,0.2575945579809843,19.47379577207782,0.060525311956308725,0
0.6226980344121302,0.3697649335432679,26.221839714502813,0.10648533986518437,0
0.7175040417832715,0.2086574202378746,20.37967129449474,0.2756414908061438,0
0.48324556993982865,0.7142290776505968,27.793366202567068,0.23932765815717327,0
1.000776713879189,0.32087998281326774,28.81026265841409,0.16938146920186373,1
0.20936763415883225,0.543476723370741,21.025808212133008,0.5912875406063376,0
0.5426515427176855,0.34178539912037265,16.747753629934397,0.03827954494914026,0
0.8432261257107001,0.726298563472972,24.789036676578366,0.5839540884884128,0
1.0484719063253345,0.5317855637867226,16.85796840183634,0.6467425180791189,0
0.4750073473102713,0.4161889177109746,25.304713630477362,0.4484754966947236,0
0.7029074389578157,0.14910722688600386,29.524356842579202,0.44523827103967956,1
0.12951093675835074,0.7264374971391533,27.40659582941607,0.12133204483012763,1
0.24586695132860326,0.46011265120382816,23.96535282424035,0.40645606198336565,0
0.12950888683603165,0.2637897297210631,33.91717095795095,0.2751185878778824,1
0.8870630257983002,0.7084451688625282,17.034944661643408,0.17575383783373308,0
0.38126896403046173,0.09083032054580585,32.60003013823862,0.4166640979817613,1
0.8823070837206134,0.28555768799717873,31.00257745282406,0.020809517602395463,1
0.12635802089976572,0.4526213009016107,23.39477160729169,0.20796069824866772,0
1.0419299704695741,0.30486075203246976,18.05734343801429,0.46610857651613763,0
1.0108597278277553,0.40755069153414336,18.117335715552827,0.3294276151449924,0
0.15226805450782505,0.2482371892482379,33.436115214855946,0.11903556754302522,1
0.0773199824257645,0.14756231819967286,19.674093285565203,0.020896315989971288,1
0.11473213492928985,0.07764060396263879,32.48231415975657,0.2038987335675767,1
1.031674699118744,0.16823492368410642,25.065904398605777,0.3933603280494868,0
0.31990901240968006,0.7647098855186089,24.23469273454733,0.3834909842772653,0
0.680514315536917,0.4815523500025538,27.390225351676413,0.1091288915729055,0
0.5401808336570653,0.4167200939584636,19.300781657864658,0.43731405725134714,0
0.9648543551628923,0.3382428794792814,23.56741348119388,0.6992685771930509,0
0.6122330466912712,0.5813151094875391,33.7696887760986,0.4177094962575502,1
0.6257599667604602,0.15594460692957002,19.765138579574995,0.378793959482293,0
1.1874557304248876,0.2570974007394976,33.431671177595035,0.4433905240431831,1
0.22264899026164564,0.5419265897478146,34.88419393218358,0.6181762053772983,1
1.005309529557821,0.40929827343892095,16.038143761509936,0.6632795543930319,0
0.1095122074444675,0.6275694042193165,25.62758245182743,0.047902790711807974,0
0.5992960850089164,0.72283238296749,18.43638599387377,0.15939578598230456,0
1.069285047522977,0.6675294435279922,27.434285119133545,0.09871956352405571,0
0.8149960604447395,0.18815578569554903,34.79085286429751,0.5452005742777951,1
0.8379968122710528,0.1186026766452339,32.93761790836412,0.05098274408732321,1
0.35281487459495836,0.1770804504087864,33.49696923212707,0.6337917639539687,1
0.5313610100656724,0.637648018700173,19.26699626624199,0.03397764813412895,0
0.47156822302390805,0.7353733171195329,25.84639197778603,0.429731832805404,0
0.6496596916816934,0.7440866507778932,19.696620327899012,0.20739181190658162,0
0.5815621196652183,0.27366184202783417,32.98849415155303,0.3399831969599214,1
0.42593310465853773,0.6802560335101688,18.82307986148493,0.3204824215233201,0
0.40130270422684555,0.45217665126657247,18.079178248183997,0.5292474240923084,0
0.3384808254033904,0.6670938862611555,15.243252634280376,0.3577166287207444,0
0.46980433391747217,0.46127363178500075,18.638957201732435,0.3064301644860546,0
0.22243269962416973,0.15941991483433865,18.795256937090656,0.5165884297573609,0
1.0529199473041098,0.10941466330482306,16.549803750512233,0.6495487051273018,0
0.7424373006084414,0.7679143619070048,32.354822068263175,0.5598672330360253,1
0.20385438943293377,0.36935191732368416,30.59995617392248,0.5209675814217367,1
0.8479382343403515,0.3128904836729884,20.089629946945138,0.351651015172243,0
1.024816438197669,0.3172273135762328,30.66515406622405,0.6321467428313052,1
0.3231660228600977,0.334200808606604,23.443290935935966,0.35069315104674803,0
0.22319068348785348,0.7587476209207537,30.510406186963692,0.6525943340145649,1
0.059909845703814864,0.0970284405523819,21.46015303670347,0.5659871384466948,1
0.10433788968495787,0.13929596553672435,26.293084529757543,0.12217696021488811,1
0.9265890505490383,0.6422386366113869,22.63221083908337,0.051954677454599446,0
1.1852642818479477,0.46205711850510406,18.753516340469382,0.5237818670689246,0
0.1016123708477181,0.14640256847071398,26.712657680040017,0.4863706298882301,1
0.9102816029418765,0.07584510258375228,30.016615999557022,0.42942043811574343,1
0.13264149071710407,0.21817576120942056,30.062142491882977,0.6838427104117953,1
0.7309527486392168,0.2456080532827033,22.12578836638487,0.3908740724849335,0
0.9194865747924735,0.060659772180981494,25.374235368116558,0.25657190962892684,0
0.4630850568578983,0.21206790375289503,30.275571971701726,0.40417677855935386,1
0.0625749292772633,0.6037392027142998,16.089951890451818,0.03931999170371024,0
0.7344677549442398,0.6915752672277529,16.437766666017207,0.4138996795078039,0
1.189931322361032,0.7236768723272884,22.524454799441546,0.6336525394278957,0
0.3462600362642701,0.3424355244826575,19.469432020579337,0.022944446592335424,0
0.2679149687652982,0.28956029442766823,22.492920391004407,0.5948065922811192,0
0.1925147766665422,0.7998956361559157,16.87506159719247,0.565311647987397,0
0.6885439628850646,0.6270053381911916,26.840160613505752,0.09215012826133798,0
0.7359118642643143,0.4530140606806658,28.43481011988709,0.5958447353227678,0
0.9611114627459627,0.24107857451704745,30.836810157878126,0.5392107806987184,1
0.9160342646635861,0.2909790896638285,28.010458761506538,0.35391159114069487,1
1.0764227190143503,0.4365232616220404,22.927627900121514,0.1867454781118457,0
0.9766386030936466,0.45656218984306296,33.69856449635715,0.21590828277653945,1
0.3343571455413611,0.06025898320525837,29.52664032055981,0.43634694932095336,1
0.6892590156071252,0.7695500639536059,25.55362491653551,0.1874867195753377,0
0.39202375295761693,0.4817046855136726,19.137008166711844,0.2412418594582984,0
0.4292531864842278,0.49186868330685,27.979499734724314,0.6529701331822089,0
1.1217360246144958,0.20860335031536442,26.83441050171912,0.5159434592242519,0
0.8341802908271345,0.6237403841009359,28.66659997875093,0.5205303538075471,1
1.1707789752387716,0.6029483900688821,30.622495306166023,0.6700367670427418,1
0.5294494172265561,0.12136848005357305,33.30099237956448,0.023939933466125978,1
0.668053209357073,0.4962457791949402,33.98113182716291,0.18625037349340273,1
0.6101827329038849,0.5436453089974099,27.603710042511924,0.46742229481306874,0
0.17338011615228593,0.676676130930408,34.319120715066866,0.3180246430772561,1
0.3222072937055938,0.204568384188283,33.22844798001135,0.0967073647300121,1
0.6567818146951545,0.7082260976048045,15.052287140304422,0.5512389065287296,0
0.12748045090295718,0.39611080378069674,27.752349324920154,0.05200932317435017,1
1.1211812187052226,0.1223927144792336,18.56938819668127,0.38981875628885193,0
0.19242023423487642,0.12921591613315697,20.903853089169967,0.40247574544891157,0
0.27767785837944314,0.19835334025487716,20.95000399471178,0.4524536973352446,0
0.930119407529432,0.26206302948898136,24.66259279274215,0.23462588585083283,0
0.16147472305771077,0.4223043533448497,15.217323559867328,0.03604864003763231,0
1.0853198145577208,0.61156339830842,19.715928160493128,0.6245086345348639,0
0.8845561163309159,0.1900444265145742,15.582419139196732,0.65185926048335,0
0.12891398567518775,0.7944888458746524,28.011171314384757,0.34775233429476465,1
0.8456241204785008,0.17114144882773447,32.785751573856665,0.03403544036743922,1
0.7763728234970154,0.4995334757916106,34.955773196638646,0.4149923889519453,1
0.9209518476509064,0.746705326903505,23.971137835641947,0.23483229913078638,0
1.0024275303627361,0.6743805671576204,20.202822205883056,0.14409019224691383,0
0.8761031476491283,0.5359169012473699,32.06207193461385,0.13488780633921965,1
0.7241027395616177,0.5866197475931739,17.263170350809457,0.14189369942655392,0
0.4208328163690443,0.15065422002902323,34.48477962112281,0.24497188039393197,1
0.8518647111044184,0.057247290320186175,29.296749094364046,0.21082174667101833,1
1.1505173223253964,0.3756115882702796,25.07869330734828,0.5887688860681689,0
0.7256500476082054,0.11713919475372729,16.933010746484666,0.3568140010252165,0
0.813996598699392,0.31831442143461824,15.363918714195428,0.31080029487623273,0
0.5526972485297709,0.21780709517730318,25.890643949638783,0.11916681883783846,0
0.9195389312045356,0.737260041785557,23.27701014880043,0.6156057393223914,0
1.1973175011894313,0.7100419992560432,31.853289887240734,0.05727909993977655,1
0.2344477226778965,0.6642071363982563,27.84610959386874,0.18288132403464658,1
0.28276607142932664,0.5854582238104907,23.637926929913903,0.44260114750001595,0
0.6703534224640479,0.16555394682802027,19.52014120202388,0.49757245104705067,0
0.603581706850907,0.08627556964936368,24.608444176240123,0.5647864708770199,0
0.7073052521827267,0.5404158933910194,18.259885575723132,0.29899808499967295,0
0.106435154882914,0.5316936028813245,28.340253249463707,0.25578325891616405,1
0.5149179247800163,0.32706821356586074,27.1145814493152,0.2162151002147906,0
0.7204250013753949,0.4045149998266978,31.201427362524058,0.40630437633285393,1
0.7229700540007071,0.416862041178492,23.990585444845525,0.2570722182988463,0
0.8059340560336296,0.22994609955987977,20.57297066055058,0.24310408365963446,0
0.8782484333530634,0.2856249589306894,31.72790718471511,0.03148578033606964,1
0.787779283841985,0.36379216599762615,28.819941629197693,0.6648548715282933,1
0.9587796286978503,0.5023842724336923,29.134183281187,0.06120408613796724,1
0.7684747298872804,0.7668644045130444,25.561691428126913,0.20419263245143882,0
0.6681338119177852,0.45386345713927995,32.51957229773746,0.6465653465916733,1
0.7471258932209826,0.5983729321574012,19.555670149430718,0.5200367727783949,0
0.16637237176633218,0.655250826796665,23.03384050705841,0.4131350668474592,0
0.36413002183434795,0.13513109098141518,30.924651433296475,0.4693534609728535,1
0.6565097477568509,0.5398435006654557,17.659218039373624,0.08600083591270094,0
1.0539352977119631,0.4115830401908183,31.162189860324293,0.5698801936855511,1
0.830909289731192,0.4793232066859191,22.051904414616807,0.19007259801217005,0
0.15396929024268222,0.07881270182678345,17.510073980607338,0.6702255049576319,1
0.731116193011065,0.7296618024105389,16.58298971070458,0.17733473057993274,0
0.30499868578266376,0.7645881121815876,31.860574375074684,0.44524780303764133,1
0.8941190437570313,0.05261144276345882,30.572310912512712,0.39082065456827525,1
1.0015569803850592,0.20959369403113315,20.760826907790328,0.11731010389869471,0
0.7324747134784694,0.1851456302817125,17.327243784749562,0.2667904741154322,0
0.7300670012144662,0.6359783879598886,19.94468852075436,0.5512790732224742,0
0.4393801596924361,0.4985600443338652,19.259752713873514,0.16455989031939347,0
0.5631875243355058,0.18300024747254878,29.661113033843964,0.674742974092528,1
1.0437246068876471,0.6604782164891454,19.311261687138348,0.22092887428037264,0
0.88181838061223,0.31510615385431134,19.321970435352505,0.4461707284464583,0
0.6477167086502196,0.3956426572198268,15.645362649977109,0.4408295869211082,0
0.4734672441856266,0.3404799539904841,26.93719376619036,0.3401292046723124,0
0.1079366990318375,0.4410351548309221,28.779590965122146,0.46564511563271627,1
0.2144585115253429,0.410106851621544,28.06980937896168,0.5256323218022045,1
0.2719789679702762,0.255938001996832,26.37198312312157,0.4409220205118041,0
0.4793910747474759,0.3684170281203802,34.321498976816706,0.4007963411471058,1
1.1357651941377158,0.7312528623907252,24.454770243541763,0.4325066374894792,0
0.630926404087561,0.42717060235943377,32.2027301624247,0.29333002587333273,1
0.3200661877481157,0.7372898078167818,27.920198207546775,0.06819375364945408,1
0.17161265808074117,0.4625952858634735,16.68323881375672,0.1285948978442917,0
0.4390513532934086,0.6266129699481191,31.201769219521786,0.43255874926699234,1
0.9880902308837154,0.2701934822447847,26.687770833796364,0.6504782468438607,0
0.49084421242208404,0.642810117533306,28.07051318650869,0.03750357302840392,1
0.9383816769257755,0.2482412097387392,18.604548712477037,0.38994393400229305,0
0.9731107225459107,0.06466247873222976,23.749801882847148,0.19140177444624898,0
0.17744388515350973,0.17054670738326977,32.61164948748568,0.4019831357294689,1
0.7499587155208013,0.06623965627402763,19.308623861726307,0.5297670032589171,0
1.1529604728767773,0.7602969814185715,15.002498130743874,0.5201081298753231,0
0.512458786139087,0.7999827653132707,20.1501742423495,0.512922342516331,0
0.10858570235347562,0.6216726977146405,24.75084898352824,0.5496679568388171,0
1.1117980937965604,0.1310961228136907,31.425560866038428,0.06937526703825117,1
1.0662162238083555,0.7242090952494872,27.86581801146702,0.36651292706420746,0
0.650462664290352,0.6078321374495783,33.38126937914352,0.19800937005306074,1
0.6850910883956111,0.2991833865515659,24.11128863255787,0.6464639814816407,0
0.2935022681925436,0.42670843385669904,22.816304459140746,0.5523578709732404,0
0.9923683688763328,0.5463195059464767,19.628364331914266,0.09313049620370503,0
0.6233900441509453,0.06803785675495343,19.36124969078208,0.18540736774052233,0
0.08895946441393998,0.4261556840749214,29.72219794016121,0.32954977373873834,1
0.8354671999163474,0.5992965749412389,16.60718246090618,0.6747778628283694,0
1.143070710273112,0.19116902892224963,19.854271696660174,0.09457776520231527,0
1.0035230638976127,0.38284293010949977,32.7179051908026,0.40622121060864813,1
0.3687778612421207,0.4493975968886999,26.538416361993058,0.2520755089586997,0
0.11132384767334175,0.6016740289694242,15.931752181366646,0.4595114323781389,0
1.1314041244189077,0.7733402830948306,29.08510096659571,0.461120574375439,1
1.1276221336116565,0.6862066610032187,25.13364735506233,0.18360221094513257,0
0.6622776176697998,0.5161388151724626,32.09043454996031,0.554350392208125,1
0.7886650234222654,0.48773050612610697,28.64867745082526,0.08205848050766938,1
0.5819900698174295,0.502390019804503,15.088931759555773,0.5763344323393864,0
0.5327301721635724,0.4588839819948303,19.114781743498412,0.16413746383405592,0
0.1873657013180054,0.09452216019419267,20.159274011298898,0.4209139229743238,1
0.1612658331152604,0.5737222959411539,29.044645783233,0.2561706142938836,1
0.31764196867761557,0.5872526000972023,25.186283553401886,0.43465028210288836,0
1.0121368583675259,0.43436027170027053,29.948949941823262,0.20184413682657662,1
0.21770714584603196,0.7027907040519072,25.25734397566925,0.40689529692634724,0
0.3107034497019173,0.554327602067509,21.54769221393202,0.025574816945223643,0
0.6809061682205386,0.3219984933927627,17.07321293417379,0.27462903117969734,0
0.2974009007900155,0.06477076519897569,19.052441973374727,0.5819447777622886,0
0.23768768742545515,0.09437123487326006,23.015601606913634,0.33484447882374524,0
0.6978136779526566,0.3138486962313397,26.029086163635572,0.3594975473131767,0
0.47330726164610776,0.39657899389901213,33.77274806381245,0.4426722497815152,1
0.7700831787165395,0.1751533396313188,19.794403541330023,0.315262527207108,0
1.0990361414699776,0.19199622981697406,28.321698788933674,0.6096121748521932,1
0.2236421011503278,0.22265851908450224,18.050918229866035,0.29426077549676827,0
1.1004487087850234,0.6353850046822045,29.27506243844668,0.6609356552854104,1
1.0878634625363564,0.6284658807138286,15.22681754287958,0.6163178558604956,0
1.0034507208362882,0.3372042390603341,28.118398998592312,0.3063396922081099,1
0.775978804901998,0.17927328618829685,18.264353134290488,0.2687445947270733,0
0.7631686560853795,0.13318128879760194,18.606488927616468,0.4801070528521144,0
0.7850945589269768,0.11534698403537992,26.178152666291545,0.5336085890983624,0
0.8440698839004851,0.34345943817452906,22.50823091817425,0.14638587258071986,0
0.06895453068558056,0.08415682499083955,24.426103011016725,0.18391073816680797,1
1.1518064660347471,0.30022627784475125,21.177777651125158,0.11945171132097518,0
0.7234443256854167,0.771149931905853,34.0693409905665,0.5372704771680565,1
0.9486857153127849,0.430628461707529,20.813122001637776,0.5057932681857776,0
0.4838741149205676,0.6669834926263918,25.84094849471,0.1485565937364958,0
0.06425679600316535,0.1469494594215493,32.087111110816906,0.3850748545849532,1
0.6361948588579105,0.2510590868072786,28.28361624521642,0.5396827642583119,1
0.6332686372133183,0.7599098334080067,21.455538939634415,0.6639794906654934,0
0.5525376815581695,0.33766392270051765,26.048733667336386,0.14139540480910134,0
0.4406746122863882,0.5363045963362418,16.659822524654547,0.22694425032498866,0
0.3373000009811803,0.7820950843719421,25.913728054153843,0.2568710528745702,0
0.6566766056717602,0.4630908172480516,23.62778176707084,0.4449846042105823,0
0.48156986064751817,0.27900946192155196,30.158674141468882,0.11276481814211126,1
1.16542166550728,0.44896134196404675,31.95805686268234,0.1515317670909471,1
0.24886640393197113,0.09097789949814448,18.99233043294878,0.5506970494265506,0
0.41761540277115,0.1342774055695184,16.630718109215263,0.38859649278212793,0
0.38805454156325664,0.055378328789202444,22.81113962489671,0.12906263743935156,1
0.6748055526713506,0.7131575311737532,25.683008164010943,0.2841342686455932,0
0.6241722955202701,0.5534603216746967,22.536038966300453,0.1114560528255783,0
0.790301535237914,0.2737473238495611,27.5712234199616,0.26662920084105246,0
1.142502036160339,0.21587106440547843,25.1130255943815,0.29213552074391225,0
0.37800424831794743,0.562307450868335,33.732520693301794,0.09623507990526944,1
0.8466873046432459,0.739649048588962,23.18782246639186,0.06068672980650858,0
0.07879623345596115,0.274354318289083,16.649883458971647,0.6194892853751208,0
0.3517467436436682,0.2911693320400863,21.038700422829542,0.6236007009553488,0
0.5832776871960818,0.6906805438953297,27.11787724726489,0.021753635144601918,0
0.08564400675330464,0.7200318619128142,20.120501972141724,0.45601878556841274,0
0.7603198796366848,0.7355274251223339,20.379769036112677,0.0837017251265063,0
0.8300571996619645,0.2698656560050211,21.791449680447016,0.5708963189612961,0
0.9087414720637537,0.1402344256972617,29.922835598181102,0.6181024266645511,1
0.6440606805694641,0.37999817899890653,33.80266468587923,0.4392983056517536,1
0.7445363647254206,0.2718236488558858,22.0075326769556,0.4369457108980006,0
0.5054750389702604,0.7129000001088769,18.909760795209838,0.2726074261565325,0
0.09744098738254692,0.07747620635265866,23.41273904334206,0.18963889916674592,1
0.16494463414069,0.5254103522272042,22.03679385959252,0.3595041638242075,0
0.8032453128316838,0.7296360243110855,34.80049828246352,0.11092771196405672,1
1.1948885945236427,0.7825027751045496,24.27736517035985,0.4771129285054213,0
0.06817372503779061,0.5375979494735325,28.58566705623728,0.33965908885820856,1
0.6912210213503401,0.762442217766785,33.27576133289706,0.14076902410103287,1
0.9136600658149415,0.10674459696880047,27.581231547277667,0.4200536918967123,1
1.0007910522159604,0.3194587594971798,19.98756949839708,0.5608229288782957,0
0.6769856364060362,0.05653602299505027,27.148201906665605,0.420383633933649,1
0.7629033772117209,0.7858878291431138,23.03752672130232,0.3801697599264501,0
0.8512336870657364,0.7270448590750245,23.44699738877614,0.5964478851289507,0
1.0378111871474451,0.07103941718615102,34.5864916274081,0.027313661800564368,1
0.19063296778324146,0.06359948784482448,20.571820271897053,0.439388386927548,1
1.115109525716093,0.3252271205797746,24.378702929566217,0.29859068457230586,0
0.0799200140843055,0.24390347509317634,18.197340913984007,0.15162498108721512,1
1.0116297136014416,0.6851992079318767,18.570883973709776,0.6861129380585477,0
0.13825149054365185,0.17036330245389675,27.06968848171668,0.29459340382008875,1
0.2738224433456606,0.642987097025643,30.020314163054294,0.24797871246071132,1
0.05447826833830251,0.4658447749929974,27.729197472336903,0.13492573902363975,1
0.5620452113664468,0.3330438285537409,21.585679958059416,0.6984808468469291,0
0.43451311072500104,0.15928982130003405,16.192363451300395,0.6021149221001801,0
0.24089184821008142,0.7982684794697533,24.405277242973842,0.0675812446989668,0
0.5687536849244922,0.5134895906911525,25.08539306187928,0.40471263576648464,0
0.5127265156480114,0.37953667442599565,30.41303215919637,0.12023282339531678,1
0.9328101876035527,0.32834566741454874,27.805791245839096,0.5067313622088039,0
1.0770998519805373,0.7292961729731415,32.42517255201974,0.34917673189709714,1
0.8004523395321441,0.6658938561430707,30.659657573901832,0.09506449565550762,1
0.19307194703550246,0.6583893412761679,22.317555676218937,0.3987864460597171,0
0.3896994139163282,0.5121488547217946,27.644428470493963,0.6392594427499123,0
1.1003160413571218,0.7159674370218514,29.94573058910253,0.2520123839865437,1
0.15204466695907254,0.2744587790915528,34.1376073834549,0.05454781803814571,1
0.5178842152994504,0.577779601372467,23.447043252444917,0.6627408356599581,0
1.1338803121185035,0.35333580679391935,27.96563984622272,0.11642344784642639,1
1.1432645676899085,0.4999991064197691,22.853276705632684,0.3430353605992389,0
0.5228836536062262,0.7986147504595197,29.756563577395738,0.39038044693683327,1
0.817506421313617,0.7883935855064887,33.239863426211144,0.18121947496325455,1
0.5752574381070988,0.43446426235058616,33.3845203143915,0.1406442617859345,1
0.916479620351793,0.48039758912361846,18.1417503477502,0.09693443881810457,0
0.08631853029694829,0.7229913268529757,19.081931952417577,0.06756959200070192,0
0.2157807212595622,0.7892267843853913,30.098589015795973,0.3655260524226345,1
0.7563286240751391,0.6339558519695598,27.62019771884804,0.5925741282473351,0
0.3174351018095231,0.09888834346897303,33.10214573709909,0.10619596452928888,1
0.8159601441595208,0.291979800757898,21.276011188310708,0.4964209393429389,0
0.45390636658049305,0.722421754940231,31.960416222925257,0.30058212388804795,1
1.0696423918469946,0.6262643793878604,28.675517139677197,0.04395248249999857,1
0.9921482933939844,0.6066748032683205,18.90912620313199,0.3844611708032106,0
0.6167634700790995,0.5509424228511058,17.529887379912786,0.19136562097055992,0
0.9388293501590864,0.3614478872242876,29.05447204017215,0.4315727832675416,1
0.3618085691703539,0.35243099025852626,18.16923025448536,0.2575396473704324,0
0.618398743333642,0.6566993656931008,30.886580794862965,0.4731875764188121,1
0.27710435964276986,0.2703352188238032,26.141900802546346,0.6445822867930997,0
1.040019093799143,0.5636239045257301,24.537341249255796,0.1862903022153922,0
0.9965277590536771,0.5946563925679675,20.510580718428393,0.6590915189116343,0
1.0874721186703513,0.6834169920211466,34.676911898497195,0.15893002497022568,1
1.0590985284078984,0.2899141930302618,29.443342218210528,0.06807251991188688,1
1.1535357013684189,0.6064169501286516,30.56127294329754,0.15103667142389418,1
0.31258666637671484,0.12986742318401517,30.374218553306765,0.5741433556705728,1
1.1215979344146128,0.15354629671392855,26.680311543531932,0.4807382467798884,0
0.7068951700547973,0.3630020301300511,33.79397683917756,0.6801672242177732,1
0.5358693465058749,0.09141933226643546,26.676430067653534,0.5026825710889529,0
0.6944299803630539,0.7607737410990039,25.40091170208299,0.30058926022491106,0
0.44399271014781944,0.7264218578820204,20.474208848457344,0.6268530624103558,0
0.3818359580050949,0.08670027164438236,20.63471839683347,0.6715273923817527,0
0.3275114886741581,0.6787337914192091,29.737678119640872,0.558325346252872,1
0.14479218787569584,0.431655630567519,21.69534843279211,0.3985149183678687,0
0.6210496317192655,0.5764721662801625,29.57421490293356,0.5815207312877827,1
1.0709259270709706,0.7151983769736405,34.0541351762965,0.14175040098731145,1
0.7746747646655423,0.48273086530827397,23.786148735575175,0.6322380155919827,0
0.6491219776691396,0.1372453252134721,16.94651285759284,0.6997001080908444,0
0.542881855988554,0.05193395786493969,28.330929626588723,0.4722953131896348,1
0.5840618702647707,0.4226911491885849,15.190460633909712,0.15320454691440574,0
0.29066894970774354,0.7619240990932701,30.740070425445936,0.11821693029281882,1
0.9963762587720618,0.4794664037098969,25.51306234077437,0.672401795808236,0
0.27814040777375726,0.3297043535661719,24.7946440801731,0.6125199185304613,0
0.87411617023641,0.07319151281068502,26.388843211553745,0.5291016190640415,0
0.9239827632205755,0.7362345629586503,25.32817087869432,0.6654010924584797,0
0.7110993983318944,0.29536749564353165,21.475545435920452,0.36231455195050605,0
1.0423653311980527,0.5785830509863221,20.63017819358484,0.6236675540416078,0
0.3847079053182475,0.5706779015835988,23.305949212477906,0.1307178135120978,0
1.0638598044292926,0.24041237102656093,32.89818563831133,0.14431060831300646,1
0.8888220285391998,0.097833129845544,17.70740919575686,0.3683932710490651,0
0.9685623019260248,0.3387502840038827,21.495291933731664,0.24610656937427647,0
0.8142666659564113,0.2878482603778999,18.84600855898809,0.3141131022499672,0
1.0232944695384647,0.5751922991542444,23.54273953474764,0.5627739506843625,0
1.1920636921252812,0.6648368717448794,17.669968382463423,0.05631708024073616,0
0.5331872827033344,0.21683406304375602,30.21591227804464,0.5101738073105562,1
0.9860030362660058,0.4461733023323317,17.069347851691493,0.07999590254828856,0
0.9062667234457386,0.08045626054112125,28.305241872345412,0.5963007141906858,1
0.5708006905688207,0.21069186720009642,20.354206497380467,0.15729186844425902,0
1.1159913496923888,0.6213212039915623,24.443799937153255,0.519758465836637,0
0.5035898190084839,0.6450487403668044,18.99975923435083,0.42247799131162855,0
0.7002858037176731,0.6323033475888524,29.60447358951438,0.28222303280953637,1
0.17183371053960578,0.15679094374120262,33.96551978536649,0.20192465028486237,1
0.3096414731762061,0.46327604560131297,19.43490574785992,0.05907233506115818,0
1.0168005961138247,0.3670313108325372,34.063064154256566,0.2602985407008448,1
0.5060356312531744,0.7936147225963179,21.50547602022868,0.15635955448879965,0
0.5031967028275469,0.5405524017937521,26.156943341038033,0.11242050268734795,0
0.33287817091921323,0.7514015685467968,29.03179902171152,0.5221787233606112,1
0.6153518844420726,0.15901272875632821,18.985372321303874,0.1645101938889763,0
0.9766895055532158,0.38815495482517176,23.89527874865255,0.1717474724469945,0
1.0794387354398005,0.6287057000794015,16.356549613281,0.25152738719274964,0
0.13063159685081147,0.325893296022802,28.9410755205604,0.33460414854280307,1
0.7110438409261328,0.5243813721152351,23.33232239448957,0.3693246661169961,0
0.5873643730761847,0.43377662928024546,32.83289065279182,0.4718914628114809,1
0.7564241280423151,0.7939470569134943,20.47983777146276,0.42019499252979053,0
0.5643670399445095,0.1804044050491186,33.47202648647854,0.34754503821411636,1
0.5084415439814274,0.7515115214975958,17.8207968936569,0.2878793459534798,0
0.5926628192939127,0.35117821535247257,27.139329320277668,0.2007346241118794,0
0.7192989980698763,0.4009947247829709,21.15616359744358,0.5027609773044668,0
0.6261306926865433,0.4464514127674842,18.635632219065748,0.2359008978677484,0
0.592966118673743,0.2490249120751849,16.87874343438331,0.5977153475976088,0
0.9905106064517928,0.7727430819580948,28.1128511765738,0.41859047000383093,0
0.9074951899235364,0.7336154039260921,19.66335866518491,0.45108210939916277,0
0.4425852683083717,0.779678825158522,26.456288241420953,0.3659773569968587,0
0.9706636851426185,0.7976896791571423,34.58837445670556,0.6514181239633925,1
1.031698269355175,0.5523500713857291,21.31923640559063,0.30668498666006627,0
0.22651603618031907,0.3887641218543085,15.698885554334577,0.3103385483247926,0
0.7200848309903726,0.6880504261222287,17.85645228792841,0.6272498571248444,0
0.3781087926390958,0.06785365837725392,17.386440188223414,0.4313367062529166,0
0.9000481702157309,0.6758030335351276,24.265670544104715,0.32542112669241546,0
0.3246031287624857,0.422964518158255,29.893011393212547,0.19826275787137698,1
0.8221140527989866,0.5549150203125633,20.928887715637167,0.18663022263530402,0
0.34339335446627894,0.3305345460068807,17.916855416876864,0.5649753333535604,0
0.6378153279444346,0.3264673654001119,27.815335326578538,0.21003693278412966,0
1.140943438103621,0.07378786460816579,21.023604176984847,0.023901629406288663,0
0.48850366922489963,0.36784207282175996,26.503406986244652,0.03323323472286008,0
1.0570992588576889,0.3562656465644975,33.675731193455036,0.6853137758856639,1
1.1849862683844787,0.21859332640105344,20.826939098530524,0.4006897969036021,0
1.0560784761259376,0.2354924551548256,25.249832289725372,0.35253674966438886,0
0.24074593418184426,0.4881046853318837,31.136238272624325,0.6441557269936645,1
0.9926069524654375,0.2883285819046273,28.834362249952562,0.25914743131339907,1
0.08697180436564544,0.6726889317629674,30.029563495583716,0.5605983405655585,1
0.5022971662542041,0.13353883014279988,30.451387497122006,0.5108306726904943,1
1.0513433793155433,0.48323370993128273,25.798320406680862,0.3444256079788498,0
0.8420650446739077,0.17003354535432674,25.7212421580453,0.5467496902719099,0
0.6626514914385598,0.44618047019049406,29.37779160896895,0.6767293035629933,1
0.4960436288450136,0.464409415212739,28.95296540227111,0.15641301553520803,1
0.9841414884408289,0.5317232648942969,28.401153280593704,0.03190640186069462,1
0.865992164540454,0.37056871045467027,22.642693842853273,0.5785889962597236,0
0.5886661175580243,0.4321060138469408,31.570852912097536,0.2944392095344733,1
1.0763569877911088,0.18571446206096998,19.724057787417784,0.3901936955902055,0
0.3144402204914272,0.3972615123022472,18.114639327054245,0.17127437809812177,0
0.24595023553241863,0.3297727918207179,21.903244382314032,0.5924163580599564,0
0.7892243289836187,0.5495983284908074,20.07662480809912,0.5104202493694436,0
1.1677934941070358,0.3761162926223645,28.26365024406313,0.6682893071724627,1
0.33434505930278585,0.6345062382351652,19.620357022999215,0.34317127268778524,0
0.33712093577390045,0.36949407393026906,28.12979676701738,0.6840642086773627,1
0.21042367515651839,0.226828379730469,25.264455896815768,0.367381667222251,0
1.0396480885646768,0.25526653921893844,18.04900136150519,0.4425670217866852,0
0.31035717147303415,0.08396391881872743,20.16792528242046,0.47840665907874946,0
0.628655305733621,0.45493910795068254,25.434535686064457,0.3530445898897188,0
1.1895033497025351,0.6731606629252413,29.66210607847396,0.40269052985886866,1
0.0639620360603501,0.6268337801131776,22.96503288349352,0.17184880399701316,0
0.6899590040874133,0.3783420997538535,19.6566528435608,0.2664068795303776,0
0.6391323991106876,0.19709026635838417,20.901564181875777,0.4973554066627287,0
0.978564482871678,0.6976133324730897,16.902343785467938,0.046512492812195314,0
0.4585737704856935,0.0925857755338013,15.502990021804662,0.49628092157774695,0
0.5218925627338977,0.3494170439018705,34.46258623993708,0.2265674382888921,1
0.24312867768869323,0.6924613567879634,16.928198687318307,0.20484836873447104,0
0.9019375163811546,0.3448825155531473,17.497746902213002,0.4915721557597754,0
0.9524152455663705,0.13840660306771996,32.41928170159285,0.16616271065011423,1
0.2071628188956548,0.24946212525934708,28.270104714385162,0.6739447364047336,1
0.50247563508657,0.5000220813072113,23.721450624906524,0.6936617429248887,0
1.0768407446670853,0.16402693077092817,27.980468114516988,0.3315082773389919,1
0.053113364727155235,0.5412014951317669,33.6996964706082,0.29296446837275925,1
0.3935729312160271,0.3786214483994343,16.98754622871412,0.07374547035113832,0
0.6882986278104298,0.3007921256153914,19.874220543506645,0.549188704980043,0
0.43420793860894624,0.23069411039237292,32.20600806941482,0.13065231765144186,1
0.36285196755431975,0.6674974893925322,30.61278690602214,0.654472545123735,1
0.5790431076386945,0.34750546059755116,34.88513443114381,0.693603062489543,1
0.2587515743261478,0.6038594492046708,21.27817630144385,0.10323865045556385,0
0.6590690271034064,0.3802663944780383,33.8977279427709,0.48444399982304104,1
0.8627003095102097,0.11890039016508457,21.873776625900085,0.3368745542660545,0
0.7115891955227774,0.3803794813754453,29.301863823709866,0.38797918086315347,1
0.15707573048731055,0.43076583480182296,32.65485895243173,0.1421107821652517,1
1.0210699062904092,0.39338164512003265,18.415641905167234,0.5119942116225413,0
0.2512245131106114,0.6621812838112044,19.112773100704004,0.1332966502562816,0
0.9295338007027979,0.7331385117822721,26.619172960646935,0.6220039848657415,0
0.4646498773922279,0.6400840064082756,31.876495400710283,0.3287027377533493,1
0.9501755502645176,0.4870864266582198,16.578990704442234,0.4517103075699304,0
0.2872138389161476,0.456087470416168,32.017616195118066,0.6468179527928637,1
0.26466141924974423,0.5334620225927442,21.86241059090193,0.521798863265725,0
0.6215797231501046,0.2658727223295309,23.124532279450037,0.38777656074597916,0
0.08787641690311457,0.6588851346115139,21.797221913751123,0.29382080053348475,0
0.30909193959968334,0.6926361332027458,33.22959809215375,0.33425188295571884,1
0.8826140900120005,0.2504128723863729,17.61588653165678,0.2523376805351667,0
1.0129910000512392,0.7271136561050583,26.485489623526867,0.6634050011716355,0
0.142903168528482,0.6865495429937506,17.962161612515835,0.19194333402040123,0
1.06438936585382,0.36836507561188264,33.57189260189683,0.2983554721659412,1
0.9671447846611558,0.7317501515695592,30.958626270712386,0.5491922687627315,1
1.05013694006301,0.14032924535863112,19.67638548522156,0.26775233738572357,0
0.8531928377656659,0.07098991940667528,20.95556536176307,0.6228954095779211,0
0.8252760273880594,0.3109001191955408,22.63030655925355,0.18528939529999322,0
0.6538572183465934,0.47407677412050875,23.10835350590873,0.041314492362394636,0
0.8007053081650122,0.3135819608996496,31.3468571726411,0.4475507563312707,1
1.106976114251596,0.7565508002535197,26.290667106183808,0.36561235125988867,0
0.16560030162921469,0.2410326717913588,23.55898629783456,0.6544794943257594,0
0.41312914952300483,0.2609100451945092,29.388893138727056,0.30772998160925397,1
0.13332321963525262,0.5261207094086413,24.157297526876132,0.11220137541157185,0
1.1365259477356442,0.052897911756281155,17.56480033769581,0.24422696532751792,0
0.5620552858992962,0.5956677892659494,17.149783685390567,0.2873840307730877,0
0.8266461412776167,0.3331021123198679,21.519133595903433,0.41652963340154725,0
1.0172880741799695,0.7833109007324721,27.05740475230344,0.20666033394063962,0
1.1896502852879618,0.5685631947723115,17.696826552964687,0.39421305771818743,0
0.23604982646110562,0.08916121631175732,26.002683413948148,0.6374711885848553,0
0.969439496575963,0.11947085655648022,20.39219289617467,0.30813663786302997,0
1.0705363328572468,0.11612608019311892,28.908268312165834,0.4630672558775892,1
0.10620668337850696,0.7644666949189578,15.565254023527412,0.17565103924554126,0
0.9172041442134093,0.5630386559131908,24.38046862961146,0.5649023906312952,0
0.45793411937603284,0.3707045054667018,16.045282980284654,0.20337602864484008,0
0.7958863101909969,0.2003620174100233,21.61015550550641,0.4142658995837786,0
0.6411554254446945,0.7052298098268525,15.311502885737582,0.22416827941822579,0
0.3487035898996324,0.20116694575350536,24.381975211558625,0.06583359804205598,0
0.20550456630458397,0.5800094123568631,30.340317369560232,0.23737066358150086,1
0.1844893180525895,0.6224932711590095,17.00440075491889,0.16418084928371746,0
0.16882128636476545,0.27099206664155623,29.704453839880543,0.6270181625137877,1
0.7834585461547644,0.4286860528779817,26.683905341846625,0.20099023795393736,0
0.4541224791094688,0.2172419617387954,25.092105462720404,0.6826077636028669,0
0.2991284539367533,0.3341972430916236,26.989665245604833,0.35479515197290834,0
0.8456678566117884,0.7738507987100066,21.717942634583913,0.1703241772660014,0
0.8398770006314369,0.5698535259908227,29.206791075365786,0.286114010552673,1
0.6700435362105474,0.6849606546428864,30.593316838415447,0.1447331598983594,1
1.1252014893957285,0.45544967860005575,30.564477311737548,0.5869046126149086,1
0.49322636615763443,0.2292798066135171,20.389195787873767,0.10157910312840322,0
1.0112424169596868,0.5846598925003952,28.07814019379705,0.613998871016881,0
0.13641031912202575,0.4254259705929248,17.96191451490553,0.05122359294741999,0
0.9008057581442801,0.18263665108029403,24.908392271925344,0.2237333934399464,0
1.1867145259067196,0.3593224172136577,15.052585201190352,0.11512296976508823,0
1.0235879487309893,0.5261301642622295,18.871735180166823,0.48598057122610133,0
0.7166144272065682,0.6014988925116787,27.63468231665211,0.3683787770752679,0
0.7707809739762347,0.2324155969177638,32.48723010406259,0.6587509095365521,1
0.4562829818524888,0.7069980045119983,15.980565971720486,0.2690029175348414,0
0.8314080009968196,0.3346633303060085,26.171055843486602,0.04770938358033557,0
0.9359546906585261,0.2533525384195613,27.735500402100612,0.5379281629726907,1
1.197962753285532,0.1963400415902936,33.647819623654925,0.41406044177948775,1
0.616332354550498,0.6531285008022303,28.10287589289913,0.5826560075662014,0
0.12049967563945861,0.31562343122454684,17.06065404941477,0.3097742290100535,0
0.735236643340633,0.412549270915951,17.93488485088961,0.5219631897223864,0
0.1868777724794939,0.21711486767290672,27.715282577739956,0.13632468018163832,1
0.33147980008952654,0.5645683033766987,19.312393535264654,0.6996780572856519,0
0.4280968980015978,0.6357750556643168,33.56610949754577,0.13807994291099407,1
0.8906843541206722,0.3045689367150062,33.413744015717725,0.5842644268080288,1
0.2613793424602756,0.7588095390285515,33.97311720314427,0.16445795489465376,1
0.24061588886870539,0.07295795717017707,20.859052156243866,0.5521054295240342,1
0.10170887887365158,0.14970732745553028,29.338998159206326,0.6056516435786816,1
1.054225926806963,0.4915902736703681,28.26027813869699,0.6161158162226422,0
0.8475312380094697,0.5760551465362848,15.712075626755443,0.34348854390095995,0
0.09593843546027046,0.23801224213179423,20.311301526925593,0.3115928217193057,0
0.08253615148383177,0.46555332266851135,19.13533459358937,0.5869779684889007,0
0.6924754409463145,0.2887896852821095,22.4161720347668,0.41405267160655357,0
0.37491456147971763,0.46556693421619266,34.0610743309045,0.4424682454121992,1
0.7362353029967181,0.5444957583231894,31.912032779166765,0.1805256424218626,1
0.5497948020331102,0.7796060401767931,20.86849182736554,0.3233867696577725,0
1.1118094466567927,0.39177264501588777,25.60063062198646,0.27122524388541513,0
0.38098036720557305,0.5361620302035355,18.845322431733237,0.47241866017986317,0
0.8310171737047275,0.4835294359399489,20.548679845918763,0.15360863041305328,0
0.11216245836138908,0.2881661704156797,16.30006498029769,0.2959113101711563,0
1.149239614317264,0.23979809877329028,27.85213001833673,0.5971378001187472,1
1.177871088094605,0.7909030413085428,28.13841548992658,0.39158306042020197,0
0.8999358233688742,0.20513927127613651,31.77003241606887,0.629309904580872,1
0.5849943422981091,0.6427064503056776,32.431036268545085,0.17811866189054285,1
0.3029924552263505,0.15994054326557078,18.201187983874455,0.3191342688868233,0
0.9843937912851594,0.6532634520209382,29.860818923259743,0.3602830317726715,1
0.8968072117190756,0.18929633224216103,17.694152656546645,0.2923858369682067,0
0.3052471454950914,0.7753674830121253,22.474300234916218,0.4854556223963206,0
0.5688975882808556,0.564490742430888,25.310731431184422,0.12112947188355984,0
0.5822187784893028,0.11758868275687166,15.98939828174152,0.3731922653168632,0
1.0003721324686154,0.5698828395942581,18.135274230909086,0.11436519832368626,0
0.836421386984188,0.5027155720861639,20.422321999800765,0.4478542923755372,0
0.7896426750710633,0.30315968502046886,17.550846592683786,0.5845687306266375,0
0.7973015359477702,0.245551998317536,33.68192544412666,0.03359799175162356,1
0.3610405912898507,0.5890705863111142,20.766383761742325,0.3307166307586754,0
0.4774679488039641,0.6060210297123994,25.023433290178275,0.35503844243100074,0
0.10251162825221205,0.29540438671440244,34.93068475851372,0.5097728632441333,1
0.9549823061839423,0.7071703331296277,26.332853538624878,0.07080955374302433,0
0.5479479474452859,0.25162041416636843,23.229915499841695,0.2960941312636653,0
0.5539741106507096,0.10239831948110827,33.595848118485705,0.5541272371973379,1
0.3321597046736707,0.4999008836206839,19.449955107332173,0.3818583018273945,0
0.29084137367834323,0.1303029296237121,18.590014816774158,0.5298954079170176,0
0.7259952190043836,0.25749804819986394,25.70728738081567,0.26752665058472747,0
0.3174359674842271,0.43038979478632844,23.546034756627805,0.6456596236823814,0
0.12384017930028407,0.26476971676797323,30.9397215463093,0.07259477558927012,1
0.932633528378033,0.2112472568150333,15.840200826087345,0.0819917959459023,0
0.4829398495673208,0.5773890611792409,27.354516488224398,0.3793704153381515,0
0.4872709214842001,0.46024950605172166,29.21358285795753,0.34016021734424373,1
0.54601602374316,0.6798209361877104,34.43833521647934,0.45415791867613303,1
0.9873015469193078,0.4859296959916082,17.91526400479671,0.17575817162266824,0
0.41896243033078967,0.41258540883033373,19.924864374189355,0.17369923786427538,0
0.9217416429465114,0.24594226370809114,33.648864631384846,0.5293945060833986,1
1.1304765668964747,0.6440494063184731,27.61257690966601,0.21840033647917773,0
0.8099984253135193,0.19765325642327541,15.760980654710233,0.5145583799088015,0
0.5464332433535783,0.2316713082298702,16.54688004511558,0.4556807498541142,0
0.9099581816186644,0.6811914475648025,30.708811212553364,0.07666246426383806,1
0.5765819752140934,0.6058943942969084,26.349489969128314,0.5035681550205303,0
0.5265913617743619,0.5096551167346405,26.30830963237748,0.6180704547320294,0
0.6540756381085857,0.07919039808993007,32.59731286622571,0.5753194549963832,1
0.4153806850306878,0.14544321371354485,19.821958387424566,0.026026068805047077,1
0.16988774872200135,0.42496809514070727,18.2086196364404,0.3870054561742642,0
0.52707980635509,0.6097541926121683,27.27611895244161,0.6410693040059267,0
0.19243541329869723,0.3980756481438675,32.64846195307767,0.4271334584554331,1
0.5220076945887637,0.06296976831108732,20.305012893352362,0.21742172804410903,0
0.6904737793954678,0.18820249900011626,28.62588729582704,0.1522903565598622,1
1.1203178583864937,0.49157502471516357,18.047580637165485,0.4857643199613741,0
0.09165568070209913,0.5706627947659935,18.43817391658298,0.5444526756047536,0
0.7646771674772358,0.07507123453392829,33.03020115725475,0.6405576401438322,1
0.5763954646475888,0.08249881509537525,17.359299898127507,0.6358872768025116,0
0.07330029743476005,0.24598258659227223,15.486910733103894,0.25071051295868685,0
0.33698040232952836,0.1126262715399237,30.498808962215683,0.4306363134239331,1
0.18625804020802178,0.4564596741450235,22.250190970503606,0.08903304638411577,0
0.29931326759116145,0.14277648646751034,22.933171044042616,0.08423453411138226,1
0.3657557799800559,0.5361645011760668,30.99715089816391,0.06859862542437167,1
0.5115022856895257,0.6329189894806903,18.598715831546965,0.6504580873397802,0
0.6583953025122238,0.7778874978140801,28.006538830420713,0.12365404983469559,1
0.05113849301534402,0.7613052212282858,21.27056657675269,0.34798181497226743,0
0.23614976472305188,0.25502386267645866,17.085369212936882,0.3144892080601969,0
0.1576013434501208,0.07205720196737962,28.749920979401757,0.240844354546125,1
0.6821244091521553,0.297059162083826,21.373282691018723,0.38565684359897673,0
0.42843610096146023,0.58136008903449,32.332082085601414,0.02189780552204025,1
0.6806573964399258,0.09485090695440447,33.38071300463802,0.27850155005732624,1
0.3050967975008795,0.3197844932535715,31.981035238419054,0.3459539611193648,1
0.0778637572007226,0.2735259106601802,21.447034948709238,0.5662469826196044,0
1.1325719364607838,0.21450922686423252,19.731652487193124,0.4966551319251188,0
0.1745543393673431,0.5795980660477364,32.856012848156,0.597838026732211,1
0.1958875601559743,0.5443227537682805,24.058939677529224,0.2758827999802824,0
0.2185288504866616,0.4516205705257575,29.154794471160315,0.11581575890222419,1
1.1784680025922636,0.7330809797611982,31.543284028212685,0.2927183954744761,1
0.7603092761954955,0.12735413954770436,20.55373309735645,0.674880551069005,0
0.7518334444594281,0.16226691835859813,17.381948558695804,0.16574276395894258,0
1.184702931746309,0.3375872594145598,27.496551266865715,0.138833646822363,0
0.151704584665853,0.5419115388971755,26.8038451152645,0.6621493477881715,0
1.1706760264236324,0.48805946918405907,20.404001453171517,0.6659476976709446,0
0.28461511853714705,0.10553201560094898,26.694134427706842,0.12148106101234263,1
0.7665322290963408,0.7688186028098506,30.80714508956686,0.5432279458548154,1
0.5330961000982104,0.27879861234604364,22.00021964688255,0.31222490284632387,0
0.4915445854987549,0.3192294603373204,19.846354378511442,0.3547066868833467,0
1.120929827751382,0.5177223492825677,29.500024272191123,0.3591079395915394,1
0.22161188770629492,0.758874138094801,30.717440333635896,0.6784926615604736,1
1.19662936273768,0.547016179327454,34.08578875737841,0.14556955769006022,1
0.48599382025528076,0.7660799971607781,17.951716458349424,0.5456833399719164,0
0.7960911394718375,0.19069333911535924,32.78528203776389,0.023858393684533682,1
1.163092741205864,0.5141074467297012,30.30197622379805,0.44745487269798784,1
0.116241207935821,0.6716591689072137,29.037998158617757,0.4638210241553605,1
1.1112940173639692,0.4317683511911354,21.26107258380756,0.5325202224264677,0
0.7029830931574947,0.32163025687200536,15.443859023763082,0.6496544067081652,0
0.8600564108240701,0.7885688975239079,25.15100988238885,0.5326078718458346,0
0.2215618114693006,0.1557405052974954,20.715387529714324,0.5178579103708659,0
0.663395545455687,0.35819714564649247,20.796420378533824,0.19257551109826296,0
0.8245407719340302,0.7050303144204952,33.54277154385307,0.695131002236606,1
0.574684403495834,0.7253605598794407,18.059377841064183,0.33851799142826955,0
0.2282329548219652,0.7852865761698307,33.68464759181108,0.30386606954987166,1
0.33073693634841306,0.7136356941982862,25.0761342002148,0.36127674982842356,0
1.0325517096425232,0.0882177690405594,31.765585521218735,0.2879583899125047,1
0.08964164175767719,0.7473248747206163,20.671751428838206,0.42367354843364907,0
0.8651913902069343,0.37112539355508894,27.678413281694702,0.25774472105381796,0
1.199298541991706,0.5387143905924365,26.131767914468334,0.18316249728232517,0
0.05860544552278161,0.3457069018753393,33.483321788356676,0.6510365332211028,1
0.2352025352429309,0.6602510574601616,18.58596853684842,0.6509233663801521,0
0.8252659460271047,0.48193945724207454,19.09139779484959,0.3574468806908683,0
0.1189894597731505,0.6841584819155033,33.97928798907089,0.6742601938821263,1
0.7282584814342378,0.19532860364057542,16.9592924157221,0.302687668694163,0
0.8366001190952145,0.1887373210661767,27.693649380879926,0.28341763055730057,1
0.7263683003311807,0.3802826011885902,16.211282264305062,0.6434961722856386,0
0.46996240847422727,0.053563658721860405,16.539816162412066,0.45038356205575814,0
0.8518746403846348,0.5696397161721936,26.942974858034436,0.5385118115978799,0
0.7334385922158936,0.27204029585600825,26.02735924308117,0.30066580546353444,0
0.2887827479080077,0.46797450966083737,26.460523975071855,0.2967611318436903,0
0.6976058751228762,0.10250267034563516,24.473041930998857,0.07664651931710831,0
1.0641932997097665,0.17798326953702048,29.847186811632096,0.6773858415373658,1
0.8168582785440175,0.5171443775164496,34.84377072729797,0.17501209745263208,1
0.5925602335029242,0.27924697033328233,20.51562492780711,0.3561016032710731,0
0.4198217182998688,0.21104145693922527,21.46879334629897,0.09793498485532796,0
0.14876914085320878,0.22163487560582595,21.460990846864295,0.4599284570809691,0
0.33132120267288295,0.21111452354412158,30.265378926117048,0.2857953061684816,1
0.06286476604990843,0.5171382120729112,21.960310022474562,0.5420100743828508,0
1.1846198051537091,0.17576841085209283,28.53474135165301,0.37929748505181615,1
0.3058545899480509,0.32202976938491773,23.91775114023858,0.10804593432575764,0
0.9871073340881785,0.5659151491950892,27.156093340460252,0.027303545844563293,0
0.2439416140757254,0.43525329301073795,31.580307456097984,0.164465103964207,1
0.37614132204641,0.4979606530816129,25.281173751084115,0.5125556164779098,0
0.5310189171126217,0.2381802345978114,24.50346401693411,0.5833896067685872,0
0.4230665137628458,0.7495361548739042,20.33949167210606,0.2521078242485378,0
0.9681034346738402,0.3604094362372517,25.31809163639568,0.384429048438341,0
1.1513474192177366,0.2652229524592509,20.248245458192077,0.18320903751181808,0
1.0565886561984756,0.7282446380438543,31.871404114359173,0.6187014038255733,1
0.22661454698992,0.5414672114482902,22.777280537231675,0.6763408592182436,0
0.9431919778016838,0.5104593973538378,17.582152636699078,0.5319992161343191,0
0.22013895030041813,0.7150509891246262,19.799350558527202,0.08044297000244516,0
1.1003882725464165,0.09390521470353831,25.691629349345124,0.3172406348208649,0
0.6455603620188651,0.6782596340056852,33.32575031659505,0.6935438635899842,1
0.4368382512652127,0.5583982732288257,21.011229971495595,0.17598168393302002,0
0.23057932193432168,0.319994596085097,20.287724081986234,0.4759207357193256,0
0.0635804514058553,0.24226350689289172,23.131196696202707,0.6582231673708064,0
0.3351390404100174,0.12860442491116825,34.35508956584293,0.5457783040191033,1
1.1011230727735086,0.7558056276850176,31.90439348922708,0.4340249058517096,1
0.9668515211130616,0.15643407749715216,17.99335902149383,0.3645595080489825,0
1.1652627639133273,0.24457890179816322,27.275065742005282,0.6515937663891825,0
0.165875749289579,0.5683303846771024,30.83728406688069,0.28841868963323286,1
0.7310055550315199,0.5826143284144945,30.360206827404753,0.6328629199214961,1
0.3457230451353931,0.17057652845194549,24.776909835092315,0.3131159917251481,0
0.6743829616382685,0.6605983705742208,29.63662771348084,0.534450616156003,1
0.41852311839797335,0.43271545188227184,26.671732211859673,0.6426854515018842,0
0.3759853827798611,0.6863425085863317,19.028899657044054,0.39443717786718924,0
0.7099220973282871,0.1154640423856584,16.121072812730173,0.2307182968672954,0
0.26081588614997137,0.08212249932026726,22.389993601006744,0.05467096936789852,1
0.5895034525179343,0.5277427861207623,16.238780038950797,0.5702967751832471,0
0.79843410480064,0.16251784783236262,22.90026807841784,0.4429667460715236,0
0.19740938416022463,0.44371178429997493,31.5775800314152,0.1988710405213371,1
1.1201834115084397,0.06058156946338154,31.885882968071627,0.6166399241498809,1
0.6315834043722435,0.6349469454111503,15.681478426800357,0.6458058793675449,0
0.9924571676669935,0.7246476276338762,16.390709350189884,0.6232729340687555,0
0.8019912452142228,0.6791620714732161,28.397341751824893,0.4290321708822048,0
0.8665010824059274,0.7687646098628138,24.999973898843997,0.6840754928751195,0
0.8735505821417637,0.7273218159940923,17.98716785460782,0.6148678292172022,0
1.0563648816206934,0.3830135137177739,31.110592354641863,0.09089707536304836,1
0.7556462503039627,0.3487611563327349,19.32992325412844,0.6871520636523542,0
0.369949724479598,0.7221377509786573,16.562985093914214,0.3931883334154985,0
0.16443608929527573,0.7452040965179203,29.990142762000172,0.6456244144194208,1
0.7471882123676626,0.7796269612385278,27.16251949263928,0.5370321756862236,0
0.1263057243361682,0.6262379261320871,22.888854774626473,0.4603453392416847,0
0.3274874694429597,0.20149162245603525,28.85452407567069,0.24213721952632722,1
0.11981326229219846,0.7587156020830419,33.22761377382406,0.03838041603734722,1
0.6812207273575521,0.7603561001121647,15.683648855332954,0.20818065166061678,0
0.23438884368429824,0.5495985229347287,27.55358875350671,0.48635781955404495,1
0.7519684173484943,0.6929601997621135,19.3633459403112,0.6069181366726744,0
0.9594949004927578,0.4708823158729642,24.482755198827675,0.021595686038526112,0
0.9951628288876417,0.758095209058792,23.479622577667392,0.1614221661750391,0
0.40597503435827154,0.12045229744406839,22.799593356690593,0.47768604647341906,0
0.6812977125986704,0.697972772363578,18.80712200494924,0.21287187093787624,0
0.6974623740993128,0.09162772177785451,31.052998728899645,0.11635794075645853,1
0.5938202594772916,0.3043302891635154,22.590411698554007,0.07571654679199578,0
0.8033809751384795,0.15149423196144646,32.7439252187296,0.453757717840698,1
0.2916001923970636,0.4093513193471841,22.093365458929817,0.42450467557927446,0
1.1761297255248133,0.22418461849435245,31.794266893583067,0.6038572290617751,1
0.1627918011545723,0.7640542845004978,25.889326630493755,0.23408961372678,0
1.003604312383587,0.46949100024005713,22.712504697195843,0.11296866046817587,0
0.7332103849938659,0.7232980522277936,29.08064429195992,0.5634254603093254,1
0.33158295927277326,0.2585438517883632,30.733092492068444,0.6919664288995864,1
0.9075262507593448,0.06948316995992061,24.653815805489636,0.2650648876203887,0
0.14715303002863273,0.6317412527629414,23.508408567670735,0.6084377376831525,0
0.9405805096161005,0.5767832449789789,26.548379407446443,0.5385309201173863,0
0.7284830055794655,0.4591187342556452,26.703267570114363,0.6398780004359487,0
0.17736286615586183,0.6615070472969096,23.509584317093747,0.30857328407503193,0
0.14143139755622575,0.6800632794860995,30.15325756885275,0.08888502328020051,1
0.9134617834519319,0.4909274810136303,22.99442895507616,0.10048222032815153,0
0.3868762924794127,0.7744458438904528,24.059966857649854,0.5389749259114686,0
1.0726971283822955,0.5897839607129955,27.106364485590248,0.6070656508588901,0
0.9263839741847024,0.5576565321219715,34.736978038613294,0.3307713838371947,1
0.8529187814253735,0.321066344418984,20.213722220282058,0.060508204681259226,0
0.37039696052846854,0.05169393395000575,19.639055998230496,0.06536010744465696,1
0.8652861968748606,0.2307070054206335,18.537745330259654,0.4270482380424481,0
1.140369837192059,0.6229403801109724,28.78888428616267,0.6446645581461796,1
0.15529380952615424,0.5824034408278806,23.981892748368153,0.2917167893200232,0
0.4250870383041009,0.29826660862257065,22.772126801485495,0.4624214743354259,0
0.31987310528083324,0.5191872309038291,19.081807482977375,0.3885652828906046,0
0.5022376545607666,0.19646560960485288,32.822767548066764,0.6250353342274018,1
0.9036825530820384,0.24772078945178305,23.863460704447718,0.5860235759167199,0
0.5953789686391946,0.7605560704268725,27.15386622972658,0.15555702091519452,0
0.7063401970382832,0.35988542970169585,17.25059156585057,0.48072930702060857,0
0.41127812129009367,0.2337406957241409,17.159444333698023,0.5963021663504859,0
0.21248265715016562,0.41533118512924355,16.347090833279914,0.6525695796325265,0
0.35697369627838776,0.3402619098405246,22.346921616765872,0.4211504555571509,0
1.038632346428285,0.5971467780118294,24.45773204383823,0.1396196399091513,0
0.742779506476422,0.7715870798681609,19.891562988984738,0.399597817177423,0
0.4846869741768187,0.49380306834326887,21.993550117546192,0.4727569279276784,0
0.9583918789959257,0.49336039020268624,15.125200680475395,0.20529256183364586,0
0.12412604732314507,0.3236253940426123,22.021769305227895,0.681641007845469,0
0.3419747511107435,0.4734731989814715,17.38342669661695,0.17594185088949024,0
0.31461862716594013,0.28949664979035367,17.567689567477792,0.639719714777106,0
1.1831692464934553,0.05081905573425645,15.090121951200066,0.309122915116757,0
0.8620133697516743,0.6995721296588638,28.927611321302138,0.020376832086374676,1
0.7604538268468373,0.3720830641412789,33.62567548098768,0.3894365698779854,1
0.05573271008864383,0.4190663637904975,27.430911217043143,0.4472343888237957,1
0.26195650240333596,0.11262568656944615,16.924041038558194,0.6111670801816423,0
0.78087248691904,0.677832885054044,34.79298898785008,0.38758300215977914,1
0.48667722545391556,0.17775280278319278,34.51170341753027,0.08400797986385748,1
1.11292244123092,0.35796586908823697,24.364690713149777,0.6502332203282689,0
0.9294328520130216,0.680199160297911,17.157384368125918,0.4044412578293218,0
0.5644916837247379,0.39333720516013965,29.41478619294409,0.2046412105410817,1
0.911942224169011,0.7483642515998479,34.22936408966874,0.6312238592121758,1
1.1717149724001548,0.20698572756551725,30.573992082773852,0.10222116120958333,1
0.5801279484066912,0.5864246224660785,27.484057091419622,0.08628833052908591,0
0.7889047710718133,0.7834988926712956,27.21663804742154,0.3838061837843955,0
1.1064643073204894,0.46221022791523314,34.558362284112576,0.4449212749082225,1
0.33597586134159924,0.5691379239829947,16.462386736395388,0.36745223382620174,0
1.06954160071622,0.34491999470075635,17.991120391812522,0.651714592036454,0
0.16217641278893005,0.6135030047941017,31.616228894793622,0.19871816761374628,1
0.7957153961757935,0.7316555423927968,17.90226160639518,0.6933598515957219,0
0.9502638783141519,0.5772916752878969,22.665929738580594,0.03315754742327144,0
0.75679715214029,0.7519465335357345,20.629985121095007,0.10060311636890382,0
0.6198650247754245,0.4914894889942322,19.868894328807865,0.14625988809864016,0
0.7599491649145389,0.4828530803382222,15.514439022168533,0.07411149439707812,0
0.22441326509636123,0.27847054108186653,26.325025270696223,0.31798814917172985,0
0.2979063168797511,0.5822206183728394,23.02479041666922,0.6084530794842413,0
0.3603842455497932,0.7114643913171166,26.031804252740223,0.5781163422784886,0
0.7374462417245439,0.5347371695966985,21.090164129950075,0.5264346621123795,0
0.558186234806831,0.2247794154489372,33.82921710108525,0.025038393316111233,1
0.33114721885871545,0.4580818360412649,26.82694384483055,0.6086800981942351,0
1.065230731966267,0.6169530627135613,34.22414093064533,0.28961938252954605,1
0.48001011633720686,0.7545224861545646,22.000119085173175,0.5175136730762376,0
0.5629364771143748,0.16744703714041548,15.045790746926443,0.5143047054353354,0
0.5211562380313437,0.14562281822492046,30.625311299248814,0.14071429850860456,1
0.2592343985682655,0.3597076476746795,31.547577091212844,0.37046849635734164,1
0.8913710677447684,0.14420837709695816,16.17406794400672,0.6498030520833304,0
0.5657270016091867,0.7853216843788389,27.50738456924638,0.19887306845567834,0
0.06869567637662621,0.36822827546191933,28.220357340802405,0.5062189366410437,1
1.1586157577137666,0.45020788930092864,17.914677340951307,0.671474706719832,0
0.9881281533347257,0.2203158359695785,26.050491057051623,0.26522919942798684,0
0.8820932572055737,0.38684459265269694,19.863977613598873,0.28359089743032345,0
1.0494556510963082,0.788520451145915,15.329034064090322,0.32774250626183,0
1.0928283416463827,0.4165153635252271,32.33822180752236,0.5701466843352218,1
0.4381131623421044,0.05661794435336466,24.833903424529282,0.31871361078058946,0
0.7526024801792034,0.23189564768797294,30.633982018214223,0.3506472500850152,1
0.7501289805864333,0.7838411228588782,29.457860644582176,0.17117589304378847,1
0.35739461913218645,0.7918006350580494,34.87410522029058,0.6920746444394896,1
0.30524508916412724,0.20786981732877924,23.759068078023866,0.6268008246995308,0
0.18099334304187537,0.5114480658828902,23.55101213514355,0.4281729328593511,0
0.8082113253039207,0.10768124787906085,20.635111341023403,0.6731808485927447,0
0.9480568396853969,0.48308123183347185,27.502944268064294,0.4871584813882184,0
0.9250959264445543,0.14444052611482805,24.722250011105686,0.6721918301130306,0
0.41371668376272047,0.6639961427319935,29.575222442833375,0.1298443893829482,1
0.28604882803498255,0.7546812407016834,22.130233968828545,0.17331103669409492,0
0.5716563052228152,0.179740106037112,17.616894832186517,0.6219240752741079,0
0.6788354792765872,0.39703412644611796,32.24870904238908,0.30551458630610195,1
1.1069501971638391,0.12653224885597564,31.560938839293694,0.2723872387897463,1
1.056046627415162,0.3043550053047312,22.020003742314884,0.5329480423411271,0
1.103467080997102,0.09882331607039486,28.807034350239984,0.44862144891516453,1
1.0278017429063764,0.24840989601307029,24.848058125512235,0.253968687841725,0
1.1592683851017578,0.7926677503169762,30.219441942622005,0.2905451995358543,1
0.5853249967444161,0.08345245049105139,22.80264737329025,0.2977009556441048,0
0.10459452204805852,0.6942262472140031,25.712784707824593,0.10590530308695008,0
0.14609633697074997,0.10808943331557865,16.156322081294945,0.1760966720397213,1
0.4988175630381946,0.4467476983380201,18.498199631761626,0.3855205914897025,0
0.3463401549639468,0.38908984432050925,30.63531215550206,0.5516424635493796,1
0.24543168006522742,0.7486659950154837,22.63130964345755,0.30495283341187024,0
1.146184340684946,0.19928739671381718,15.702108484591804,0.2806799037184522,0
0.2747325266722158,0.18476151153472636,18.352725714238932,0.4623509844007517,0
1.1532861631625155,0.6115355664258743,23.23196064171229,0.12693262743854475,0
0.9249646663693881,0.5942896048252655,29.358262140335437,0.2789102206036301,1
0.787087522944007,0.5743863278695991,22.26970083614462,0.16153264061395578,0
0.8274218041027851,0.06959533712928555,29.903715087577382,0.46311943934298205,1
0.43119547220799254,0.2449697650436815,32.16121174590167,0.09640753014293263,1
0.7933910937670244,0.6799213833907245,21.822732284114252,0.3245195173296611,0
0.2646959360234551,0.5006435910925795,31.00751141708851,0.42540379882283774,1
1.1283612474163764,0.5016461905491363,17.53761331860379,0.5868993011572033,0
0.3970623409546825,0.27193745405360875,23.30567050143319,0.5126948679697513,0
0.34346448913757344,0.24512981641771092,16.95124792563185,0.6611469222894267,0
0.8678372179232812,0.759916166013691,16.050559775895515,0.4823173169320028,0
0.8049160257761091,0.5958164591399092,16.29054754970894,0.2574489517321223,0
0.5689937560948011,0.14514958835137814,17.095040541632727,0.17757224010980693,0
0.7773131698944042,0.7532802066078229,31.714518468327974,0.05847603448801138,1
0.23341703252498452,0.4867776138635411,25.8735424726738,0.20875957936277723,0
0.8243275535122483,0.3000217752178161,33.947763755540215,0.11305710841575652,1
0.3612022994744729,0.34785458479969883,25.76000602625027,0.27107284886434363,0
0.3637613731779259,0.5940533827644637,27.574226646207734,0.4977531346917717,0
0.23650692518535227,0.3322044887645627,18.68967922280986,0.4905831364649392,0
0.4322337052915893,0.48405859933895523,25.811620412674166,0.23635317196748054,0
0.4309387193580273,0.5828746224863037,22.706050976066535,0.3658156120189398,0
0.5723058634576097,0.1965312479794734,33.628706842807404,0.1674046674652234,1
0.26898243036630193,0.7581811146819121,33.67842431563584,0.3620241686031324,1
0.2719586665825812,0.3171295785765574,18.96997225004482,0.3668556758364776,0
0.6729993574127127,0.3645310678076857,27.402617278767316,0.22488185046451323,0
0.1982090153710464,0.5738857759008655,27.76351605941956,0.19643810144360097,1
0.8422315591871604,0.5065888170408231,26.250701589160357,0.6861106355075437,0
1.135539194741986,0.3800898777043844,17.486594159902985,0.3852439875471525,0
0.5408149649140349,0.5373065302255936,28.080306376817237,0.40221210947257485,0
1.0862711101232783,0.7271212306790334,30.981705698484003,0.025299981450282085,1
0.1630640797947441,0.650212712484064,21.904520677062603,0.14365173151210608,0
0.09940127148199125,0.6681942574660803,25.291034038883144,0.2625029340376155,0
0.8795742091409159,0.24380630642548473,17.32655892698556,0.6768669049127626,0
0.925174808928721,0.3645525119732282,33.61377422974056,0.13916437931519915,1
1.0195169771106138,0.4653643562405444,17.1907570634464,0.22623700370226998,0
0.11534033015997863,0.0831431143711122,19.16754213336494,0.6933067557737859,1
0.943443113200355,0.6273441352829935,20.9695695160007,0.34715387678840937,0
0.483019542716069,0.29259756831131667,31.515804783640437,0.23651728731975397,1
0.39883827758452833,0.2619470585307607,29.0131184100471,0.4513640659310376,1
0.24897750954479142,0.24446900701710977,15.14028876006205,0.3574855534711818,0
1.195418118367906,0.2625344490650483,18.67123094318821,0.6710653823161914,0
0.12321312771669317,0.30351112411837416,30.003023583838036,0.07657263263459076,1
1.0010592167991992,0.5036184185571194,23.07668982001625,0.5575725859520096,0
0.7854186008141066,0.48767399142504736,15.5242706493452,0.20977873735482977,0
0.8953425109011471,0.24178381520140652,34.278337566400495,0.5685351450733575,1
0.8684746879100659,0.20481820742990564,18.024658258811243,0.5964498315963491,0
1.0371996578341598,0.6697686425535176,25.20933280093655,0.5974715434559109,0
0.26136088033452454,0.1195425032572749,19.96632195289687,0.609353075244127,0
0.050948309359888186,0.4346171309006956,29.74938640450719,0.5083267046125016,1
0.738307762399756,0.44042065564195704,30.53452198094576,0.11683481976610495,1
0.456937435221834,0.48060260510871616,22.94440807049786,0.05529376357916829,0
0.19235543078470835,0.7142375869303519,28.168992429180637,0.2517203657709833,1
0.26405956721987467,0.5179354550710757,33.18147169092971,0.3566475038555326,1
0.4315117093281063,0.7802253246860176,31.296182369852126,0.22578221250289573,1
0.1307683765197087,0.7035148125115457,23.297954352898294,0.5247007150694053,0
0.11545018244771849,0.21105519461540867,23.82952107793276,0.5112615648821888,0
1.1034301930573107,0.23088748266897585,32.73756548054041,0.6809086607573461,1
0.4089181617567506,0.30858060193637793,15.687456008526858,0.2923897015395984,0
1.1795653020946226,0.34363581131009846,15.456231446276528,0.5542948093506391,0
1.1590220595799599,0.4647463402307716,19.115906831300443,0.5240159801034087,0
0.21395697467618086,0.22438447467225414,31.55243289370687,0.6923496717247596,1
0.8721629483306196,0.21675888583532427,18.064263752344015,0.5460583708223681,0
0.7409256224961296,0.3360424680260597,20.705585698967052,0.21283068087740226,0
0.8442441340709266,0.5540173349095641,27.581373802803515,0.03038523140685907,1
0.160619650016646,0.5660942098221413,18.684856201227614,0.6783529850455688,0
0.2668440904297417,0.7820875550302172,21.06232682487147,0.5069269498144279,0
0.1381344606685137,0.20181157544136052,24.338254542463844,0.5725725069963767,0
0.7447543359996318,0.3446443638927355,19.562185675358762,0.5594060250115516,0
1.1845797372264548,0.7735081234542953,34.84827367955866,0.520317541195355,1
0.8227822183066326,0.5675065569991642,18.268920346425357,0.5310026386372392,0
0.8673757652752191,0.4942088936165144,31.99874209840506,0.6520315656462305,1
1.1822727977747731,0.45473453855101015,24.401996629974384,0.6415956717113621,0
0.8297132872975655,0.10663278510219242,17.58247359440377,0.2778741871711884,0
0.09620880852274089,0.7200303566119328,17.369723143251612,0.04105383607033655,0
1.047056440985087,0.5191289115613308,25.005921121017106,0.046303483577325354,0
0.46938003393561567,0.4787505559460255,22.070403429384204,0.32371408787595873,0
0.05501816474192267,0.45462525749138194,19.692045982259874,0.5877860803322769,0
0.6333193041949436,0.34393565549083377,34.178782743314976,0.5963756340985548,1
1.1275672510077033,0.24099851852066956,24.267594812663816,0.29498491523634857,0
0.34593029027423067,0.6164914890008633,33.57621962744655,0.2250959052366177,1
0.615240149010766,0.43217563832124656,18.279994521296377,0.36448898221345116,0
0.24984342094974937,0.07545464921691523,18.669321344600245,0.5861293806715575,0
0.11634657241640611,0.34932087482912244,26.92055381884903,0.45281736138047424,1
0.14262668872008016,0.7464527286671244,20.397512852336455,0.11506795328848367,0
0.8860625418555588,0.33042092115564714,18.69875711222521,0.26631908168781926,0
1.0436856413534714,0.3599247559441803,16.89370770826622,0.3976896223302458,0
0.21479366514036474,0.5179708422912768,16.525413406143276,0.38601845327527695,0
0.381566352982039,0.6512561028619117,30.063367708268526,0.584831133660321,1
0.2742838877915514,0.5513458382785341,20.64326292739633,0.6538767994116467,0
0.08088414346539212,0.68754104834221,34.5683830661527,0.08831490403917393,1
0.6864460753700311,0.13547794028052373,18.662422549582494,0.17259716143520404,0
0.8549104956582947,0.7434444149889867,22.088933000476956,0.2866666992348067,0
0.795059103017831,0.7279414493085395,22.49817238964667,0.22155069538669891,0
0.4962615793975847,0.43936143993919086,25.003055854736598,0.29763753657174113,0
0.6882617828308911,0.5185566783404009,32.41271737958907,0.047690435458357744,1
0.15821420263165836,0.20960978765105132,31.695404199283747,0.0648890237107142,1
0.2274492765310871,0.38596057848604165,15.199126617275907,0.5900858049972105,0
1.1215638124859308,0.20202752068985924,23.185101339165254,0.08975561319608316,0
0.9257339099928813,0.06648250920576464,31.558734620811638,0.5803710761564296,1
1.1111499601989423,0.7856773010952894,15.003956156534205,0.22842816122606383,0
1.1041823271742723,0.2443598867826538,25.672791444364876,0.2302718915244219,0
0.7968015096739017,0.49483123167337645,20.189512426664038,0.08850797912622885,0
1.11747444532899,0.2751877876533973,23.25537098484201,0.029019099408779118,0
0.5292097185448327,0.32796621515782615,23.40609399757616,0.26159625374286194,0
0.05415868150268208,0.3483211689367061,22.83508881435029,0.5880426962799086,0
0.12195678322308327,0.30128504849356824,32.83900244422526,0.6455697158858821,1
0.17591042455593747,0.5280498195049519,25.72927217939069,0.06187817816862411,0
0.1596564711602893,0.7707022028664546,33.07493447655969,0.04101748338781394,1
0.45445774947780293,0.37147598750467475,29.53484814642702,0.12798442168862675,1
0.8564614281757612,0.7799950430406989,22.02240141948011,0.5410770699062731,0
0.9592461275905692,0.5508479280085874,24.871273630979097,0.1593202808959628,0
0.7287452654963184,0.5053521462657568,22.797170764105836,0.17695105458823682,0
0.21840160074052645,0.22782788884919225,31.57148556400643,0.6244810345660767,1
0.9100868424704015,0.09719052942453561,18.751956239419275,0.6149653463558036,0
0.45802220700823876,0.6889510777188717,33.72824564523103,0.47579666920571473,1
0.06494235097256568,0.48048579795820173,26.608489885038324,0.13152937072740567,1
0.3726769136126617,0.3608103968186614,27.23515907936168,0.27918144896306885,0
0.43019063726212453,0.6589754915663626,25.336028005039424,0.18060063618819153,0
0.3653823655008183,0.2829352869329891,26.089929540898353,0.4768549956533275,0
0.9836506761657234,0.6377129419733655,28.35350832845654,0.5503531168428268,0
0.9239153572332038,0.29597287655434773,28.100705102017194,0.1166509309719378,1
0.8498848349745377,0.7406608898031227,19.282941777399287,0.6306099663767728,0
0.2098558402891051,0.25097515584260194,26.64880321746148,0.3347216168850089,1
0.9790089961622243,0.15316558818092835,22.09252881376885,0.5606039810565648,0
0.8287523559128223,0.573572531262059,27.740606116057577,0.055113573808534363,1
0.2740633394536007,0.1721354397985781,25.956691605358376,0.2651952071732176,0
0.7953080198237439,0.7620222877167393,18.59359867424985,0.030051044434181128,0
0.6060383871542332,0.5416663342916496,29.69467835078072,0.5085696173762416,1
0.5552525711346588,0.2231454959633945,24.140268949589803,0.07402665975720593,0
0.17894163799324714,0.20661420071407155,26.02883104572274,0.25003433789798224,0
0.6460499172219402,0.7429062793403163,28.45285729849626,0.5515891028343884,1
0.16492158031821819,0.5058934346374182,28.05743547834274,0.5292972053343815,1
0.2388913953424066,0.7203020050043125,29.978576401800893,0.45539694185353297,1
0.20242826141597708,0.1326689036343689,19.13503457286235,0.4919340344121444,0
1.1472245209305088,0.7440441466843821,17.207824674747137,0.4628373010704294,0
0.37759439401047357,0.44003698399556623,28.38359149348689,0.4560676521246446,1
0.45848497213540884,0.5513164372485129,19.719698933313644,0.25776515522815174,0
0.4203926972404414,0.32965660365596045,17.292097370996533,0.0391526787722618,0
1.0829880119548654,0.09435524150436965,17.62474985618816,0.3204415778747304,0
0.6974107980351217,0.7684793310063719,21.25600247799028,0.050912563081434395,0
1.1070338837733085,0.7959487468313615,34.83574096098491,0.33882982868407646,1
0.3949136417020798,0.3234101365703322,18.1452065337417,0.3355737041762345,0
0.1820598755967413,0.7579009473139848,20.970731245969354,0.14153064533939705,0
0.6896512206328008,0.17579471822117315,33.41468303764286,0.5532979086510464,1
0.44736754055852007,0.16601333724393164,34.266161262816055,0.49886235249909316,1
0.9721928585143605,0.10483388000687861,19.576867223030362,0.4004868876766421,0
1.0613369202484073,0.34345205568811304,32.60905394101315,0.6496178344827473,1
0.5934595375431325,0.08922668763619938,17.77835889046027,0.21528723698294336,0
1.1670628776983345,0.34599289220967255,30.230728226010314,0.19818191059619555,1
0.6859649572960668,0.15379282148725115,15.26016321294743,0.14473635457562448,0
0.3615584523942593,0.5978958466797181,23.1323925848192,0.3902190556915559,0
0.6123218426459157,0.6750219870023061,19.946704134347762,0.15964288423503473,0
0.09290683626336674,0.5658615708472161,29.080160283182455,0.6108489933131003,1
0.9746013343025277,0.2003706143271169,15.321122627103694,0.22693064392898663,0
0.16665030848258408,0.6251361446809668,24.29803412103066,0.35383308696052107,0
0.4050607617784557,0.23712514777495625,28.934580494898704,0.3800673201525104,1
0.7001140290556849,0.6196164477263957,15.934097465003658,0.22919965225613892,0
0.0994213944939337,0.47554818117229314,32.948003642599446,0.5221253423273879,1
0.14121443405866546,0.3250343872184073,22.22394814792898,0.4906095966389544,0
0.8505338112549647,0.11261928351204327,18.30531664484485,0.5373514991904463,0
0.13254365701988405,0.6706321323552693,19.509289920609216,0.4320259194578759,0
0.598645296184483,0.7547396905986691,21.778118575609263,0.3329239587367168,0
0.4394999784338629,0.5494383350004781,18.967502036445843,0.32526362564891104,0
0.3122913191498789,0.7734061750200791,25.211575078304058,0.5072435019005564,0
0.2670957325432152,0.7505835642822434,27.65863472998712,0.2763839639177509,1
0.9279229877924663,0.19595630060281521,23.668602177666493,0.31733665115628645,0
1.1442735221228248,0.5984092614486601,23.540642997902445,0.13129636107098336,0
0.21120670353383147,0.31197861457827086,30.63399038737405,0.48214871029853845,1
1.153633402050246,0.4156380204242195,21.020334259157703,0.07230882947965937,0
0.7339768789963693,0.1677240733616343,27.45537667814484,0.6935482693987276,1
0.7879094661677456,0.7810845710432395,32.858431700869446,0.11774155247533864,1
0.8664153348639692,0.5946030373073065,19.430287301920245,0.2804253093605299,0
0.8597367239077681,0.2501812322232261,27.398014600489144,0.18169083037083128,0
0.9927827744135415,0.3286037676260251,33.959435601095684,0.21764752566901222,1
0.6059889490498521,0.3668621951215883,25.59590509910909,0.2392682095267639,0
0.6633623756419063,0.6106502931078802,34.537954473942605,0.5084689145569776,1
0.4224010528329282,0.7442729500771884,21.20092088369593,0.14018950574502523,0
0.17104623285058462,0.29108009973842874,26.28587785332396,0.19942244868195114,0
0.8143362195651519,0.40437506621031466,21.220715024019057,0.08882014138390201,0
0.08865146456418856,0.4949056796260259,15.074388501348013,0.24539279912557213,0
0.3669803087458735,0.3450079943002367,34.94616200891316,0.660044385485155,1
0.1583643441130153,0.4281359925242639,19.80120136074553,0.27847410822466934,0
0.26933623092112574,0.1292807217650765,34.462039704734636,0.5485900467516421,1
0.784540549831988,0.17575579079012454,28.06065653294254,0.333958677840064,1
0.7727481247356559,0.35082594291510866,33.07867217897145,0.32572778533218144,1
0.5342131499450689,0.7362042588279144,34.344054941072656,0.5803002419223219,1
0.1536977729629148,0.3120185343084752,26.35658412683966,0.038237228430166637,1
0.5483800039283196,0.2373446064537602,34.99382688602516,0.6081228194624463,1
0.4556566026370374,0.607146665636957,30.346598185507396,0.3499417470881265,1
0.8785280257843422,0.761847624557457,25.47629112187147,0.2587664859251602,0
0.7158805994289095,0.3943427127976606,28.098865683817717,0.6366477666520526,0
0.6153006324375488,0.05645371667538733,18.885427146531985,0.2511043592060041,0
0.6100293946507445,0.5661119986067136,15.220652428806998,0.6848342014586133,0
1.1612414203494816,0.36129560121210863,20.135786952142844,0.6567224195124092,0
0.919738354958968,0.5552341524621615,23.69941723439814,0.20218778430738452,0
0.621526494529147,0.25828738687190267,19.56105173723508,0.2516098494801034,0
0.6011060048223242,0.051806107862721815,25.280717959723958,0.572273931291595,0
0.08045096650070796,0.3083721640592028,28.158882844493327,0.15301485594001396,1
1.1338856528177776,0.5785942569597062,28.115876982000753,0.5177270635686352,0
0.41705006753242907,0.3448349622568919,32.875288610662565,0.10782277996579581,1
0.3443299441628553,0.2143806047399195,34.326381929664194,0.15981175818725685,1
1.199320264195822,0.39800514810057613,32.813900267197766,0.36034395052029405,1
0.8764931222302031,0.6142613924737891,27.40349918693852,0.5271995742351676,0
0.10446833929418117,0.13957481509422953,19.115283091822583,0.522811477614804,1
0.12116829857941291,0.5688140252349859,33.86902318339854,0.4340671451277867,1
0.07932679855422756,0.5505080178529606,18.49720789534613,0.20503661824921596,0
0.7395617344397994,0.3280534097638035,18.028547650209305,0.30245694761752523,0
0.13229917507124456,0.7777521435346209,21.3513865581087,0.18742570127722902,0
1.1233966103716702,0.7210289746102636,26.472111226765765,0.20837184902774183,0
1.1274425210260797,0.2871211106015524,28.629452639716085,0.23979233407502495,1
0.6779621767602917,0.07331832004538232,15.26585354691272,0.4272164435027952,0
0.7591347711053434,0.2812286050588075,30.560445434395003,0.16116452421479274,1
0.38567856175403725,0.20354145690578246,18.500390981744843,0.04894727304518635,0
0.12356842376951432,0.46043893553569454,20.929697030260424,0.49086916322343066,0
0.8980795119705879,0.739058315886616,21.441734515913033,0.034828352411957794,0
0.16705388706137006,0.7027531325281411,21.64891997797485,0.6801336761441665,0
0.1483912871711521,0.27937186674862,30.207352044189427,0.258194146967736,1
0.4079065755848573,0.3714481501667278,15.81888724404359,0.024475333177044204,0
0.06433550881356437,0.07740664930967485,18.93035636784639,0.6215180117618739,1
0.5491409581197634,0.45812263073686205,15.446384623048964,0.427867082669043,0
0.8638330465920883,0.09752598503804664,30.565989134235323,0.5758267604918845,1
0.9715512711352298,0.7539546246718247,34.67444676730247,0.3158168066324565,1
0.7449533993687595,0.7002003761392043,28.190943185331285,0.2608436804494747,0
1.0239053335809993,0.21064071982812727,26.802783618376225,0.46552882127259254,0
0.5174775343321768,0.5745265098965341,33.161324267770055,0.29608059492596733,1
1.026087897819548,0.4760152868249998,20.099079727269654,0.3982218466542265,0
0.6324443070731361,0.6510182843871373,16.329246102760106,0.20891955711802584,0
0.30649154719803956,0.40673908006363996,25.199398099444316,0.246198876576927,0
1.1357674936595359,0.19382897799933352,20.206974063476576,0.07588971899077052,0
0.3662165049126839,0.5298825500921238,24.02163229361804,0.5513329509684884,0
0.08013170681596207,0.11021024524695876,24.125997011636187,0.25721856234225005,1
0.3290751493982809,0.4884409933763166,21.376636481361388,0.6829994188931646,0
0.47169069544604186,0.20952860409834317,24.72649163166107,0.19663600040077842,0
0.45405213578265363,0.5637023278426703,22.603037610998033,0.34303582258327747,0
0.6533676358601074,0.6710323712960815,17.261186735637533,0.22776189636610594,0
1.065595914341312,0.13214354696155434,32.3345141481156,0.4918692549426581,1
0.386188961176154,0.3502014141114443,29.02547428860452,0.5696888253418859,1
0.6488861991530441,0.6001411908319976,15.82617729999681,0.35116729675215674,0
0.4411597967417512,0.1727772961391439,17.315728505426126,0.26951073903622413,0
0.9950390182791805,0.4748927525267848,16.93028941424048,0.5264308969634155,0
0.2312417402817501,0.5538792364067924,16.234870940176553,0.15018942996353715,0
0.16903680855656728,0.3160952054295367,16.181135516810954,0.42763710998424975,0
0.628444541223242,0.6739867056519508,18.142246658724005,0.5188646329855853,0
0.8226707236303157,0.43299363878503533,31.957388170598563,0.2031033357377694,1
0.9648539812543815,0.5202461299553826,31.564665923963517,0.46587555127753316,1
0.7280685808411138,0.15565459752858402,30.662929505567703,0.5199537786591096,1
0.9399272255168507,0.06737013089950179,27.294130130771457,0.0998433080491693,1
0.5016165673450623,0.08806142811873972,29.469871064272688,0.24025708935063544,1
0.08779782080643932,0.727940111148662,29.769624216806122,0.29628811259524807,1
0.18351420408679003,0.7119817881861884,32.78625740615335,0.5476510300007306,1
0.0945309914133456,0.655693579371382,29.646860592715313,0.4059034903805272,1
0.4282851980479665,0.1997090684261456,29.72918616041931,0.32570180173309915,1
0.6198150424589847,0.44409398896212743,31.081623454269675,0.2367652650962093,1
0.4597651062054802,0.6470878254112801,26.127097118552637,0.022761729712920918,0
0.694689396326351,0.5560018859418304,19.260575800852184,0.03374966185523917,0
0.6027005207667059,0.13664089525695322,16.690849551381167,0.18350343350065584,0
0.8296342221435313,0.7216558998593179,23.380871207637977,0.09934961196786297,0
0.8170064880979171,0.1705117945834717,16.83371343372125,0.10131888597888727,0
0.4157737691749814,0.1788467700600016,18.386080631086624,0.42986294436518346,0
0.4481466236652552,0.7257564718780312,15.4768002352487,0.43170961978973227,0
0.7229199948874988,0.41346270432088705,21.004125820730195,0.05044503441739324,0
0.7358973380744681,0.32966886946735013,34.39995644804037,0.423875971224281,1
0.411904900682703,0.46524255672354237,22.57862545328821,0.11915664394291706,0
0.4298655686417389,0.7860479996240836,19.817852121021627,0.2765134996689228,0
0.8481517651640691,0.13972284143078217,23.06898954276463,0.6929850245739559,0
0.7945224463074799,0.6177116365940489,21.026770404133547,0.3749636469899052,0
0.20530842538174088,0.30074439668309566,28.477536458567215,0.043247849086394674,1
0.5571981616267024,0.13778695313571782,27.68933522318161,0.2564075771418616,1
1.0766119905171787,0.36645001651470394,15.546858155409923,0.47621074800900093,0
0.0917515275201465,0.46156465829395316,25.226463116135704,0.17272656155186117,0
1.0334385384568456,0.2044712282961102,15.723993753508744,0.6758254811318318,0
0.23765488062376516,0.35395209432245184,28.547265328285498,0.30919971456582257,1
0.6333359273309733,0.5267570191042179,33.716166612545166,0.03433936858504316,1
0.5379868932614632,0.48233601479016663,33.14975757454838,0.38758499193681195,1
0.061648737942677646,0.5923704455411379,19.11424224181853,0.47980894455972517,0
1.1027064776530768,0.677303399703051,29.85290295442787,0.3300740003951802,1
0.5731640114344515,0.3568552488270303,30.861319420811306,0.6511561710462289,1
1.1474085182747071,0.36722545659667055,32.287350662187684,0.6333138738766123,1
0.3797554861261005,0.42251910084136485,20.19197341601042,0.11449284974387532,0
1.0462171394283681,0.4747650337859776,24.016696919443202,0.07436475379423066,0
1.110748010094975,0.13124200567841876,19.43008858073181,0.23237011825293732,0
0.6903572788263977,0.28447651564608056,15.486189144223827,0.43353021034202677,0
0.2830794560478751,0.17891884653276818,28.18025255729914,0.42908481373443086,1
0.838034546921578,0.33938957175809864,23.62927235786291,0.20471730781301575,0
0.6813247765088791,0.7800155544305274,19.962337611271344,0.6667483718083603,0
1.1362091157305196,0.4870482175107348,31.94207894599224,0.22898556736656311,1
0.5551628710820656,0.3720361399404097,24.913612799584058,0.5668556165487862,0
0.3587906947857953,0.47445267141778164,34.89315354425181,0.5857465227975971,1
0.20903005171822314,0.5518074165703845,30.86715653877934,0.08693581287059292,1
0.8534286039896813,0.37621509746780074,32.3842239947184,0.1781359802829793,1
1.1702260618276696,0.3857823531896654,30.466644975953436,0.16633022540616568,1
0.08259533615710825,0.5760508470362815,17.11849797901243,0.6453628954068636,0
0.9015121579948457,0.09564693740427595,16.300580013073414,0.25875134827847596,0
1.1159699169436166,0.45506042621625814,33.30157545228927,0.5888005067062249,1
0.13599876436145175,0.46049585916327607,17.763943760796042,0.345052241480547,0
0.1766955518720531,0.6175641958462857,22.824523013485205,0.3309089500519338,0
0.845750663217165,0.7869835642524936,27.19822023111862,0.634326523163406,0
0.7951578822801566,0.6468160900901061,19.237966998039912,0.3198129568922104,0
0.12915152761368254,0.427841459487851,19.505700874155536,0.5264993037170298,0
1.0095861649738298,0.1770898847053839,24.32482684582753,0.3085767012174497,0
0.6519374250216262,0.49119572872487793,22.217901829198542,0.08927142087189256,0
1.0932769793371044,0.6757241650345145,28.53151334039609,0.05610446025826474,1
1.05968951314161,0.7493105477339994,16.50152391041255,0.16160332034551456,0
0.9843839344076906,0.6689827846205755,24.775173389556393,0.5111422646344306,0
0.6432837306810845,0.19172645477192263,18.485198354310338,0.2740818096683364,0
0.33946723801184703,0.5844318982619986,27.13450018001496,0.3287931553435173,0
0.6318718294978024,0.7101162106143826,17.324265835206862,0.08927595099193282,0
0.16593308447204708,0.5607627249702314,18.952637330588274,0.44366556785588046,0
0.8076730707444401,0.5643140306961614,31.07777965686627,0.5663447830733273,1
0.20407380211335874,0.425121714688309,19.703339800760276,0.4447846059229661,0
0.6378489068758315,0.5277321665941288,29.741306775876513,0.6895375756412082,1
0.11253927029184045,0.27078553941726585,20.46125399376382,0.031112146228480388,1
0.3944393638158427,0.1166075650893089,19.700550104676623,0.030655482530354442,1
0.31689252977025595,0.6707861785590503,20.98309565762535,0.36000381011822735,0
0.763036274118421,0.7573582305436368,32.61863968845497,0.20115748003639858,1
0.954804718825885,0.6926167515327082,22.94331318673456,0.4868270756386826,0
0.11589839772160505,0.30043516533560227,19.875210597679473,0.55938290441613,0
1.0278262379286918,0.12014761348094623,25.73278947393826,0.08965641797243978,0
1.0398828491977952,0.2601037907235549,22.712828235702712,0.6437899778674402,0
0.44360943543122616,0.6821265318574251,30.80395039543326,0.040347597708148754,1
0.8078546758658705,0.541860880724912,34.80891236626056,0.4881146709002578,1
0.513004986458967,0.7750206830772028,25.531488853316674,0.2814605210549566,0
0.22731951451807625,0.30701076382782755,24.034977953056988,0.4738586647107199,0
0.6579617813475769,0.4636040902187318,21.86070796627771,0.08639269869540964,0
0.14931362567683615,0.642528666228671,34.46677464540275,0.6572146172183764,1
1.060242978705386,0.22549395704885927,24.66566552009364,0.6574376710912124,0
1.1129332233210498,0.7730674809947493,18.559937198720988,0.37319255363975595,0
0.9948551075631141,0.49429825436886116,34.38431810769352,0.36651748316429833,1
0.6969073388693754,0.055923172489739895,34.21764251998714,0.4516695677133189,1
0.6912383797942732,0.0688649567210093,23.71450104670153,0.41444688637232563,0
1.1822984830910692,0.7116620123011964,21.963720260659144,0.3896116654427077,0
0.3350869433058603,0.5339611458208081,28.60874893377271,0.4206499812424345,1
0.1373406207909886,0.6223043892978966,31.578482615712197,0.6038685170814951,1
0.6962320621413545,0.638012000717681,24.970642645670548,0.4355254101149333,0
0.4281034374816188,0.36534483218808234,21.616259821060666,0.15316736126178637,0
0.42068958872925083,0.6489584346067264,21.027880217260268,0.6414601874578616,0
0.058148157295440255,0.7531493336094036,21.53197454428836,0.1668532206363351,0
0.7356753209801229,0.17912833082721624,17.3606588024482,0.13230995245789687,0
0.3536387576169561,0.6231022996565155,30.572408727104175,0.6979993237634257,1
0.2660373304215831,0.2808440057116738,17.099197270382728,0.16512335222805918,0
0.09649672110195427,0.2911197522903904,22.966289898677054,0.08806348388839702,1
0.46901581294695294,0.3595661382772896,31.6988667428173,0.4021649033911244,1
1.0608142032444259,0.6977896399310641,23.082117913837997,0.5824917456989953,0
0.4371714287369781,0.06654205048253688,20.895235958519045,0.06131048950704547,1
0.8309353416375327,0.3754446551076979,33.96507447606534,0.35327083914842583,1
0.9200290079121933,0.560035737176953,17.530875070660212,0.06658159151075259,0
0.42731593056872946,0.1328115937118915,32.69707805568949,0.3115099601647124,1
0.9948868452638474,0.6441901977630624,16.24153597473609,0.253892887563821,0
0.8456616086169915,0.7564269484230148,23.2705882570514,0.11324800433047838,0
0.6931285630060943,0.11820111580773394,27.63442110995734,0.6530942959325468,1
0.05114133365822326,0.16471110337315858,22.400767682833617,0.4517231460276074,1
0.09035438081122935,0.7805729187096522,25.692128419229167,0.5932782843931809,0
1.1894957207219727,0.1983917305893062,19.080033331743643,0.6360422798434267,0
0.9496265120290932,0.10920475677740336,26.380690349336735,0.6525260250721715,0
1.1282000475888891,0.7641444022969252,17.691174337984762,0.5287179391311775,0
1.0876486856557317,0.7194670323571017,30.921926321791524,0.22872485435925413,1
0.07350943061416346,0.5417941045498483,26.6757982688426,0.5836741808216404,0
0.960624383259735,0.46357319546566494,24.63864229637705,0.3737243798078075,0
0.5688176056128278,0.7394245222270779,16.093335916661626,0.20472466684220392,0
0.957991934600754,0.541640056333567,24.995486718334448,0.2823261907958654,0
0.05772315178789292,0.5437974944863025,26.271388607224807,0.22483200092571382,0
0.38142919638064887,0.6827641731514648,20.31335026814329,0.3370187472020586,0
0.9140223421599974,0.5399342579693157,28.551806818164437,0.5513078939222202,1
0.9619739068918282,0.42775766527825815,16.53530297427041,0.3497097924529227,0
0.7626717913968175,0.3422911234238359,19.173781628969913,0.20214383310186737,0
0.3964446178632033,0.42735041959343056,29.750970346484706,0.07943409078174091,1
0.4069169799810423,0.4418589868153958,17.944444378520483,0.6019141392481272,0
1.1617785581883375,0.32062391083868885,19.910976392452323,0.3038106526079144,0
0.5550940061193352,0.3860888067352595,28.017106958087687,0.32050733085474004,0
0.5641943827804126,0.6514039496476409,29.576834076222248,0.5393306677581488,1
0.6851826627768044,0.3623850265069159,16.02978509246864,0.5978140171880705,0
0.520927687394047,0.06916982497657202,17.5317882650443,0.3675785374227759,0
0.6855722992870263,0.2622644913303869,23.922360116865253,0.45001012698983917,0
0.5471857361826915,0.22380639806877362,26.855898896643925,0.18262655636650876,0
1.0007221575425147,0.6451865088739763,24.075624686912214,0.6558462029848979,0
1.0954086727680266,0.3869697938538566,27.941399856235158,0.4061864622819845,0
1.1219267987876658,0.26023290727634985,30.119858130439177,0.5093313255367311,1
0.6989406367037946,0.6580286628812185,33.99087695015805,0.09766487695974813,1
0.5584708410841697,0.06441260341745901,21.997614262588943,0.4531062476032472,0
0.8610260676106136,0.18068813204841322,18.262095370089323,0.2708858520344025,0
1.0140721299902926,0.67021611454685,20.28168008576408,0.3260428231213732,0
0.6974295783763337,0.46298879574530194,17.96328890103582,0.4838701819928339,0
0.8549781750956005,0.6302373309346103,22.884912839458323,0.5615027293817424,0
0.9121887533294352,0.6786320110715582,32.451345318031315,0.2575683620678216,1
0.8278528432248797,0.7564726164414047,21.941197938887132,0.6138010595195489,0
0.9080535890887059,0.0975684494775035,17.976454044451934,0.16891340685035264,0
0.2899421324393981,0.6494260574738541,25.452657640459385,0.4027707986185803,0
0.6231307290750672,0.5815746111648762,34.838876333202805,0.12286052662762265,1
0.7265088377958503,0.20526920050741937,18.76362437337519,0.21668984522818313,0
0.052849620485576544,0.7487766997550924,30.557499035134438,0.6288797991901364,1
1.034356885135734,0.353151410229794,31.467178871486052,0.027858607730969157,1
0.7515281847116488,0.7157078955911031,23.026766870020037,0.6426156082789038,0
0.19850678145293377,0.5038352784986941,27.391028773290497,0.24331338306142486,1
0.9888106334622012,0.4450609599057174,23.647469015023773,0.49314088551641705,0
0.8746155114066263,0.16964295042198457,20.246538730799436,0.0823684402152341,0
0.9220444749831825,0.7357457182154847,23.522376001447206,0.45606459438891633,0
0.5008488311411347,0.4674964305216846,16.90580273260143,0.6384336702403282,0
1.0323328826992408,0.054569304122613085,29.139122273217854,0.39753730927198844,1
0.5261317194522166,0.06371340580271241,31.58386063258608,0.26624261883276357,1
0.70608552588743,0.6332244537635356,21.147998667409656,0.5596327816654117,0
0.05073864925485479,0.17145226503379224,26.32953648759965,0.5046532885726831,1
0.7916040818795416,0.49905382672110893,19.64297064078873,0.10003094142691679,0
0.8759021609471271,0.5608114714504853,17.549209003456234,0.4726770450761128,0
0.7021757703121112,0.2595241947113726,28.272371302243194,0.4719659753377181,1
0.6210426396001585,0.4769853563085593,17.68215193015825,0.5313063938045945,0
0.9814269447684645,0.23019405949180605,30.639581384123346,0.2350886682953744,1
0.8335786247400281,0.7597365705259629,20.435090975018483,0.29286902751574123,0
0.3697851456780264,0.6951276172618753,31.370267860053215,0.672825878444352,1
1.1529343387919837,0.2660320936231019,22.370091487808537,0.40995070612889906,0
0.8633572733246418,0.4466108682127548,22.376851852859694,0.3657833844267383,0
1.1861297682492882,0.4254746428654293,30.011455213449686,0.6910577906974263,1
1.1669505137091987,0.7700174434625555,25.205315492709424,0.17609918968931787,0
1.1067461812316033,0.3455215851378905,19.01954852819748,0.2905970988399974,0
0.9186772724091037,0.4716706659661751,32.0081709610687,0.5367208218851365,1
0.7508437737715125,0.7465299461655779,21.80306418471519,0.5049083952745101,0
0.24799626323536283,0.1721082883824186,17.05553521676803,0.6773564372915998,0
0.6748541300373213,0.46286420245875354,23.32002089845755,0.4649242317460972,0
0.9301830007534764,0.1292546902713722,26.47923526339358,0.23290458180910642,0
0.648985732511403,0.5131241988638755,27.197706678781948,0.2904033375971789,0
1.0484749976665064,0.32426240254025346,31.7121569060764,0.08100478833141711,1
0.17610428407045298,0.7757270548847005,25.828136475869492,0.6481297756590142,0
0.48808140025592917,0.36155688586139473,19.474209661347004,0.10749425546741082,0
0.6318590813827059,0.1521407281562801,20.23332661471816,0.39107853237198437,0
0.5471740902494743,0.6754999706963032,17.016811765888054,0.29294868473987823,0
0.17487452999478603,0.6656500185671856,29.718485784725235,0.11127205686226145,1
0.22655753815132512,0.5711447146570884,17.11883092999516,0.21923473246486266,0
1.01325988678381,0.611608851413171,27.116252645495912,0.450826930814805,0
0.6070418980816686,0.24853641326705517,26.938947880932265,0.04125101395538873,1
0.10603079076563679,0.531540125317086,30.710071139507157,0.676872882678879,1
0.0689649478242974,0.07851490340404522,16.49259399370842,0.6381850202196343,1
0.5944967122934756,0.1976676079175259,19.05822687022343,0.07752898350202204,0
0.23903553481311024,0.7492095856648151,33.19124754046277,0.6104804128806451,1
0.8608948378991051,0.604426472811994,26.444736589240243,0.24342842861280786,0
0.964621981906914,0.22300440574194336,24.153804262201568,0.06590302499752645,0
0.3125412147256714,0.1335373171394661,29.953525309245634,0.228156727318489,1
0.7310034866140478,0.7616895836513762,33.05060902178317,0.5700434960677537,1
0.22761134000819389,0.13414074954509958,20.26019273899098,0.4727653874741872,0
0.39912004933354506,0.24280253603543617,33.029512576226864,0.1822205284558643,1
1.0721148183086482,0.18697549474959285,17.173892520815073,0.5090400040677644,0
0.6757128052046574,0.055597865308825975,34.55366095459756,0.5013183578671665,1
1.06877199941583,0.285601080573533,18.297036501992203,0.5251457271847219,0
0.309034974806433,0.780634153699072,20.324727372045878,0.38764653401134297,0
0.42952799473596587,0.30642747935701736,16.931878801832823,0.5768830434420781,0
0.5915949592253396,0.4282286596008303,31.073530137732007,0.4561263082107011,1
0.6020920864737244,0.6094518379413361,34.68464124083358,0.10527146262618686,1
1.1972951622612555,0.4633100765594121,20.93953017139536,0.5709740716736278,0
0.18161211681679956,0.60769363055923,21.51223920803588,0.2401623114302372,0
1.0297597909418292,0.5462269011428864,20.579598067600053,0.4994236083741596,0
1.0432343453351507,0.5064222672492611,18.0965620042985,0.4790895601424279,0
0.6861784262684555,0.5372366804088089,30.74888433477385,0.24842051430496276,1
0.4456427434980268,0.6493732715586883,16.21439680018245,0.12994488777230384,0
0.6471100199315406,0.5826435461008281,34.355482609485655,0.49257149979944315,1
0.38633786052754837,0.6438311905288937,33.546310490180964,0.5973358800939987,1
0.9689735657059304,0.1591982287126485,17.368781705684928,0.5899972955154839,0
0.6230210325168797,0.5582552995329053,25.590477024209648,0.44602329246912886,0
1.114718505709068,0.6027664342441499,34.85702717288674,0.1746369434196536,1
0.7660950460094503,0.2749748243726259,32.052384980968526,0.23502277776600675,1
0.6414672330818859,0.7059329958824618,29.302674519171187,0.533146823038776,1
0.8677297570743001,0.2785337024770253,15.44921890881804,0.2993806722007109,0
0.6295229090947694,0.23287408953237299,16.367548907364828,0.5180982445583627,0
1.0901823029823643,0.7003226116103834,30.88034196885385,0.23042599496332541,1
0.2621128550198675,0.23526487858732004,22.528897083819373,0.024296407644977737,1
1.1693509863077916,0.3616268468238501,28.368637549180953,0.4303732439663005,1
0.9840191346288708,0.3259421225276142,29.78363254086316,0.4286231214716724,1
1.0398433661446,0.7235463669187043,23.44368355050178,0.44673718429039766,0
0.6053440072267319,0.3914268037159732,17.86763501401559,0.20236623232256765,0
1.012781781738237,0.5707316999721617,22.733890061584237,0.5715282462118805,0
0.40279019611378586,0.6455291784828718,32.42096884637209,0.3514774504046484,1
0.9262404053488015,0.5209276855603822,21.621715580639574,0.538423778109696,0
0.21151768214737604,0.7577708737436861,16.252988851891462,0.43554355577585996,0
0.40310970335688495,0.6518806469420061,34.18262834369563,0.30292815406557805,1
0.5625925628636927,0.3501549707561474,28.61353817947737,0.48214625571561615,1
0.4206676758649351,0.7631088824432625,25.817135038751317,0.41098460208819776,0
0.4950696829678111,0.4434311249535006,31.582146933624756,0.3672835707105634,1
0.9931204565012527,0.06693299220867192,23.223213561941918,0.4610211576251287,0
0.3451772759634927,0.2450099597396726,34.702315880211906,0.07843850392951197,1
0.9070733479777581,0.51629719027795,32.15146138795647,0.6389775407616916,1
0.1347688794783996,0.16761117674332754,20.610894833119815,0.24785579133600502,0
0.9305999736423199,0.4880510336699027,22.4209597435528,0.17279121523917995,0
0.960826729254239,0.3211985167306473,20.514859283968914,0.544821523219801,0
0.5119535918278543,0.45078911004370553,28.186816856964775,0.17723088322291236,1
0.880849496642591,0.05140613590493966,27.786638621348093,0.6971233437767208,1
1.1024091643068639,0.6863160160015238,25.45011747025434,0.3059349282631412,0
0.9708199195877059,0.3214441158316463,34.31680749145662,0.22170459789093744,1
0.4990134869565038,0.1551188257084648,24.445505763553793,0.06220424938572999,0
0.6068455414220741,0.37843689275380993,30.674447883931308,0.04842684060739769,1
0.9462611765036762,0.41463297011662553,28.161902343533395,0.08469558157545021,1
0.38648377832649206,0.5280520328721418,25.363698802893367,0.02342232359223607,0
0.9744651513552045,0.4434218302642098,15.841902144227966,0.24242118599603937,0
0.4272818139450823,0.08264268655029698,28.14990047640263,0.231108992068548,1
0.9768891697433688,0.7036342415583237,27.851901685524506,0.31246238689824063,0
0.14982050985333184,0.39238169884022095,17.49747989185096,0.17838758780394667,0
0.10105689144717865,0.1077408293997567,30.918299507213316,0.06266398740200148,1
1.1973267644752956,0.6296211773968888,24.339881668900844,0.06839051900800515,0
1.0498756917198924,0.5451158140873013,21.482920288096174,0.1438595352075244,0
1.0652746289861343,0.5370783295769164,31.479187716919316,0.23528087827099795,1
1.14397193974761,0.37018550130167077,21.867419189956472,0.12063459414654837,0
0.554063755826661,0.3578727969657413,27.437015825676525,0.26828012005781193,0
0.379860887882175,0.4522539772905071,27.358296029129846,0.6471097042862948,0
0.19952874427058842,0.08794580967432745,16.056119651465337,0.1978900464801394,1
0.6263905035692342,0.27421832316344064,23.45667261149432,0.13451153556859985,0
0.30305556854809895,0.7909206301717802,19.45557499863913,0.47204785204151756,0
1.1258834852502175,0.5466443668460569,18.991413238021117,0.353799105813275,0
0.054603636809195964,0.36420062406299153,28.099237772544196,0.052132730750294856,1
0.21467624840458982,0.2167723272053398,15.228199905715075,0.5557089851931444,0
0.33344723104594076,0.6089070214251752,34.38157956428993,0.5064332208605676,1
0.2788002183321743,0.24521773227964355,22.907820120096424,0.684562885983432,0
0.30964520206666685,0.17177757788472153,20.976070568898102,0.658048501302361,0
0.8044547458203551,0.16588617517571547,33.39948799874915,0.4172888396651659,1
0.42663889006012157,0.5969474593735493,24.7334428421369,0.4864944796348165,0
0.7572780391888793,0.5321076907165381,27.286505029705555,0.2984646403110425,0
1.0737966236932348,0.10235457452842296,28.91701497273923,0.6241576868397516,1
0.7429402803545573,0.13628211152165187,32.428225469689266,0.3959100011355566,1
0.8487127099793387,0.5253851505151829,17.594839796341123,0.2413749019078309,0
0.47032879295456087,0.4783370764041192,16.633063581840474,0.026454214498516128,0
0.2336992377661155,0.5644992952788601,34.87421568669478,0.4187858401843598,1
0.418671671817392,0.1835291812724465,15.17767603252141,0.37729504555012827,0
1.1589250460097242,0.5949409296628754,29.16389507230052,0.5720764809469101,1
0.7650830921211077,0.7520723504979123,27.221307239172422,0.14716314588851273,0
0.36913778734911745,0.500787735901581,26.05102043418334,0.574472862136192,0
0.5685525572364194,0.19709751473208792,30.716559183601866,0.03039285497378323,1
1.0108399930456435,0.55965789146308,34.84945895270917,0.41937309683581797,1
0.8187101063116395,0.3073112626595483,15.937716429878549,0.2898596328465191,0
0.6947507668385434,0.08696580978929107,27.290609852863604,0.24543395451282635,1
1.0679373081289172,0.27675402151437384,29.335553370781014,0.31464125767337,1
0.8233055080493088,0.729188826462599,21.11878612346037,0.17204221061536937,0
0.7891391904097597,0.3583544901319814,32.857227698418626,0.1447294441079831,1
0.26823335779238333,0.6984990035233193,24.139856828994237,0.5674726811209857,0
0.17234698546426894,0.4314945076420937,18.289569239038933,0.17487564415684018,0
1.159913434616009,0.4377334917197,32.088156320406,0.5211409562575289,1
0.7386871256154056,0.053912240798670755,33.85851240849288,0.50372517022099,1
0.5280359205183934,0.5278280549667291,16.990298367374873,0.04271228268076168,0
0.7273739440467502,0.13086038377281517,30.033617343091063,0.6191292457275307,1
0.12108375523247268,0.4090613110115407,19.300284383304394,0.5567614884634986,0
0.9954463649897227,0.2452376417435742,15.134444353380434,0.5613257296079013,0
0.29914236589898635,0.34428722437198617,20.212276457707766,0.5702499155089382,0
0.975227907265639,0.4528080167501006,32.09819670441494,0.4161361957710434,1
0.6645352097531522,0.06084808595147963,17.823677535674648,0.6954989894836783,0
0.36805781570543816,0.2634376874537171,17.61337765996921,0.14182345552466943,0
0.08474144047838103,0.7922089507188987,29.780954124003124,0.06918843304033885,1
0.9882083586255965,0.09304934436541971,23.127192771292762,0.4988338812180069,0
0.25292916268970267,0.28954511611802625,17.96972145069204,0.2198773214290666,0
0.10957588298585447,0.29106610622348617,19.600007529643435,0.43359859227243586,0
0.9192593904497629,0.3345394406995719,30.89203849971209,0.286357096798413,1
0.45254970572892556,0.5635856888317591,27.46537580116039,0.24679642778068234,0
0.49773410643039745,0.23580784901222346,30.21857545132997,0.6274090647245132,1
0.3341277253728268,0.3952020081020396,16.955464779760753,0.1165895518561137,0
1.0380552505014315,0.5336476751393369,24.16208565699425,0.14851024498768137,0
0.39192895502251185,0.29174154374644146,30.942125015626644,0.47413177995165484,1
0.2917214552136774,0.761579435377441,20.31585501736862,0.5521686886802882,0
0.4056371852865795,0.784754476207011,18.38377936752057,0.5859058545497465,0
0.2836220114425065,0.13975517576563334,22.63567787634384,0.17718180711273127,0
0.4153035039259885,0.30786491330060756,21.667599476775614,0.6198371244368286,0
0.145376656298399,0.20597905235485647,18.70945557764407,0.4344944463686976,0
0.2323095334873771,0.1900921966678364,34.078898507125174,0.5797885248615494,1
0.52961081590557,0.4182348787537096,24.661968091108804,0.06659491933818937,0
1.0613868839283578,0.47287033110115917,27.161527122198493,0.26268814847008665,0
0.11588435873062872,0.3692390304481994,17.4221381749919,0.3769075094536548,0
0.2945759127740352,0.25441615482302055,27.200701762630256,0.4123307821559544,1
1.0945975268728356,0.25896618069022975,26.106453864169275,0.08736865677012018,0
1.07351687528391,0.7940961172555482,33.63858655546065,0.38628760632947934,1
0.8313684582903325,0.742758030492688,23.246336021440875,0.4725307745032567,0
0.3265445872095236,0.10692413074201788,30.64124200952434,0.26588465831997743,1
0.5327821452141536,0.5424129889970942,21.08361956924244,0.3605026861108289,0
0.2929041436036598,0.39265820561363324,26.57880712655761,0.2189451667179607,0
0.19787678549398374,0.5666105728993716,33.53940794488396,0.6119401848729501,1
0.48699815369097516,0.4977205291554151,27.501426215177926,0.4274604925492179,0
0.7121948458309028,0.7169393000618132,29.223173675330166,0.39486624937240905,1
0.463922576784526,0.10024123571661876,32.51969050405181,0.6621630495968428,1
0.7524482330358652,0.3121984340432791,33.50848726617599,0.4721534360888742,1
0.3906929456862013,0.7891205943316886,19.165497504061342,0.21027994024681104,0
0.4477281069249088,0.1867140117429626,18.916760632583703,0.45639209521188545,0
0.959274630391301,0.1455000796299854,26.009522538175716,0.6739039505241906,0
1.0600619405279368,0.5967290045004316,34.91032752612722,0.03601961403056301,1
0.42033919376070983,0.6330763700130977,24.803046466215598,0.44608188476747607,0
0.7072431715470676,0.5542051607559952,21.618099262068544,0.12664777340278552,0
0.3698866264761082,0.6321468715699441,25.74522549866177,0.5751924675251446,0
0.11133483796354166,0.5702911790698793,16.287915482314038,0.45566548015605474,0
0.8985357585644692,0.1518280117168826,18.54413540619828,0.6571528552193051,0
0.24665400572157287,0.5061664231088804,17.9784083469302,0.4753129462262523,0
0.5395694023089547,0.6326575119196494,15.558310901421038,0.031708847347198386,0
0.6101023173860304,0.6991374547433509,29.444246060905677,0.36704061419256734,1
0.2621423218059718,0.23467643201278077,21.50949091723647,0.6344942832589855,0
0.1587386532629057,0.1455730707039039,18.370726224841796,0.17796604283650377,1
0.4502149668717311,0.6358178326869348,25.24487541051247,0.0763695548423217,0
1.145128793682866,0.24241125877674902,21.468888119441296,0.5095237510708523,0
0.7574059284866846,0.0739471087406655,22.860355415961582,0.36170582551860153,0
0.48862176266333784,0.6689101727369782,21.310636341236222,0.05236477774839708,0
0.09474744389034717,0.429493350358145,15.079670287176643,0.21034235805880833,0
0.7403142735997441,0.29497484932131646,28.7665772883785,0.24218908039730477,1
0.15609628707567846,0.058571828923661876,17.213809574681193,0.4741458050315013,1
0.6739256817046553,0.07649558353096077,19.38284794125939,0.34068815008332093,0
0.9147430845125043,0.644467452920221,18.806340871276632,0.3512894220615379,0
0.5371231505390043,0.41727941372364835,21.62734590997415,0.5684905157243126,0
0.394323219039003,0.1622915369723451,18.20395358992712,0.2093236269809949,0
0.10449186889023838,0.3188792204367636,21.93904248375908,0.4773494642712101,0
0.07849455643583632,0.17397886065314216,19.865286916154684,0.26993896728353295,1
0.5445305550923494,0.13466116488528995,16.22430226344822,0.30449163233169096,0
1.065847061308413,0.2572308655056077,32.41125954339658,0.39801364095611735,1
0.33067219561216893,0.462131410596798,21.11162214197423,0.4930398272655586,0
0.7101638316490945,0.20750495585917017,16.905642927527612,0.6627327774115745,0
0.8369516926317261,0.30775331096357533,25.430527579042458,0.20292759053962559,0
0.11995434762656565,0.4084481629673447,17.465510367376066,0.09054674935661126,0
0.22606543217388364,0.3650223043873639,30.46186402913694,0.3115785074173705,1
0.43096831243250205,0.1464708493409672,16.231558864796792,0.39176687919601755,0
0.8206071502708561,0.07914922665191614,24.292718998884624,0.1750424507466717,0
0.5548903790623114,0.0765940452117042,33.876526602315565,0.6255371262960313,1
0.8943243284509821,0.31263426352090046,18.17938107316827,0.5632159707980987,0
1.0477375454091713,0.5891015589029922,19.02737353810996,0.3556914611406918,0
0.9221281180883243,0.14844147404695301,27.009298227904317,0.3260434744642003,0
1.1910842884102364,0.6402350872733192,34.59708143190679,0.04770405455913648,1
0.917515229041397,0.5867557319853777,22.716714965711873,0.38508501828786795,0
1.030006074258568,0.052957618164208395,27.97290185554413,0.42510802488824334,1
1.007221312234751,0.07006090473638384,18.04634125563268,0.6263096113876658,0
0.8898056266220535,0.19627491165353872,27.827942665286045,0.3607466847076079,1
0.9720720891542741,0.09209068328793878,20.053241299097863,0.1270166474211279,0
1.1248857120475217,0.44850732895272943,27.26575214982661,0.14243869283187727,0
0.5964884853052365,0.07972044609381183,16.77322416167219,0.128709844595933,0
0.7840300774994251,0.6519843784965483,25.499380434106584,0.6582037143577816,0
0.6421806798086885,0.4197215517093579,19.748099893464808,0.5595046950050768,0
1.0286925352708838,0.5959657750043582,28.634174066588265,0.5808409658976365,1
0.5460635433022334,0.6130269132018809,29.953395741366307,0.5914947927911087,1
0.9926857868164428,0.43007295475267454,31.962850611187946,0.08503155696114918,1
0.9692577613157096,0.7440221571900997,34.847907378381635,0.49748026220349617,1
1.1561690165738792,0.7926805803914811,24.18709559306464,0.49894896451497706,0
0.33625880414603154,0.3194110145109094,28.411888344146483,0.17287876139290656,1
0.8660624363687991,0.14439810518692514,15.368474325042435,0.3536527237626814,0
0.9204574222946091,0.32242863398590016,33.10174066612422,0.4704530012005696,1
1.1267202667253655,0.21751542276070257,27.31486291057158,0.6301887771005887,0
1.0929377807638607,0.44825425029631255,23.426899585464742,0.09508934743238881,0
0.7095547409647156,0.3337907009393011,23.686254855213015,0.6266913447245118,0
0.7160261637435767,0.4103370607150932,30.159912927207913,0.6472421772838106,1
0.24238491266486378,0.6223906820570012,31.66940007071788,0.6480546876803521,1
1.1712071077873367,0.2555157309063891,31.158073526297038,0.023287726631521236,1
0.34327008210894083,0.45310604347979405,25.211693060940476,0.1702791654732768,0
0.8834466512189859,0.3013709369965163,22.422932751360634,0.49004676049725243,0
0.9651642555261094,0.6387206480904961,33.91078722831071,0.23878305107202874,1
0.5573978303030882,0.5296524743057722,27.6839904954042,0.061536638230786686,0
0.2928727780334167,0.056378547882958055,25.873068179884232,0.5388006147735042,0
0.26730444185263974,0.5450385058289138,26.966378640565853,0.03944269087625904,1
1.0349704010368304,0.17762150604993676,27.59733016372565,0.3232945029938578,1
0.637369959760792,0.5933553426522795,29.26145768213808,0.6643517417137326,1
0.1536575293440067,0.47550400013409355,26.063693900823317,0.3193583219275776,0
0.874572393677322,0.35111200829238104,32.50710708914957,0.6400833540739084,1
0.337696710725784,0.5705498219054439,32.194284285474325,0.2981228872318699,1
1.0578539633635111,0.6924449644015851,23.845154893056748,0.25574655418933245,0
0.4060075539344715,0.634057785396555,18.37072224251073,0.09302030576733594,0
0.2803114546036646,0.4590344574289306,26.533114275422015,0.26350181813849544,0
0.14758721008817446,0.5920207401946473,27.41479044262364,0.24915081321482838,1
0.6382608071332946,0.3604359157945652,25.467591479074706,0.5956548064643498,0
0.5683482259910304,0.6417695911723466,32.811556265479325,0.6455423184668705,1
0.9140089662936143,0.6717889187171137,16.860405140487316,0.03491245831226432,0
0.5842929752719919,0.15297037765729904,20.748370096704008,0.0868143591719605,0
0.4453883642630267,0.2285235196954597,32.31579692645237,0.45739535762132455,1
0.35090315297788566,0.2524915530118688,33.78826626044411,0.34962516390153614,1
0.3698687572904667,0.17456128923656866,23.51850149405137,0.22187747183202525,0
1.117025087101986,0.3444012551730655,18.85287963681876,0.196736800607103,0
0.23984039240098415,0.1947749085872092,23.406589930198695,0.17277872087266147,0
1.1864028882407227,0.49665448319495714,24.12332890848272,0.3773065910955332,0
0.42595737347105844,0.12621158217321193,25.391387563251005,0.03188635681126884,1
0.15164877073012206,0.2524393647700673,20.487061603659022,0.5224413759988914,0
0.3359939379060447,0.5491404844597676,21.25254814233645,0.2242638453656971,0
0.1171765364878115,0.3489088423500119,28.11175262692184,0.31024538684018793,1
0.9585342345385033,0.3660970563900558,27.43588301993279,0.37839549453259985,0
0.6394358494222713,0.648443939718792,28.24205030230669,0.1637245298548013,1
0.437534611696821,0.7883836649682399,22.545699663951623,0.6209178002481174,0
0.8113570453262968,0.47380083744065965,21.729136769997844,0.4838234135212217,0
0.7752435048428682,0.10930037859770582,22.03077345945878,0.611801512607373,0
1.1308529026117287,0.12717723066772696,34.023529709793365,0.34330641157967956,1
1.1554495942606366,0.7763755415220621,22.904902062886457,0.3140731114327986,0
0.8327863420152161,0.5594261845613537,27.12264792675851,0.18125694658621627,0
0.9904883163307938,0.6143518387503646,25.45686374333077,0.3904914456210723,0
0.9612888653854553,0.5568228182641561,32.524436319889844,0.42335122985617646,1
0.6149990626048848,0.18471320127136498,22.38233601558958,0.3055478963884493,0
0.8601270312384295,0.3862716206185715,23.68288888712341,0.1188601410125945,0
0.13999785883610572,0.6485603282145243,31.855885775644207,0.20571103436101013,1
0.9217242456228529,0.699772222206555,18.219152280598117,0.029691026471809392,0
1.1561079582712228,0.22800163605977902,26.885890957506,0.2370143621161816,0
0.1477209660945992,0.49697134312536545,22.99816415287608,0.41491610410446056,0
1.0115331522806326,0.16782642705384004,34.71583117850455,0.6698835465291635,1
1.1229270306466619,0.7687076548413138,29.427682336012396,0.1409698215448114,1
0.31011722327237135,0.23915321674436568,15.211125256122564,0.05771588075868618,0
0.6535328657505843,0.5949763464529225,31.789478008932875,0.2214916757525942,1
1.1170369592824367,0.22333470817014078,29.063593123626234,0.1266224347546501,1
1.154259905201413,0.5120404571589062,26.219218311652867,0.49295291788795814,0
0.19706474200516383,0.5444482302669924,19.722569517686342,0.023909431878132627,0
0.4513548593887682,0.2963210775910645,17.986333008153807,0.686989622745558,0
0.852866337323485,0.6641253990695384,27.56799125716836,0.6018533391783986,0
0.30479227429381983,0.7140281736855879,23.79880545627528,0.35365600261125746,0
0.4234862229296529,0.6913024476904963,32.232406244622595,0.6462407094686967,1
0.07678471900539727,0.298098664598538,20.247471405553426,0.4470803462069484,0
0.22654993307087873,0.6082551942594905,27.75039961692498,0.6957601161486352,1
0.6966789185804054,0.4696180661519181,19.976860733180352,0.2092482169584378,0
0.8010535762498101,0.4944712433690087,27.726341581865768,0.6978961769799091,0
0.7962486057602125,0.40806881394384636,15.966892844314266,0.14256815864300912,0
0.9451145413949492,0.5001958609766538,22.834148536287692,0.2603244899945474,0
0.5275736257996102,0.15174061852681248,18.453712317315027,0.6560203746312643,0
0.3645143236773288,0.35663542483809146,27.11867992446949,0.27196875397252857,0
0.06791780504890374,0.18325382149095948,21.334561063554638,0.16268873640750925,1
0.2876242999602449,0.2600791482285693,30.430652353534988,0.060451231721795784,1
0.4092459840323428,0.14586090194160034,17.291887208600365,0.1212915826110327,0
0.25493788495253533,0.20937170391651505,26.124261338384848,0.2615519394184063,0
0.07316614222109259,0.636446941840787,26.873557258833095,0.30643779567872204,0
0.23106474996497028,0.46237734663325264,15.44208199440132,0.3888667714057629,0
0.8160144866027081,0.06773233888417625,15.719714217009972,0.5732398362784829,0
0.7740232289434852,0.6413933628515868,21.164803446560366,0.02912209787650122,0
1.1260361853077487,0.732101296947118,27.18150878823824,0.5919589692367923,0
0.9678935351069057,0.7103219568369783,34.25259990324413,0.4125295532557142,1
0.7029195343673699,0.6672626621549913,16.815670199773262,0.5344050796334613,0
0.20818979961719303,0.7941623321007028,29.063255464216113,0.5347458700811165,1
0.6986825917639304,0.4898014666534497,28.854322442455537,0.6341778219289541,1
0.12083432005130788,0.7719407213861786,28.389484870069538,0.08349854200735675,1
0.5455176320224807,0.7616331743760707,25.322946830644035,0.4086303960823553,0
0.4987974232892747,0.2849290478775795,34.33651901220287,0.638140079308478,1
0.5419858807673829,0.6975753170419031,25.03550276977363,0.509060293545989,0
0.37179980615400526,0.6443544991690829,31.765941583984155,0.08567773981764579,1
0.8387050147673972,0.6318490830508142,20.25041205749328,0.43749573139823467,0
1.0170861373935962,0.7222105784689415,31.126169986137104,0.5639190182566423,1
0.9337945414888241,0.3381425074402308,34.93091467877866,0.20690601468787514,1
0.7719149101595123,0.35004122441553637,33.201719755475196,0.45009539981136537,1
0.6690965192329652,0.5300392319027274,21.08143437503891,0.591480310548018,0
0.08574680700923493,0.6033534033607566,31.92314951696799,0.3762295300175451,1
0.8813740984957094,0.709802826993211,16.905142460574396,0.1520472965748894,0
0.676730380515272,0.7068839904944615,28.554151192261052,0.393783843039386,1
0.36135220826346987,0.5910047182896949,21.842924659733733,0.41984267454536495,0
0.4270183446814579,0.7676695833661421,28.17340179191196,0.29393988511916064,1
1.1259478044402025,0.1839714642096817,23.244980151589306,0.4821393046787661,0
0.7680165818848111,0.7627548853850648,15.180662996506449,0.31466636838810813,0
0.5972992998561576,0.09814361152521618,19.62553108095902,0.6166354596050423,0
0.7640600006646688,0.46671641089393867,15.84772465716632,0.5583053179082836,0
0.5258036737335056,0.11764771775609169,23.545398455997027,0.567244868777422,0
0.5907096141834687,0.4760007313986023,31.80142573456366,0.37773215958583406,1
0.38385564521382093,0.34258228434178956,29.759935179501568,0.15351651800165597,1
0.5558312956803912,0.11120707362679015,30.778243724881314,0.5126068369936654,1
0.838431067303597,0.5360876037681412,31.143992976094584,0.06686651907401348,1
0.09593321384943959,0.5983984997171314,22.43879576086951,0.3719509565840313,0
0.9642815183905781,0.180639060214986,25.12051458986797,0.05602577540743184,0
0.3754264719905097,0.5708275394815767,25.16902340170802,0.3793247074027679,0
0.8349437624473747,0.1842856618607997,17.26417033872145,0.48642707500765553,0
0.789134111882069,0.1530473369864574,26.962842442565485,0.30505480756512293,0
0.8005222565125011,0.1605224498935593,29.40359558000671,0.30349415325693796,1
0.7493482536941733,0.4993088517157512,27.219356382265886,0.10349981818642903,0
1.152967113779965,0.6340931060949524,29.91931869419045,0.22525773160288448,1
0.6345957870996994,0.4976702761053602,17.377825362497134,0.32210612999780447,0
0.8921669828426542,0.6570135897636838,30.228178926683544,0.6072222542685536,1
0.8612667309197642,0.4936080058027769,19.16280206736953,0.630626333590572,0
0.3217077138700799,0.6479909355113651,32.53653645679066,0.668434469365158,1
0.37580171506484944,0.7823918758499755,19.898626247015912,0.08817931404614265,0
0.537619662880513,0.34321985597616844,24.839847673808805,0.22142335166284355,0
0.3693526200326906,0.16245663269517102,24.745325933132683,0.3347807847522766,0
0.4717545637694536,0.15154760877871826,20.37700640784027,0.45638580058523553,0
0.4996047060175518,0.49810819749244856,22.23419168839189,0.4979029729276555,0
0.7444442450790956,0.46032729939150646,18.71193498151184,0.5544910762608631,0
0.30287354914532083,0.18817653390652306,26.40201394917099,0.3571941908409046,0
0.9749356457581904,0.7115787220007551,33.260560506669606,0.3984773013062885,1
0.5531668102872302,0.7675612763406414,21.33215144723301,0.6731880685550504,0
0.8621807284357339,0.23991173232747626,25.161252195429153,0.18321923025699316,0
0.14365885342694057,0.20516219817580028,32.237612238172986,0.5665566251612387,1
0.590460203243022,0.21044138923066041,24.04998093890945,0.504036263363069,0
0.08245246200392756,0.3405661472685196,31.62520656915839,0.11526108897511218,1
0.8272964905878994,0.6899203814742098,23.927813303397393,0.6500143510483111,0
0.44526658854663,0.4969704574558384,23.804849334217465,0.6016421861659849,0
1.141640736221703,0.10066507379950244,18.14479924358684,0.5500631639697738,0
0.42274284679163227,0.4047343138790504,17.49957648853228,0.10620603695242031,0
0.6983767827203858,0.11774876227106944,27.229934885889755,0.1149759611431383,1
0.34599571204880686,0.35466058550633006,31.54667049357441,0.48457495157503055,1
0.7631295232894414,0.35264010672748775,17.708129737003873,0.09294361032178713,0
0.5870987026532197,0.5362644992822343,33.201878922139755,0.09705461201392376,1
0.47622250073147776,0.46209047522232577,22.17759603728673,0.2921900375287942,0
0.28424275144220684,0.7060660867543145,23.505144130416436,0.02365696436742285,0
0.1782495455671736,0.06220638699910426,32.88906804036258,0.5106087139148764,1
0.18786100405017425,0.6304991165709869,32.92592900642813,0.38734075535888207,1
1.198896020131386,0.0669937557168813,25.49717753823144,0.07315842146596256,0
0.5241573358858199,0.2782173713572745,20.535298889066816,0.3896362689543929,0
0.05221916405434038,0.7097473536346726,18.43878944676352,0.05677975355631101,0
1.1458681092199163,0.5678106287578413,20.43160094861093,0.06807335207879803,0
0.07297691286428455,0.17899750877460746,30.612547952502496,0.35011700930298867,1
0.5313740443877137,0.4180884080839572,21.49181604427299,0.35987981035063865,0
0.8750992238662543,0.5914281357334894,28.891229220660172,0.25051644556737823,1
1.1017891310275258,0.753007491004647,18.904016445591942,0.4428045916520455,0
0.8698192351469162,0.5257408994136529,24.57007265377799,0.2834037138052579,0
0.5831696181350136,0.06850655857469547,22.042124321176445,0.4191331937288314,0
1.1706083448317188,0.4247763947722127,25.072246466404614,0.25785375743175126,0
0.095217290488261,0.16472122937812078,26.39890581840353,0.5061775359681033,1
1.1849260329187092,0.085834662856191,34.818699292688905,0.41391455987250597,1
1.0268002844647046,0.4988829760111882,32.997900943784046,0.12882961185271471,1
1.118269519695313,0.6326914268828184,28.917329550483814,0.4866628215208495,1
0.3429882877121671,0.07704541662230323,18.074869410608375,0.5530764273227518,0
0.21382678312691022,0.6376919532241396,33.38057112678437,0.06479436621013619,1
0.8128125712786051,0.5797909098586316,32.85172141416,0.43477320480441445,1
0.643238353684038,0.613990166126271,32.73406860148478,0.5574921660888893,1
0.6516431548560363,0.23354627953677537,24.58033728706112,0.09796397048945034,0
1.1133120552557003,0.3451965916200718,18.414134221221136,0.6331236454198211,0
0.7630930426512516,0.13981312040541422,30.08806429937843,0.3020631746518741,1
0.40772341037027837,0.22916821267584986,22.77030077980847,0.5217310783471283,0
0.5100765398805575,0.27709225360807255,21.8913657938447,0.6313538958439018,0
0.20352021035562895,0.2895774796525896,22.81564025118555,0.6929532625917925,0
0.2711611463170427,0.18127991607260885,26.181411149316247,0.417069043541277,0
0.21485258074096925,0.19153384855335753,21.670376614883182,0.49890627138214483,0
0.9818350423930576,0.7261027998441202,28.79841221996237,0.1911557783998455,1
0.8606044881679366,0.6379202111117044,27.95447591487325,0.21723153308606297,0
0.6598967702524796,0.308358277618578,25.177252276538006,0.5985232102937644,0
0.48052300867170633,0.7607326546107206,16.079464633709904,0.29080585448359086,0
0.818768433873003,0.22919203459424292,33.730853647423444,0.5792550890110657,1
0.984841149850125,0.35511534008753803,23.233925662407806,0.05440583388614788,0
1.0634181980224653,0.660143983575928,23.989063885717744,0.16841232681918042,0
0.6790686624372836,0.38216477765272,24.120650244863313,0.13566398049970393,0
0.992867890092656,0.2259689921811095,22.300559164769382,0.37840587939767095,0
0.6380018464245992,0.3264016007161163,28.491758212360196,0.07476077233850811,1
0.5957096025660745,0.42554080428101115,15.278353916476986,0.2538318974464895,0
1.0452466339654152,0.5154832877452531,32.47016658621358,0.6906466746984055,1
0.49433002670436355,0.3542048746861424,17.048780505391207,0.5600676529562529,0
0.5052995808968076,0.37347824833998067,34.99427350209635,0.5372021607855737,1
0.40064804707765356,0.2479577096010689,27.561652583534418,0.11187799561956908,1
0.6465069875388092,0.45151047381305875,16.32492948209368,0.267900192475769,0
0.6765775387428798,0.2145921753271598,26.24874118853682,0.48279982047533265,0
0.8095303171070255,0.7006446635810569,21.626155849312294,0.034705161325509465,0
0.545077656626006,0.6105253026997262,34.06086446252468,0.31510401386376663,1
0.3005128856661392,0.357709241310638,30.109420095637695,0.6514410566714866,1
1.046868371775957,0.6104208852746358,25.140293372968728,0.07599106869173333,0
0.44790099732371647,0.05524695635702977,23.59554799014949,0.6362563503200802,0
1.1113849328162009,0.3083669169817974,34.91737731579073,0.15227470467430448,1
0.2884563329804241,0.38022586111009143,28.347681699215215,0.1485929118740092,1
0.694066097671665,0.40234888065927293,25.27859484782482,0.1528964519592093,0
0.6671073575588701,0.6115486082827541,22.958882348405908,0.6532541359661839,0
1.0029450251160446,0.7721055706712854,21.491657148811235,0.4305465961876906,0
0.2096790947634542,0.33499784783210224,29.108388476032587,0.5305364828018736,1
1.0964277488550804,0.31294988714590605,26.757710298120543,0.2691571721375766,0
0.6611423979978807,0.5078864199352972,31.96369670607865,0.613810636461716,1
0.7240257915015214,0.26094021064368417,26.071214466067488,0.41571725242215746,0
0.6366912372924322,0.15601275036139195,26.64662780263621,0.427887754580448,0
0.09142864286170643,0.7711556528691491,24.54712989686361,0.5315783154131333,0
0.6216542610775878,0.6571474676067666,30.25241892582133,0.54607698387063,1
0.35308211207853907,0.768874664768096,23.299843521970367,0.4836672286786772,0
0.4440914074345061,0.2133746590129375,32.0387920945983,0.10085875484519521,1
0.7964668390652109,0.06335691122725294,21.540895223096,0.6093740830585929,0
0.6223516988952218,0.3779461818035798,28.85250092761931,0.19741139893797932,1
0.1572009445675795,0.750206722243686,32.85941798199305,0.6974120276731852,1
0.13399746597602274,0.15374400415381917,30.38147727392242,0.2821453936026434,1
0.26350634995997585,0.13788914212594877,21.852162850319026,0.10159816236727079,1
0.2695179185580572,0.10171458818438155,29.12678005901546,0.23493882176065312,1
0.7495458705170696,0.6237634991989811,19.139696292199474,0.4100032856484741,0
0.25448663365237423,0.6394449003751542,16.163301589036188,0.2861834419776455,0
1.0639773367659862,0.5715320417475981,30.827634792897015,0.5835035484990703,1
0.2912247597054251,0.08996888384175207,31.16018230463331,0.48390028088592385,1
0.15480116224034002,0.5924662518614029,15.45861877831195,0.16514638461077696,0
1.057107918813594,0.3864716063462654,33.95590027739947,0.3864202473750409,1
0.3896267124882429,0.16842081645245371,23.91799653810338,0.5555217601347994,0
0.5392360243087961,0.27134450786345155,33.10544294870778,0.6260389510557438,1
1.1528803416143087,0.4258601299497207,30.763490512898137,0.2885621477374683,1
1.13602460203144,0.2972386042022608,33.01307055617424,0.6486360097029785,1
0.8721544226546555,0.7773119200561943,31.667512662341373,0.044459232541240554,1
0.12927979449243793,0.40605630628039946,34.47990739173648,0.4801500174822424,1
0.732341144223107,0.3291128826891077,27.58202002551574,0.5517496264926901,0
1.1874396252985964,0.5548740717260275,19.54517694105004,0.3090961388365977,0
1.1389536626875776,0.5379087926419361,22.79126261465975,0.027462643624801643,0
0.17190286639793428,0.05182946030395057,30.037584972381623,0.4871839089832444,1
0.505362398553924,0.5138552737255573,18.13938557606123,0.25294368492583386,0
0.41286725778826516,0.23282673107677526,33.5968467235804,0.12323280919090951,1
0.1991873229406414,0.3314252311909412,19.10557827257863,0.12683396803075103,0
0.849018057936075,0.5797616680511333,32.519494763592206,0.5430315579652983,1
0.36492561901427223,0.46803966575802186,24.674478896771756,0.14742480846445968,0
0.4465956735940924,0.3264913581163227,31.812402967426817,0.3491868427366732,1
0.15391270820663064,0.17555776387784305,34.16591394955558,0.6798647645664598,1
0.6226626925954655,0.4291116404358149,23.442949041514495,0.5359967145504723,0
0.23189304319986492,0.28952451763040243,28.93209081835807,0.3920916811260187,1
0.5469039871164125,0.7346958563060564,19.534352068187033,0.37922723978445577,0
0.21484355541879674,0.450759980216788,31.01571433357077,0.13378266025169958,1
1.1469273734426675,0.6994729956278094,31.398512985662148,0.3235680310103862,1
0.21672991317671397,0.3426357713626335,20.90491408065592,0.11853176465630808,0
0.6501702269282282,0.6705778728409704,15.482815249413797,0.0768358383571096,0
0.2765267991168356,0.09240267662905897,23.624105035596493,0.09421332045227947,1
0.1378160739935006,0.27358926917601123,18.400010684904238,0.4324955865232091,0
0.2826549116684129,0.10863194978352454,31.37102160537746,0.15161602827806225,1
0.1129902234990015,0.07373763553615544,20.221945560343123,0.121554950193937,1
0.21030699058913715,0.7391466839923392,33.87385585093054,0.6096490542259513,1
0.6175067814276995,0.5876515582997599,34.436179221537785,0.10296881499942795,1
0.7995878492162104,0.518832548351353,33.176718481409225,0.49983187745798335,1
0.15044078733255095,0.4493696070588747,26.992289554123484,0.30356017826022963,0
0.5571714174899087,0.47716552716263144,20.348560079718318,0.41377422168017236,0
0.7184340762813547,0.5290177860398402,31.145168296660717,0.035881681857965635,1
0.3193595276427207,0.6699348460550775,29.031907624160286,0.020013082871273572,1
0.47789017324342914,0.4976664168466462,34.543366941005246,0.5757290099328686,1
0.13261010019364994,0.6114355723331618,22.54504014632477,0.34329998778664106,0
0.3031507422680591,0.26073353887230116,16.175359983354404,0.06848871678545106,0
0.5867658648067811,0.7825713033623541,34.96772657677893,0.25355015016957283,1
1.1890085057641206,0.0739229063277717,31.76527278877751,0.3643210166505342,1
1.1957048223800033,0.3399324464579866,19.42979376597098,0.11213556425595983,0
1.176564933292931,0.711537163627778,29.51255731799308,0.39150980584872563,1
0.5365493442453767,0.18539222201464262,15.013803501295564,0.3795504894893396,0
0.14278243517686479,0.15600356970024348,26.15618115767161,0.4299279131140736,1
0.4221094528367335,0.3240730751749351,22.25676482003257,0.5709780275736982,0
0.32337153167662386,0.3711460253876206,22.626660824752538,0.30068959310306603,0
0.06624556114633277,0.7500455454962958,19.890396123441516,0.6242208193528483,0
0.15951865183163172,0.6770896510316158,20.49690431266688,0.3427781519787579,0
0.571170725306426,0.3980672282678856,24.09337327712302,0.33086129566573264,0
0.4406118333749415,0.7797313256612023,19.962900709555512,0.46586627491470595,0
0.2574067798796555,0.5317088031192982,24.328798937388758,0.4399144264208529,0
0.8735149662575591,0.7052440489864185,26.54695441140911,0.027775758356069744,0
0.4606829352811113,0.2345427353651191,29.2222284570502,0.6880528013524525,1
1.029648034108526,0.4167230557249871,28.54291301365636,0.6610316385782381,1
0.3271237343025849,0.07228791001732497,19.839785462090468,0.21127444089765793,0
0.6691525135996185,0.056660144949836636,15.783791808562261,0.39983667131271133,0
0.26176009972155984,0.5790899157045984,31.653637321862615,0.5439299180409617,1
0.6195957088437183,0.13872021684920055,32.446256859291864,0.6459181203866116,1
0.2253364853251441,0.4608561778331132,34.57779039466543,0.4184165152846596,1
0.2358154180272502,0.572005611657515,34.19423114472376,0.03287929039796404,1
0.754056883598318,0.07417593967222945,27.676280533859682,0.4828610043253268,1
0.3533539485021317,0.3865560493592615,32.885434078831565,0.08329308685134645,1
0.24822231054888438,0.5631139527393798,23.960168386427775,0.4764008860055679,0
1.119233487655334,0.7172982408911376,30.74671279450086,0.4194507693808309,1
0.09945373835105872,0.2744225754512423,34.10669084513435,0.4556553469820706,1
0.6999203296002702,0.7806623972632477,30.92557114415328,0.1486952353100725,1
0.6805034181082551,0.6834061247447731,23.31530731903601,0.3556547067121303,0
0.3382002055635187,0.5379763040613907,22.5551849413353,0.4402106202373755,0
0.5706875068797405,0.34394413043459837,20.83085508374645,0.22419917976163067,0
0.1508984505450308,0.5833327821496239,22.34127048627655,0.14350381776797844,0
0.8794606678124685,0.6621449518027651,31.41153323584406,0.17142290244268338,1
0.30495172063334663,0.277474906164918,29.030006424371535,0.60345133499465,1
0.2723931638005393,0.794622548680272,19.997583590834488,0.33588959380060046,0
0.41211025001912843,0.7314645273159792,29.230702571655,0.46952989634405645,1
1.0877254083026133,0.41412608025719194,22.58790932079984,0.3701244276213167,0
0.9659366455260741,0.5921224368315465,26.15545014073291,0.5872065312743757,0
1.1389261348038213,0.44300667096408636,22.407385455386923,0.3657765096601546,0
0.7997566979380483,0.6206979141477698,25.432587057716802,0.08346121278670889,0
0.8123597376869007,0.6702366529084861,29.596077901850894,0.15462959160254405,1
0.6020356493401495,0.0674169163677819,29.62261301240998,0.0290204823169744,1
1.0909642718720218,0.10934902227548694,30.063651586021898,0.5854365124806147,1
0.6375087216608784,0.3023505619075452,22.82077590980392,0.47102552664922537,0
0.4583190814142783,0.7382102244742622,28.80990885826708,0.5362573043227326,1
0.7864312614053149,0.34870518735754225,19.774232628941654,0.5062137595934505,0
0.678060417411108,0.7156341614014432,24.548568408397312,0.580646188340954,0
0.1926227876063798,0.3968254344738147,26.66213833606553,0.6911392621197319,0
0.501634225999294,0.26663969023368006,28.72964374544051,0.4643605043391895,1
0.41032422275865194,0.7254838872968714,33.23991983508501,0.19154061001309824,1
1.0238588412628014,0.4705030766890081,21.095372730795816,0.08894522870269403,0
0.485668940519075,0.320363221272531,31.90571829289919,0.4210285913083637,1
0.9947885175347265,0.0833052527208626,21.222485040186612,0.5441148016709526,0
0.5587480329860874,0.1331998493361679,26.03818838070654,0.40186876565687013,0
0.9165256479624515,0.1544827457311479,31.561996948495985,0.22641724227736565,1
0.20557421778786839,0.3236272178079547,29.46299210539381,0.5094196965759004,1
1.1133477526072317,0.505499716808258,32.25739337754659,0.32462129732737194,1
0.602643874418756,0.2806925858164474,31.29762385032747,0.21488058887878048,1
0.3487679824702523,0.09914572532360015,20.526945238690743,0.5919374518565995,0
0.3277130473195279,0.24860655298800033,34.85873343423622,0.41203277116038073,1
0.3548388818612177,0.3565112381747076,33.739968644141456,0.21274463856267714,1
0.47173279885566277,0.7942024465042469,23.603492424765797,0.24345094733686473,0
0.8751474625769592,0.344740178563204,15.944189513777525,0.40873227846163757,0
1.1420434993359125,0.11689656406058298,21.069933463782604,0.3075880439145275,0
0.819393044642177,0.48583611085545003,31.723050611928535,0.12915300033139274,1
0.6792412115857158,0.7397300544697173,34.01740838997667,0.43511955402661434,1
0.5658874792197048,0.6400217741463126,31.633439085197654,0.4885948449155268,1
1.0024236370932589,0.6771637318904276,22.934864732091924,0.020073981472735473,0
1.0271057828129804,0.7461738470767478,16.130729993726625,0.38507113494350015,0
0.38699332559774136,0.5274076275391535,25.351656880190813,0.4124698063201454,0
1.1464332859514446,0.7961920479901241,22.527650177263148,0.2458035568756983,0
0.5043826676873394,0.07496117740973811,17.459447743561697,0.250337256145931,0
0.970089779570257,0.6761297571076718,17.11706692778211,0.23600803998393813,0
1.1618428597945683,0.6927580021416964,18.060737673121917,0.3228230864630304,0
0.8592068159839529,0.7375252930714737,19.116473467692792,0.5721191176243239,0
0.23578333541887275,0.4086270932268868,30.075728187309437,0.3389377256231915,1
0.7240574984500204,0.64081694271545,22.634069410014156,0.6956811205431213,0
0.18659369155991518,0.19631029934088484,23.738762603903574,0.2757878988414464,0
0.9575133458492652,0.5023476688836608,26.96762669966236,0.4954983341937675,0
0.37351244995496535,0.318983864272596,34.20266954864033,0.39329665654571916,1
0.8494970465190214,0.4971302379964816,30.129380978006772,0.5383562623633366,1
1.0966031252497288,0.5566703803687253,27.914252277624023,0.624087906926639,0
0.2581613282706982,0.31030150005963414,29.876642672156358,0.36794463932181587,1
0.5017865143913417,0.21217872447715397,29.385850422371753,0.35624586224147947,1
0.7941866062846011,0.29126593164450104,28.804985219885534,0.6610489403275934,1
0.5326073817309263,0.547967933830582,24.928142389997134,0.6548885093884094,0
0.2510417828684225,0.5576556752546079,26.336941602799573,0.6979577761233945,0
0.08343235629411655,0.6059877020180742,24.229829328978937,0.12640362239570052,0
0.5175878652572573,0.14490245642952948,22.899169940939963,0.022426732071988694,0
0.7965903805692084,0.6638880426908462,20.415361435125057,0.3173710054097108,0
0.710081839375362,0.5661108511557167,22.104264025247804,0.5186713110848326,0
0.22967742572473876,0.07287880751797939,23.570592346193088,0.06954208688758388,1
0.5682974604474946,0.3016983870762881,26.587588099689718,0.2740491098779024,0
0.4748917031084407,0.40003344192985785,24.99750194406028,0.4153924442155695,0
0.3653327626374098,0.3204631177901111,17.158979085545184,0.1645322490347927,0
0.8886619304394476,0.13806266615630985,21.79947310914521,0.5171765584892005,0
0.40609983453126197,0.2055097133787553,22.5238693720326,0.17608560538351087,0
0.6711632451829835,0.06842104618259941,29.138519302261848,0.5916569703453965,1
1.111707065560059,0.11980787101442213,21.65784168710909,0.2568258696210107,0
0.6701673795916198,0.24972508829340856,15.159116311692758,0.42708094423003506,0
0.7595763466846449,0.664977699226798,16.686732466600834,0.39002472482800404,0
0.1342328840926841,0.4449781324529002,24.9399683594046,0.22158376720477055,0
0.25485426530299676,0.3683734180183295,18.769910085447414,0.3185687041903622,0
0.16609387919283047,0.5466222079689118,24.89244822558465,0.5952617024866912,0
0.9295348906092161,0.4561329202437539,26.48410744172245,0.39287411422561,0
1.0113092430543686,0.14863544506671966,33.668758051387094,0.057799133362589725,1
0.2644235871737643,0.2169675228681422,28.111598486976398,0.5048619578265002,1
0.30216251356155466,0.21689177074295574,15.620814452668654,0.14406769850141168,0
0.42168838291670024,0.4999643844592566,22.61461036569689,0.35052267918465646,0
0.7297392594969108,0.3962182746420098,30.86913941563077,0.3386064388808367,1
0.7650656228700224,0.34068879692064025,20.211249119798563,0.35081111141418947,0
0.8397670523226762,0.46747937966134095,33.49946143000482,0.041089524301675874,1
1.090971669645482,0.777586839336918,25.580214171272754,0.20522419305696893,0
0.3892961615710188,0.2856450920419076,16.848953836444117,0.05450012144884829,0
0.807572837587792,0.44014657522513795,19.833410803605606,0.30217055778220625,0
0.693681272644346,0.41027751173308674,33.125983981773246,0.4425089745546265,1
0.4017128264744521,0.5874822738093837,34.8291950234962,0.46477040548231324,1
1.0935274645827244,0.5977177009871871,32.26031785134707,0.06389264248847734,1
0.15980592375310013,0.5968030410597804,21.413533693038424,0.1008445913761585,0
0.8688011808568592,0.2011396849540586,30.37638025020197,0.4698246094907518,1
0.8870547699759922,0.38681985227089083,19.44455287192511,0.3812076016963103,0
1.1026255068434558,0.6583810182718532,22.690445748962553,0.5867201655954303,0
0.6463676812040566,0.3361476279054828,28.94336257201395,0.15949667370575243,1
0.4198656889521328,0.7881913379674467,34.37802678369124,0.10183275555194057,1
1.0019017703390234,0.32359005634414933,23.78396553562814,0.266176419373396,0
0.9364318241072516,0.42325012050647615,24.916728420666733,0.45320565179542466,0
0.6253629565823909,0.40589419610191013,19.40337057902109,0.3504577241216403,0
0.9330359819788827,0.3752478518519319,23.064454854987304,0.0870434209465713,0
0.3580569423888499,0.6842235262397163,16.260372153912886,0.06847862046996848,0
0.727932279963988,0.16645642816101014,32.17171791253678,0.4808316664680225,1
1.0449609730060567,0.47574852981048726,15.466691784284007,0.22193838376337194,0
0.41568218030898935,0.5139511830165677,28.670491691867035,0.47524808029169296,1
0.6060824797953547,0.6884159810520282,20.464434029083343,0.220542120492126,0
1.1437015822988228,0.5069001199445814,24.522188640663234,0.23406006405360888,0
0.9679436182674972,0.7700152608408355,20.631168801995152,0.16267401736107712,0
1.0700948733801356,0.7041257841956967,23.001413360538088,0.6889275338356837,0
0.49303412002401326,0.31155496126454857,25.935557728380918,0.030927797263621312,0
1.1959810485797426,0.6949298339681259,27.817868228643896,0.1065316550259117,0
0.22545044538638492,0.7688583605700918,33.80572286198233,0.5886773230403805,1
0.6465861706987553,0.24289788569343973,21.644018035512957,0.11394997916115436,0
0.6011643896406867,0.5076566049983063,26.697150259475038,0.21087388651992972,0
0.9681970194201547,0.26135293425660167,33.03444294416488,0.19869377842880814,1
1.0949104383922637,0.5371754593116632,20.80463615900685,0.49395019593535944,0
0.8908102834442687,0.12023210341026642,32.30099962250962,0.29961680106708033,1
0.7708386715498482,0.6006410164017932,34.15110192779699,0.5915997193890727,1
0.5415435694757793,0.3648648714465071,31.949874112538275,0.5282504931025703,1
0.6368748046370942,0.4904803840073276,26.39721002683194,0.381148905221315,0
0.6356953602085451,0.06939680189262361,29.4423107998659,0.18936200742097048,1
0.07342374473703431,0.5715810914077463,24.621317371020872,0.5588447904845014,0
0.6285026755518294,0.42199351560143256,26.945116088994702,0.6088735767842645,0
1.0343664202002436,0.5189382557658816,34.489481339565444,0.5886721075538514,1
0.8656651128135854,0.28675097928213056,20.0224111231109,0.05516536197582138,0
0.9650649154437555,0.1593651300660608,30.85094245081288,0.494611904341699,1
0.49905773823379906,0.37657170649710653,25.124662995096067,0.4986782726718123,0
0.6583192224499017,0.7579843409647725,18.537465068637452,0.6612913671293963,0
0.08850610434666555,0.220845519990354,27.87070761408888,0.19916528937574274,1
0.49044763349474507,0.5568792590264388,30.848538130701534,0.5547158440667493,1
0.5955784516265406,0.08738265802590604,26.37511638646739,0.488585620110373,0
0.3434902345389439,0.5885748389501964,31.748656019833184,0.617534340408429,1
0.08592712583924729,0.2288278901011198,22.317372281739747,0.49144946061360373,0
0.8439693250957949,0.3886377951719993,33.27536597974885,0.5996690849787428,1
0.5503509134761697,0.32581482544608054,27.966401999726543,0.2645112359851563,1
0.5280299220790693,0.1346302574880166,31.06318649863126,0.12718460609782958,1
0.3374847671327852,0.30918646438383174,20.45970249716616,0.26707938355922844,0
0.6685049588477197,0.31259371871988917,23.922566238058334,0.5742351484147663,0
0.5537307984613412,0.4415792292723137,33.19234823480291,0.10952198482146346,1
0.5950821439834546,0.7792636497049905,16.01791101003763,0.45380272192065296,0
0.7180020507018393,0.40251314188297277,23.07963427126361,0.6915381175255488,0
0.05727334432569567,0.7358196167244755,30.606373161076718,0.62861011554097,1
1.093850289069186,0.3961682439219165,29.87629380356004,0.47640466326368613,1
0.13175050648684344,0.1306574756562046,32.032456615387325,0.5589886222431502,1
0.5685634594133937,0.22261467145695513,29.787806693574865,0.09920398876462275,1
0.2884788065252886,0.3556382570432002,33.94184298338013,0.35920695850922746,1
0.6523497247753566,0.29402657972763857,24.96519110700092,0.38170044782563417,0
0.3722646251167085,0.6993719656493688,27.48579673706582,0.5522331165456278,0
1.0390074727719945,0.5589842016474136,31.95411517120453,0.2121634750838648,1
0.5058138090567833,0.48373133893900505,29.033818997126943,0.09240999478037432,1
0.7845688891337029,0.41842216342751787,17.041134377473384,0.4947174129592736,0
0.33621168737006074,0.3479529637168001,22.339929051895833,0.35496400810850465,0
0.07231707306812013,0.5091443298740085,26.05181596663744,0.5927599606087272,0
0.5147777159552674,0.14345537408328574,30.094350877231378,0.3474129916063057,1
0.6669594629920337,0.17189989116267923,25.871351376371464,0.5954641298480636,0
0.5784792239510128,0.277337265047525,30.550984827675837,0.3653278012365249,1
1.1563165183916888,0.1783884623458058,31.75218952925816,0.5522349866795817,1
0.8628650499229326,0.5578240392686126,20.30256540590362,0.5101067216654412,0
1.1950202707192046,0.06857624105468398,27.32196346324227,0.20093612745848885,1
0.3893191038610677,0.1701331187500626,26.14220754961566,0.2303908610591877,0
0.9574112715482185,0.7269560821241026,19.546345053097355,0.6314529553130759,0
0.688892237678606,0.7981573611665652,24.79756178473663,0.17708484678840292,0
0.7535244076157743,0.4156928583710698,25.97136569137435,0.4943003782574402,0
1.1837311805086768,0.4215275547663187,31.34679750411729,0.11868168975816717,1
0.8020852797137845,0.6300490716780787,24.219787492845605,0.5335076924494844,0
1.0836394261874556,0.0771421832154313,16.618319649518988,0.17183709771394193,0
0.8846127699271341,0.37026611142573357,24.745919164644143,0.42396445347089484,0
0.19649403998346254,0.12487091136121987,31.759018887528654,0.4036855716611856,1
0.8543372668706594,0.35069478699236445,26.42510904655091,0.15838969206279102,0
0.6069629269883042,0.7878663808466562,21.377304554044358,0.3541542583654691,0
1.1066176919296937,0.6152249606025209,33.41941895968517,0.617888657301186,1
0.9778596142690235,0.7887844067639135,18.113027692521236,0.4827599567433779,0
0.169754890748309,0.6095364692529514,21.537553049866045,0.6950049913874328,0
0.20400299020159224,0.5060825538549413,23.7426938125916,0.5534968974774137,0
0.1300526520683964,0.6156656246954326,29.759557758517527,0.4575496953260432,1
0.61723160595631,0.5443187547282385,31.71493584251522,0.4029774036256843,1
0.14288752308845598,0.39804952242643127,16.17120952490399,0.6574514792995352,0
0.8822300870608981,0.26940975050390753,30.84071640927189,0.3783691373997197,1
0.6852123686679976,0.4401335445007662,29.410568305013264,0.29381748403235725,1
1.0112677701861137,0.2438701054260729,32.893046096236326,0.5874556339709903,1
0.3717651569720137,0.41500725983160897,33.00885981651084,0.6593662048658391,1
0.6470119017853119,0.15960155444081447,30.550511173208967,0.34566348649211637,1
0.185101638797126,0.4740463242275306,18.80405368527374,0.11332219605656975,0
1.0673015030478226,0.23396276810907857,21.277430133121015,0.4336935163842748,0
0.25125570663331404,0.27020607795617724,33.72639397696996,0.5237999381117642,1
0.16771658905296574,0.42427110633679127,26.963465997077158,0.2740725365647394,0
0.28580818830166077,0.17189468976618555,25.775214687785756,0.5285576231439499,0
0.9771662120314286,0.7717849127269394,33.31418880087997,0.381114912996758,1
0.1716867068373852,0.38520823654465713,32.483971481993294,0.22492216867866135,1
0.7565916190638908,0.31420942222006326,29.549923066327615,0.4480744353411227,1
0.9081084957073945,0.0718974538194357,32.64504608319087,0.28448434455114163,1
0.9137433345553018,0.6824407723341748,17.27669954390968,0.5550413426895706,0
0.2685700195993508,0.5193754364797882,30.150879331998162,0.02209441898346383,1
0.12086759813425381,0.36230386613097293,34.31280404393736,0.5763611188482518,1
0.5661273413380502,0.23414959950385678,15.979535845628089,0.2284711887209169,0
0.28285814703122797,0.6088530640065389,19.460913035812684,0.6725460631663868,0
0.8541614303660287,0.7591059318062504,30.879367777308378,0.536232109984567,1
0.4601967196037341,0.3356072792390152,25.400943288613046,0.18390739364073655,0
0.5667570321881019,0.15115705128442347,16.732367090825228,0.6855834279374071,0
0.18050767306696858,0.13189606045455304,20.359160583120424,0.3597148025577707,0
0.7026828295304205,0.05477147925041444,21.481191998452953,0.3755881821399264,0
0.2633528180766934,0.6079665805787915,21.421254436918975,0.6384723311838284,0
0.8308335100521776,0.7860465394262529,32.55345498937663,0.644514085887614,1
0.13184414593007776,0.7946133145651761,28.240729147160827,0.4938801028673103,1
1.1722787811235218,0.6381479407571942,29.698345567380237,0.6853457549023325,1
0.8372060253736834,0.17163783372203267,15.271401777771032,0.24363181051944294,0
0.2589890029837151,0.7832820919348412,23.550240059208637,0.17798887739331432,0
0.06620884228113416,0.2958600822514632,21.356412561310538,0.0398945705840998,1
0.4346323260360015,0.30021470711940773,32.03850804480348,0.25551455816489543,1
0.2257352536600385,0.5655027146693292,34.07739307839704,0.42979067345221766,1
0.30117303308747784,0.08678689030583854,23.466816991740103,0.22765775394330884,0
1.0536627972035728,0.6693272974306694,34.46121229142597,0.4141417748498243,1
0.7436853590584769,0.7979729573658081,15.287184080875363,0.05290231147143,0
0.2529263009832344,0.6313023335674381,21.514388084172115,0.2607819239594371,0
0.6901583107905661,0.6362573684055,30.498623558599,0.5286433364068722,1
0.34414775143874216,0.3427352529249132,22.20199260950066,0.09094226492985759,0
1.1726309940118025,0.09944104176174269,33.41924660755832,0.5060894698457504,1
0.08767081480324955,0.6445005756758175,19.36929784996261,0.5390515568464525,0
0.8921661854929873,0.4978685651786004,30.913334546562215,0.4067578261994741,1
0.9389465801201413,0.7320040168415634,19.034045048050487,0.6225395360882593,0
0.1272371785513553,0.13697217512512438,18.942098353456753,0.6691031883134427,1
0.24764976886605428,0.27884229732058124,23.914987167665487,0.04358068840852407,1
0.4919526579695511,0.3204921152925398,33.89881176660665,0.4817764563679676,1
1.048378050508428,0.5624597814085186,26.709099238046967,0.181278661682,0
0.6675499291812742,0.6408088723273663,27.700657897471604,0.29756465012328276,0
0.8036028775083841,0.7707653064383153,15.194653449372325,0.44374491210659545,0
0.950464760775369,0.2715553687431158,16.1323040926353,0.5043451438213239,0
1.0023412065881478,0.42022730642318545,16.33868051322047,0.5913298322240678,0
0.5977272245462333,0.07172069756097381,31.392843493224643,0.49966310443284306,1
0.6351121095895035,0.2397409085816659,19.737042435166714,0.5486313158270515,0
0.8757067356509464,0.33050263108973027,21.576763692774847,0.42736841556439986,0
0.3528437125459703,0.4953546548940862,27.19905557257961,0.09960017693070491,0
1.032663196820353,0.4031341201993805,26.67908635306638,0.034572614121999475,0
0.0739048481472178,0.323356294832748,23.210589951368807,0.3802524732666399,0
0.2751373425411834,0.5180584748970062,15.08600412069677,0.5065679126072239,0
0.9702299344919787,0.6714617578377503,23.992051501016313,0.09402860014012258,0
0.441296943676573,0.2312608497385919,29.777652314400463,0.3119212445554184,1
0.22230775759615184,0.3071569094453092,19.704786306509106,0.19420062979383843,0
0.2647679690681138,0.578692737265265,29.16716020547636,0.4056232740930973,1
0.66036986222648,0.6334554490688977,15.303056396345564,0.28554187164820305,0
1.0231087587467358,0.6690476538009855,33.160156086290634,0.15699790029521954,1
0.1312483231367772,0.20699841417277148,34.000784153115816,0.022987045342822334,1
0.08505304549334682,0.4544502209333117,15.049229668491186,0.23863706485903274,0
0.5849433562123696,0.7250083238939633,24.156368276130245,0.3709902597466924,0
1.14961552731168,0.3439628413186188,23.27643880477338,0.6518621764423522,0
0.37086127392624535,0.3724123176661667,31.83766711839013,0.17468369012270366,1
1.1530461199271056,0.7886172079255144,25.814431826465373,0.3683334448552706,0
1.0708333530785015,0.13478948452437906,27.22730939872102,0.40521764344255895,1
0.37560533784563777,0.5792014920962271,19.05012006172845,0.46147480666411045,0
0.9894902738945687,0.6876380952806689,16.54129335994162,0.24342511859462732,0
0.8387473979541415,0.16309513747551307,28.846621943652504,0.08764763725318468,1
0.6385957472404707,0.5858399270054281,27.413519839388567,0.6465222433239246,0
0.5363535644993059,0.40230366650783167,31.64657467966556,0.6678736916204443,1
0.9878281693142752,0.6896681635059825,31.89366894884111,0.31799717400790606,1
0.9620413475992744,0.7305892376269296,27.62070547945873,0.41479097410413956,0
0.920476786333943,0.7043636773659301,25.767227659005762,0.03973794742993563,0
1.1979943438975902,0.09828885318425958,33.28016538023702,0.052106635958318895,1
0.6002893300825914,0.6176414576112307,31.025282717046345,0.07213384276207567,1
0.9779614244929032,0.7411456812393721,32.64849989935156,0.5223474940972662,1
1.0418501220310001,0.5160113305031983,34.91681796547986,0.17451945394075782,1
0.29334296867173654,0.5006570453588677,23.07011575533025,0.14542411162257732,0
0.09837640836102013,0.08375404054858325,29.338693245815016,0.025668026274613343,1
0.5154606625168666,0.6920247666544539,28.76135630463157,0.03557033010604039,1
1.0352471871022924,0.08480267062187115,18.482854266656,0.29566095158779515,0
0.38246877337368673,0.2851322047885055,27.730971993860862,0.38834099286049034,1
0.8550116771775377,0.7443972989654117,23.561785517578073,0.41376024360218533,0
0.05845035992390209,0.7623088570471341,24.01271180227422,0.3313796032030222,0
0.45866909716827337,0.793925405356942,18.602759797081138,0.33250166505713,0
0.7578441989718738,0.40730171420966466,29.894786922719376,0.5321366859810683,1
0.19922076858318738,0.18307215978575814,28.958819793565116,0.21690769152807987,1
1.081097948969549,0.4159583651218129,25.645802780043272,0.18164811624607885,0
0.2297150736846411,0.1267346938122869,18.13438382451643,0.6009404478616449,0
1.096262576754594,0.7044020817274774,26.137295707142535,0.48869938924693784,0
0.29884770498542085,0.4704029249498786,17.002668442940408,0.3442691853763519,0
1.193420475003217,0.3533794243750665,21.78744052284513,0.20727528136312476,0
0.7454610202899296,0.1096480268606033,22.44715685585426,0.11287563731346056,0
0.14699662860405796,0.35393050761247286,32.66850785081289,0.045446413789983986,1
0.12506881965045882,0.6996437062925818,23.311241508887704,0.5996084434340443,0
0.13615995069838907,0.5775544493579096,26.96939737251594,0.4235021409500901,0
0.7283766593845946,0.11184163813322494,32.49557975807968,0.05116405518007794,1
0.981016082676493,0.16993039979463187,23.51518877511259,0.12783943056843297,0
0.5134071530360815,0.3442313680306284,32.67407040141464,0.21010370234419237,1
0.5615611231741411,0.126031312014439,17.729226250532793,0.1988886796453935,0
0.7276808592143222,0.7505308939949533,22.296863143199197,0.39290587267046284,0
0.6629966955043091,0.5392190334731569,16.89454498132929,0.2916216637670683,0
0.8412709930664607,0.12111725097795879,26.218592585625693,0.6199072908981372,0
0.5925535781874806,0.6410430967853455,34.14564120815605,0.5091992764133185,1
0.8709397878236776,0.3263044464289571,28.139036706425305,0.639298147130854,1
1.1969073539286292,0.23365298341491564,27.521512346974973,0.6067166651084275,0
0.4528425185860796,0.4774887064547683,20.563172644862767,0.6465310107755498,0
0.06404778235265343,0.06002909984040598,33.622135172462436,0.6864077861963597,1
0.19446880238440295,0.3990482450781912,24.43069569551389,0.23195357788043452,0
0.6865413127349969,0.6828537448213772,20.340041060916384,0.16258281062048874,0
0.4458964552163498,0.7460431969891763,34.75399960866015,0.13230360630670532,1
1.1309799827607414,0.30691602831232984,23.46247867589478,0.4471001562107333,0
0.7715630036234904,0.5318274411237833,22.429979648190884,0.4830573547599522,0
0.6484084638602882,0.2201175787766252,15.69922534597669,0.07972949606323966,0
0.9677454264628215,0.4701598032385318,18.56589946289365,0.5783286857781912,0
0.34737835170645937,0.2405207946148918,31.18382710144561,0.5524852413813067,1
0.9926993213247136,0.4785173814705897,24.653902092043005,0.4473622745799364,0
0.05352027059370689,0.17879158796992323,34.097494538503874,0.3162164860393507,1
0.7626289664560754,0.7559244175705575,16.677716064471625,0.12448695609567721,0
1.1249707237026458,0.7151881073054688,27.318868847968638,0.3638027442336832,0
0.9560389448389506,0.3026886870866299,29.399682950866307,0.12823512096820938,1
1.0316793209694632,0.632497166693707,27.42366252929207,0.43138557386047477,0
0.5064978994472256,0.12162809804914591,25.59755120251711,0.230776016619687,0
0.9978747880151452,0.605270681529068,26.565966406774216,0.18816825836658183,0
0.6834564147848066,0.2618443472095281,28.7909918275284,0.3199149383693793,1
0.7613212719786787,0.15173132650689675,32.265270872750584,0.41488470417589196,1
0.11775264023617403,0.5586434134277103,21.726892885693715,0.269875564588538,0
0.28178445175055095,0.40235511336454194,24.193081608833353,0.6752503127740356,0
0.6836090778405854,0.447604701297833,27.718191732343417,0.024010392429020557,1
0.1176212164970223,0.4403973381034406,21.28431904652895,0.6407454925444206,0
0.9026638275758702,0.09458598657951466,18.575657318933906,0.020465153648193467,0
1.0160655598001866,0.08853518681950777,34.32337513556266,0.16736411829112827,1
1.1084167154890257,0.5008756279610728,18.894577775924745,0.6975188329011023,0
0.1670337280567768,0.5178984817665625,19.654661908045014,0.5151048554853087,0
1.13067828522622,0.08538091738633595,27.37372200965185,0.4582588927655257,1
0.12776300877368924,0.3338294989158633,16.547366198430055,0.51374315898167,0
0.5951646483169877,0.5096384596703206,15.680953076304132,0.2976414071731746,0
1.0162886737219834,0.5425104918148073,16.28027207610697,0.5532626173018789,0
0.13085780934912367,0.6712068194574137,17.465272915715367,0.12531026238443008,0
0.07096573393733117,0.36554921269766066,23.583937242683746,0.5598468234290066,0
0.07868987651264829,0.46119333586022654,31.585212869289826,0.6588781423395443,1
0.6379607753514386,0.4839202817066129,21.839437861910547,0.6032270583444594,0
0.9833362562861624,0.28403396247523927,23.550628292948396,0.5229694482463073,0
0.1965406717334896,0.0903690518312087,27.00502185671734,0.46293657294994034,1
0.1933017921914717,0.05316944465382849,21.042888512475223,0.3743426724187066,1
0.7038288833072603,0.6770940620888937,23.65075757535961,0.28875183008460786,0
0.3194399409337122,0.2001738668917898,22.726233737287217,0.6086444417846908,0
0.8897457954166049,0.5226909981193517,21.8376708330004,0.46027183076069217,0
1.1420806964032624,0.4827856089829397,22.767863389640752,0.31573221346199515,0
0.930938417590475,0.3497248075553892,15.222354208241267,0.5536583683177636,0
1.0587516713357539,0.6751199815254754,32.72521336243169,0.05679055274607671,1
0.6475239662074208,0.5738011967700343,34.54693594897381,0.5729210906344164,1
1.0071671998501632,0.0670560975793797,32.249923828322764,0.5712774774662329,1
0.2603386615846847,0.6325205550175136,15.114845481084833,0.17540000105917775,0
0.12860007395497147,0.4302491135013217,30.017710933892438,0.04561668114008966,1
0.8043460766433889,0.3102644668121351,26.46200345173427,0.5053214097602615,0
0.10974537932176431,0.5951634923837584,16.883498220155005,0.1559127073322069,0
1.0763536320106326,0.564549222234702,33.65718269759195,0.6972948176903246,1
0.8452872691735314,0.2829411784017118,30.52434258445274,0.02624406276501068,1
1.1450308342202487,0.787279153623411,17.905925728961872,0.17625854724931364,0
0.41096965476022096,0.536531365033815,34.28082859386992,0.04860243014529845,1
0.609082055581864,0.5043347843404202,17.5239750562128,0.5522059001061492,0
0.9029439198018868,0.10241027261132905,24.093597570185672,0.4135129346782474,0
0.3291958332799436,0.2594890852585531,18.17951465318346,0.5969354834912216,0
0.6731261431284169,0.3852305017448311,18.003815901158088,0.6745770920575906,0
0.8083873662562998,0.5229692782322573,34.3561147674922,0.4348781050552749,1
1.1756299526140974,0.4345727230477833,26.442455627846805,0.1775923824602481,0
0.9064087883787425,0.6222747001035435,20.18349835386005,0.08300161974237484,0
0.1858504778209351,0.24692578435092644,30.52798741733067,0.6090575105860602,1
0.5966334690908068,0.5766177464618633,32.50488798605015,0.18667701341264611,1
0.7270864004380079,0.6624477851683719,33.352078735755576,0.6275923927946925,1
0.21861661429400564,0.623787481687215,33.65969941933744,0.6172355677377069,1
0.5467609655282402,0.6281349384410251,33.11163659510591,0.4469102643437769,1
0.3766066887861964,0.7163802929466241,27.778647918531412,0.4307171579911086,0
0.18665167360132984,0.11313390686036713,21.849332996141143,0.6665619985982838,1
0.6388482234829727,0.5728936785305774,33.51135354877764,0.5340902692137651,1
0.24047804316419724,0.7765086508373458,17.449930560007722,0.4846316044027902,0
0.7291180198735818,0.4802379874059036,18.37599630101635,0.31630371137256513,0
0.24515147207814525,0.21298723398829444,23.676550809913877,0.3491189431010809,0
0.8821341621432442,0.7990653543306597,20.673298844263634,0.2844663468655345,0
0.274527866484121,0.1810079696161092,27.31465628447743,0.6634982938447523,1
1.0807278658925719,0.30166827303114446,33.10603845929246,0.4539210649714244,1
0.08014076003113017,0.17904664131287584,24.82062652744895,0.5506472396521689,1
0.6502969951025963,0.39838465156255115,26.077411868370646,0.0452958198561344,0
0.4181204807695289,0.3641570072082187,23.462674579621847,0.5996498854564531,0
0.3088380046407794,0.4184306723829296,29.151383199518772,0.3039940422623148,1
0.5923431960399203,0.7459875500415722,17.013775596924276,0.5212690548749911,0
1.0183224667728998,0.4087432893756688,15.971797718531231,0.04721721407812744,0
1.102568786355646,0.4359697446602331,27.826769488663256,0.6278337646344561,0
0.3987359108700226,0.7150115794388511,25.69757090308304,0.4686950009274522,0
0.22738016540933192,0.6633184955111242,23.147160580387553,0.3311005377925025,0
0.8781615147012533,0.22979152341908315,21.67985283758344,0.226419507326879,0
0.7192985342743865,0.05969446642163766,16.036148880862513,0.23149641686512806,0
0.2811685709791939,0.5221246941515384,28.61112324827996,0.22631072464395152,1
0.924340156300552,0.6836373678781401,23.429350716414348,0.1090975798667035,0
0.6467700005284622,0.46463758445780007,23.905360790392333,0.3353904858597723,0
0.8014044794335187,0.2083826900096339,32.86889702823784,0.32837072081116664,1
0.463239889057897,0.6060163180064801,29.750957650469577,0.30011692831724585,1
0.5549621954977324,0.5521544619584525,19.38886297386583,0.49810408148954066,0
0.2573934131311835,0.47377440305641466,28.14332993043565,0.3054741066213239,1
0.9199932477921421,0.6975021305157378,17.645106370073155,0.08052252744686202,0
0.23056302277456064,0.6381817647042747,18.881277357042862,0.5994005431733078,0
0.9450479839637205,0.5509640685670854,29.282984814648692,0.30906858830014083,1
0.967709033117274,0.5485690017674137,17.51780836499795,0.4655942449144323,0
0.9085911086633899,0.5466519757237062,20.60387902741956,0.6523295211893946,0
0.0723362062675515,0.44387355868742295,32.961205359670785,0.5418422699487473,1
0.36410319449767453,0.39794123348288524,29.766309565630916,0.38638323240117856,1
0.5885884042105858,0.5822003446240398,33.589190352820395,0.3906151348795378,1
0.7348760355243151,0.5078708611026733,32.63666683922407,0.5976811052221566,1
1.1071054142744077,0.4174854217254073,21.25158843950625,0.5800699593017483,0
0.48194686794800756,0.14499601543328122,27.64754868962073,0.1414838578466482,1
1.0562768165900471,0.5764465914898742,22.573913562435465,0.44602073543253706,0
0.237943681357362,0.5344989279334741,28.94208663252219,0.6086866477358757,1
0.476972560634921,0.30668631948012764,21.96914043301826,0.5662490503661627,0
0.11012431244452145,0.31724237466130756,15.026347437601185,0.10480689109235909,0
0.9038626847139656,0.23504178810143922,16.87876430343571,0.31627111918894024,0
0.2232506710478499,0.7714364422737642,30.42024652445548,0.3723985111343939,1
0.34557301799572643,0.695151022151542,16.68010489544522,0.19531049709592893,0
0.941518240022197,0.4707867720591626,26.988453664804847,0.4820595821742821,0
0.6649242250361165,0.3512398599188857,32.155570247183846,0.34383401494170385,1
0.06606862733123195,0.6026189477723175,29.822024736842252,0.2223059218840166,1
0.05257048545950671,0.4457961320944979,23.268775896390814,0.24906787743119677,0
0.6372597265008816,0.7818882754363355,19.17208430586306,0.6025344814045193,0
0.40069884081157403,0.09134196044161592,33.45074975483655,0.6090158677292935,1
0.2573581628944537,0.07571430054010635,26.327993635701198,0.5724154470407296,1
0.7556330283735275,0.47645826348003,23.108401185341116,0.6414307984043968,0
0.31270194247504113,0.20245941701668008,33.84115398046556,0.6675684259033919,1
0.7310382221376901,0.5032281226626444,19.300354877438217,0.3544429793303381,0
0.4861558431742138,0.6360672714103831,23.84563744907243,0.08575846319777364,0
0.2647581503202582,0.15358232088865464,17.172914183270127,0.5640482849706563,0
0.20882044854906096,0.38045616814214595,17.497605217990763,0.4507337113165073,0
0.32238969359638125,0.5665003125870165,22.971925119936703,0.2787516893561291,0
0.08430692421493284,0.6753976780047285,28.99320711970198,0.6833625437842432,1
0.40434600634170864,0.42225806752726797,21.777878883083666,0.25030593783847277,0
1.0872478937090633,0.20461519017951618,28.79195945206004,0.6371911054929493,1
1.0060664447654823,0.48934944168922473,31.103809385047853,0.42295742467987657,1
0.4778043202276077,0.39088780154374964,32.551558293066726,0.044916549171601594,1
0.7122086613690743,0.6289440702533644,15.89439008107474,0.6050278734945006,0
0.7024646428661673,0.466682048152211,30.47463309946183,0.5383041431736046,1
1.0030481700727691,0.2595671337278231,17.942842444480362,0.4568915315039866,0
0.3217336167445104,0.6157946897908911,28.965245865986684,0.43791925525234066,1
0.39084561211196417,0.43831025972146975,22.433249312000036,0.168808135006014,0
0.3970532488074532,0.1831599142087456,29.155865953897234,0.16585056785555438,1
0.09700048823742548,0.4723042423564959,19.276484890159935,0.0398372513098191,0
0.411891042782571,0.7612400448844047,27.899814378019904,0.12481347487650989,1
1.059600843076208,0.5791371957033021,17.51028174123881,0.24880725972162188,0
1.098785794707203,0.2741025210934842,18.39491095313614,0.3876929295124444,0
0.1760806476338329,0.5831548814696437,27.289238503291195,0.10894981909845097,1
0.5767673228611961,0.2619547332516342,21.735429833007213,0.3991490825858902,0
0.48855123682578494,0.4570166281559464,29.07556146227617,0.19905768242402075,1
0.6127630761168961,0.4449468228406646,28.703188708053748,0.19269356496080606,1
0.6879274526674788,0.23554315918385277,27.432679805101568,0.664602061036338,0
0.07329757402040799,0.3109108999098635,29.610810824686354,0.6947942898101577,1
1.0185785851093347,0.7566360910895342,30.878704813273277,0.5717782456886307,1
1.1697136841493392,0.23794890231157523,33.22846564943648,0.056986546898713145,1
0.8014155338041886,0.6507702827232394,16.610316589635204,0.5154695631697352,0
0.8095200742673746,0.550527935009105,26.430980295568993,0.141329497622856,0
0.6571768365053147,0.44947184939432333,29.97553667240802,0.4070704933302055,1
0.43441442347153897,0.1531361520988726,19.338829133397546,0.62772526786218,0
0.22132449780644925,0.20342806452978335,20.27242285953892,0.2785330295860198,0
0.7216728441004583,0.18423321769280293,20.339286886708415,0.6516123458457183,0
0.10168261403558812,0.49009569423031424,26.446659429490364,0.5016931077907325,0
0.9981779528456549,0.7800373975388586,22.323411369313195,0.22468803308321378,0
0.5340484543912077,0.707929447081246,28.32189480243198,0.08454369523801916,1
0.526967357786271,0.06893891219718294,27.204793639358726,0.5744388736424828,1
0.4262464872472916,0.2552949683467599,28.14223666206097,0.3314803977752368,1
1.1647569720033744,0.1679430942027666,20.046352336184526,0.06943157194877787,0
0.25115449568632664,0.7817583814234264,30.347427516459938,0.09012320285183538,1
0.22400399469649285,0.22670767594836128,28.28071101537388,0.6775337396889264,1
0.24036122677678468,0.20098488877909543,17.61299225262902,0.18524132905698495,0
0.8073066052783786,0.5156564701866945,19.003457048181325,0.677282000943018,0
1.190679616539038,0.4671399376810898,21.019302926129303,0.4831885141945747,0
0.3207964459620179,0.21938861283592614,33.720830156774625,0.22433394924349503,1
1.091460006627611,0.5527736484029317,21.526997272084667,0.28093495448556555,0
0.37040904308939826,0.12275540847101686,15.397581653306386,0.5483861419934408,0
0.7950849081440952,0.06452679952316913,17.832514753176998,0.31608218566926916,0
0.09657379472337288,0.11181109302976013,15.643436473016257,0.07083052881171467,1
0.6200020707626174,0.3236511694818294,23.05678488286433,0.1762736081073871,0
0.8027554612208291,0.7812622459061132,30.94306801939408,0.6050345816381125,1
0.6667677438060229,0.4604352491070229,24.00871561178007,0.4933984131451441,0
0.32351069261405974,0.6160445772616004,31.779882695862934,0.360690955598841,1
1.0027714905081029,0.2911218141736695,15.950586427214748,0.18693705465861932,0
1.1656569879239762,0.5895042991124969,24.394457282895278,0.3427216182611979,0
0.5780755100458751,0.7746358985917682,30.741507442588418,0.5564173592887098,1
0.7813071549676417,0.31832066771153994,28.49444435307901,0.07544937405667684,1
0.9589752585974084,0.7992945760512689,32.05651074280934,0.6964421167399508,1
0.32771241971506304,0.5288074632737496,20.4766944781915,0.6046385298240761,0
1.0441179392181033,0.6114435593485429,25.017015925760973,0.23621673233679588,0
0.37223104110649713,0.23912542913611246,28.537571566844562,0.6119921654399073,1
0.9422054240425246,0.5323180768829312,18.369799123175753,0.48356588033424147,0
0.17891411729038537,0.43325468859679056,31.316134293540742,0.47312101042754373,1
0.38164470892629515,0.767301984108077,21.229401015819455,0.11500264288207634,0
0.6636629240308479,0.7285062858421366,16.866146078313896,0.6360083556794943,0
0.6536604100599624,0.3475044491938079,30.314025813639212,0.3262324219065351,1
1.027995862159321,0.7601523136536751,29.100359594639606,0.5661948756710752,1
1.1955463462843983,0.7136094145625074,32.67359506568879,0.2236761774443984,1
0.1732924727391617,0.4927878877768544,32.84149490874248,0.22944249260969857,1
0.36209635274879254,0.11158843159215522,20.57051569163155,0.6759886423877002,0
0.46123794175653715,0.17059268049465331,27.827255504356398,0.3577287487711344,1
0.6007561689815059,0.10765568350535017,34.98245992343984,0.060725685100441504,1
0.6179962046275589,0.1309948359867958,19.876130969221443,0.5882805199817941,0
1.034624322620679,0.7827142807948083,24.45753337117236,0.17451641519782227,0
0.9361431982028647,0.2091254744121142,33.20332729281017,0.617552551910137,1
0.07167931589364632,0.5681409367554973,17.061592830531925,0.6431791170222007,0
0.573275024670666,0.5273961932620773,33.5649979511239,0.06948088900184213,1
0.7607849139807021,0.5233586486397529,24.763111891235525,0.4160518747505817,0
0.5794549251569769,0.20502799969702235,32.86081577144003,0.6874363917922555,1
0.20024204442955768,0.48450994578845713,27.4274282165376,0.6530253379591883,1
0.5070951962442454,0.5191537621887137,28.428710940461563,0.3771654345191453,1
0.5234040493991965,0.4778039874838333,30.459715028559863,0.48273537278308015,1
0.26587331081722254,0.189621850456759,16.34272183968336,0.4308981839081707,0
0.9197531816415965,0.5922954478060317,27.555366780792788,0.15821227544299796,0
0.4196107821638483,0.10493237143738328,33.478744895437174,0.4640383506746684,1
0.7273353841539086,0.4934000088647164,34.12247447919914,0.24653600478055296,1
0.6430897081025827,0.377194499300985,34.366428880067055,0.24982091185316094,1
1.059041141098847,0.23771494484980527,27.91665758535874,0.30559194943955476,1
0.19031717164226392,0.6555417417696041,27.6657369624973,0.599480280669649,1
0.18140245949147915,0.18191942500413794,26.049301335545874,0.1820751615180971,1
0.3953676194914681,0.7497363199234632,27.151067183033785,0.19053833338689477,0
0.5458972133447103,0.7134237712408903,27.242358607663213,0.024991141252455478,0
0.39332358606496043,0.3204406603715622,15.848165370433772,0.1254046708648766,0
0.9276651447545303,0.278864698143945,16.777425718668418,0.6855019154353568,0
0.3320557195756946,0.1531150125641766,27.38833143528499,0.31503156294440354,1
0.14749095418808145,0.7372458619504669,21.284328600769705,0.1527119907736413,0
0.5258697813667697,0.5206488941174541,21.028509700198015,0.676663631314721,0
0.9393861813592566,0.07383768660755237,18.868812786299397,0.03844015026512089,0
1.0281462351247523,0.43324956092120787,31.021399388681775,0.34923314291524293,1
0.8933465756178534,0.11434921087204018,34.286570074412595,0.567129452226711,1
0.6915696802747057,0.4803130137146313,27.555160063932718,0.545521139137274,0
0.8828204570115532,0.4317212887406094,33.908397912128436,0.14866774053715717,1
0.8335979655994405,0.11213453412704151,32.677683130207754,0.50129697789688,1
0.31952162736931994,0.6618954448375797,19.358539568660625,0.443156253879178,0
0.6833727260336728,0.24673788287470827,18.070518023537428,0.4791878269815013,0
0.9362007325341968,0.4561132731250242,19.231735710572266,0.2009512746268609,0
0.4146887611564089,0.5292791574729008,16.924187677311497,0.5712993838616143,0
0.8020691187244711,0.7717284001813749,26.657583339739173,0.4002815063299396,0
0.6037024916466183,0.42035876965988445,20.65300085675126,0.5130530723036276,0
0.628632678586773,0.7379868292159426,33.2583338950286,0.6589099867227278,1
0.1535632934494837,0.3161430060107741,27.268155464544712,0.6017381455655593,1
0.8161497401011867,0.6930779012374962,22.192211115374626,0.5519894799583193,0
1.045540090657698,0.22686967021356258,34.69281263928763,0.21696114961325863,1
0.2126459812297422,0.5806098218265634,34.06388991783741,0.056776516607519895,1
0.4710215115489167,0.11645899531624739,30.572304706184006,0.41075823483280316,1
0.10596757306696025,0.7895377675127445,30.833673508792696,0.043468876189186045,1
0.08407666887284977,0.7654522998967761,34.5454026304898,0.5056490464687242,1
1.1881072711725054,0.38166022888803325,27.009124452799206,0.521038736481464,0
0.6174922345523424,0.4429514134926901,32.600396986637094,0.4027796576422891,1
0.45884687143053327,0.4983311467385166,16.296554445999814,0.13434330052811314,0
0.3661086381187717,0.25627816976725254,26.081250389086446,0.615490575506496,0
1.1770145416867028,0.555853576403872,25.050326789366494,0.4252264377632449,0
0.3400884033499362,0.5739214599533871,15.75447724441698,0.37012652605039464,0
0.8845646550984048,0.44380736924395675,16.73903970648266,0.40596239648859717,0
0.37632181017682387,0.1608055193639133,15.436778480337463,0.076363219033269,0
0.13106293116045697,0.7393894579187,20.880300089728927,0.5234971972224699,0
0.8357681066956325,0.13628381175921145,16.070224590325527,0.06132739704454994,0
0.05187547477434461,0.5218791265328836,23.46319369521603,0.41330394779081764,0
0.8271107882946549,0.12731644745731635,31.25492822745835,0.13509481920790897,1
0.33793308883829654,0.15957553184969198,27.276596168729654,0.16123731849710704,1
0.9080198668822264,0.06540373552162175,28.475798245932694,0.17861289048133072,1
0.9352126924532468,0.32252306289256966,15.630133742192719,0.0297278341721519,0
0.8827233246401686,0.5296869233165284,31.790527205117346,0.6264504051573004,1
0.07815595768775195,0.44115816479965403,17.923807587659816,0.566879984613103,0
0.8592971125903337,0.5559043634363643,21.05301752064974,0.04127478441317388,0
1.1886674561641277,0.5562641456532147,25.33587789866773,0.05875053983963742,0
0.32901917380446627,0.155130307995679,33.599868620263166,0.5523562562841522,1
0.36537435805913926,0.09300305256628667,34.96298336746925,0.024626235547396718,1
0.9855555320176204,0.5190186053260024,30.653213672428198,0.33891926132154077,1
0.2344563258144926,0.539918228731432,29.586284474549384,0.09296213292012946,1
0.8096712268302343,0.4675278013562783,25.553646614240634,0.42230991437261955,0
0.9182803341256652,0.23432184974305303,28.31254675998324,0.6988714841613969,1
0.09273476109226075,0.6580739127366905,17.888483508567074,0.13697463056820747,0
0.6868264084050101,0.10676451162219282,20.383922411496986,0.6705450162043888,0
0.7122588473162653,0.5242338419910195,34.69285726994169,0.6085254098764425,1
0.39895933200056327,0.14030865190952913,34.59230046291077,0.6903813783377711,1
1.0577963698071446,0.5408357873249222,21.45944789325626,0.5410082708497126,0
0.23716217719483484,0.3632943408676223,19.820971451431184,0.602756090988125,0
0.46882391593173955,0.5885772915782536,19.590361496348372,0.42432639491122154,0
1.0259689902194287,0.08914415185770101,24.69728767008399,0.6097531751986683,0
0.26923917009689136,0.466312241360276,19.475331595822112,0.09582833399800057,0
0.9945802567768262,0.1586584241600597,27.969932651013885,0.5243249269705293,1
0.14092955397314905,0.5617862237078554,16.496396227078705,0.4475320391607871,0
0.6126134272684886,0.13996672348376182,17.073544448384535,0.060695608261748024,0
0.13663026181255894,0.10518749221394437,20.538685498716013,0.21828145251708278,1
0.8295891228207414,0.5848420986377094,30.548864667568566,0.16695262425331348,1
0.9591917124139403,0.09764895092621174,21.465790780840237,0.2955193065432183,0
1.0273373304838231,0.21839811344863708,24.41633564567703,0.15488027223613735,0
1.178451588355587,0.6685513978442541,28.13244092018363,0.20688415802334983,0
0.8228180806445249,0.6572662308561698,30.770798439459476,0.2213004919651353,1
0.9344212009160233,0.690594318335582,21.142180424493056,0.4278714086846807,0
0.6316220200695287,0.2945749171915353,29.619388223284442,0.1117141568476929,1
1.099647436358295,0.4460360215626569,20.72134808702665,0.1839488396110334,0
0.7903221395293819,0.630010514454614,27.889324167332113,0.23566068146646718,0
1.066084117189045,0.15273913625831037,24.01760281589383,0.3253661980277294,0
0.32076981956596295,0.5932931594117887,33.53255638701205,0.0459002703243885,1
0.6212484478257739,0.12311476204599096,34.64186772442254,0.6994637874094776,1
0.8892917592233746,0.7349379564701508,30.48246215380584,0.2242665617353773,1
0.28313001774708574,0.5279826368837194,33.309286712868634,0.21539450530021653,1
0.293040762251275,0.4199789845173169,17.730084840483823,0.3973119988820075,0
1.174749151466483,0.41354694100037315,28.08927915095829,0.600741881939039,0
0.549801914847787,0.1860215358836828,18.967358831448166,0.3306303702813422,0
0.2590877708623374,0.30943802934099024,20.539370099448966,0.18921065657102717,0
0.4311834642787319,0.5953427489878619,25.45646482431256,0.4047953421728409,0
0.5069825705058144,0.4557077156407914,29.839745380879982,0.3484009340174962,1
0.7665480460907543,0.4469796530751971,29.429881483909558,0.3076908823751611,1
1.1114668579049154,0.19643442090918456,32.38918683914086,0.6890404065332718,1
1.1845785873104047,0.567771733965263,26.185497042531743,0.6972461798386241,0
0.7994535727477794,0.3440254257960127,33.52685306779148,0.40212180335116376,1
0.8549107149173835,0.18706500382890062,32.75777191373986,0.06624267040883142,1
0.42010354515107734,0.757838563697247,31.98114978960981,0.4055039547283673,1
1.0357323847660613,0.4300990601492038,19.590402156086988,0.667681060900362,0
0.30046808550336207,0.4460274856342741,25.62895986374393,0.649470920872386,0
0.1723377467076127,0.7860289326611046,29.724731940871543,0.16654057761329938,1
1.1692443886122985,0.32480460287787005,34.522050156891794,0.14928124778059337,1
1.043759478343612,0.7572655134218372,15.232945474742206,0.12353398140786753,0
0.3991919047188533,0.57119402085161,21.542290678901974,0.5774533576003963,0
0.8264463238382066,0.5248217245585999,21.84700505171697,0.35323743875284197,0
0.5870711110251795,0.22581372645686043,20.770691395637137,0.24987166804828706,0
0.42159743706729147,0.08881675429084258,31.348485995258905,0.24086887481099625,1
0.37979034237433906,0.3783378787138541,15.901428732868082,0.2072810052089837,0
0.20643156200404245,0.05762822149679382,22.188695000169268,0.6201814463977975,1
0.6817157946172151,0.10325188307778758,29.233692165520704,0.2985823270680315,1
0.563586193635134,0.49649506677077976,23.13479438213967,0.18593206023647899,0
0.639014383344936,0.5933538748047706,17.88127167384499,0.5030752681243893,0
0.29766074260131514,0.1759612489432077,27.21704945518175,0.45210909868642285,1
1.1294022713892349,0.5993753095053305,25.452204727872378,0.5064485771239847,0
0.7843798757801227,0.7622943699460639,34.63677672231738,0.5789301578803081,1
1.0845407559908373,0.6073820605446476,29.970524382424184,0.08883892590686518,1
0.17566184093766873,0.6385364146812746,34.72351975691368,0.021352344186098406,1
0.766278610734601,0.5755344352012789,18.727052822320033,0.05438504398618482,0
1.0268810914407853,0.2185530803410634,30.231900185558047,0.500619416221192,1
0.4305588967866366,0.320667456616877,26.032764393998335,0.655457647369805,0
0.27441464450638436,0.761950222077363,29.250189984024352,0.24515165977112943,1
0.3547745016764626,0.5459079342275891,24.351029250157787,0.5512120331482215,0
0.3638737857622688,0.6417685504505543,19.24781639425834,0.515845467390695,0
0.5642788096620655,0.776520964133508,15.91473326930249,0.6850818739144254,0
0.4248581431962313,0.22357769038449932,31.7657651465339,0.34013929541299726,1
0.36196518361418994,0.2912650004949151,31.296166971733186,0.13292961775508785,1
0.7957891431659085,0.5336012396258748,18.250794675726727,0.5403573523996648,0
0.11098722742266712,0.0682681053380055,27.90361799087681,0.5767968275345787,1
0.4414183448606894,0.47841430800027923,29.754674010643228,0.5009640514793423,1
0.843214760831546,0.6565162846358741,26.152499907623813,0.6069635378302498,0
0.2522272116731568,0.507832530368094,21.344578061922107,0.27240415665753503,0
0.3040670415448492,0.27154496292208313,32.61891804371588,0.4894142021920132,1
0.2807666192248551,0.5930780625020463,27.848812750828614,0.19941707463088212,1
0.05106502274111566,0.15952371850995917,29.404350240277008,0.32357929923908957,1
0.5948329146063086,0.7210801019588876,28.04229059004664,0.18489467502582035,0
0.09480260782854166,0.12568627328034154,29.425773431701757,0.12508289740073866,1
0.3638807835411351,0.6976183503218262,17.90134289868888,0.044448208641352335,0
1.1940239382807674,0.4233570708021744,33.451887966226266,0.47656849557078707,1
1.1061556430988448,0.37148525261585136,20.716215959170032,0.6151857000286431,0
0.2973371793797843,0.4254963204315735,31.73102446059916,0.23380521533166249,1
0.40650279670102263,0.20015472731969092,32.86768408193828,0.31188006074445446,1
0.5832602696088343,0.39326418466911023,28.024472133200824,0.02241192484574999,1
1.02107557865813,0.687289861923994,26.966015241774905,0.30074124532138524,0
0.9730428326020547,0.6507164316640993,17.18096422343162,0.21129903825581736,0
0.1951776520512245,0.17228640086849695,23.724424521592567,0.41045602048472885,0
0.19311617560060496,0.5550657335967963,27.232887692962834,0.6377916843387221,0
0.5292420919781513,0.6926279487240691,16.637385449655454,0.3641837470026285,0
1.050609698055838,0.664825691464107,17.22924022955088,0.4793622087339459,0
1.0643977489598275,0.36922433247288605,34.86962510214418,0.49972833106782155,1
0.1734707271395097,0.08606963025958687,21.644683019251893,0.12365370027882762,1
0.7104418811603843,0.7483770672303119,21.994649745823278,0.25566801331204175,0
0.22902647669387982,0.34691383688604643,20.03058301199784,0.09693897486019723,0
0.8390487065032002,0.32073247794225784,27.92039538988554,0.31970769057624143,0
1.1038982351182425,0.6196362083591098,24.461517736135935,0.6233542634946256,0
0.5729846863469327,0.2479791616190169,30.808619147470083,0.34703535850144124,1
0.1455451908958592,0.676060942375469,25.249896637115736,0.3301840285888699,0
0.7161423252787273,0.10703867061448673,15.308319605674313,0.16234001114077107,0
0.5197941706562329,0.6055334005371582,24.65374780653591,0.23094775045919794,0
0.9825335651840542,0.7743421178311487,16.103745811895493,0.6568877093237376,0
0.44139613351534585,0.7968265976556301,31.535727609628545,0.22603682049818832,1
1.0561317805434776,0.7428532700481247,17.273161699694015,0.5173428781740109,0
0.3647554687800026,0.7030718040547321,19.339080299316315,0.04865633214184354,0
0.2311452812719888,0.25916016834329764,24.199304855896578,0.10725349286425857,0
0.40245243391636687,0.7749862719723231,18.90368110800829,0.23180498308733075,0
0.0901531605961585,0.7459224453607647,25.78439920394063,0.6329661857249531,0
0.37343286190537744,0.4507793802688899,24.213968488934107,0.16911832531775556,0
0.8091352789643353,0.3515582407952597,34.050452218345775,0.5141863348578053,1
0.21362542534008117,0.13195044016864116,16.767471266492272,0.1339166374917892,1
0.17806971870457616,0.4929755583688436,26.534640965371008,0.4367325913603363,0
0.20224308494250293,0.5754094613916483,29.407992192879675,0.4190431969108712,1
0.13918442540068632,0.3529974373861467,17.552540181117127,0.44292457277497715,0
1.0558307236193805,0.35452217047289886,27.72924255514803,0.2146680347305207,0
1.1357323828210073,0.4799835430357278,32.284781083396524,0.13023003792775636,1
0.10354532448810422,0.07083807193037135,30.751112868563123,0.6228103094131928,1
0.9240825487750712,0.7683994222900619,33.70341380858116,0.40722187750100797,1
0.8977245087247774,0.26742928032253205,29.4117139348189,0.16418935541023785,1
1.1964458383015464,0.1556681463266601,22.87973659344635,0.30106375617289605,0
0.4500512609792284,0.0541162971009428,33.40902769181622,0.06562221518914067,1
0.3783353404439786,0.6926686560392851,19.507135352296014,0.34325575928961444,0
0.5710444389313013,0.6974055318497518,26.674045570500283,0.3082457278044188,0
1.035061453721569,0.12147995338828259,30.313158901893388,0.11025384141390765,1
0.8878826889185836,0.16418097716660074,32.44562333990958,0.3221731879241294,1
0.5923673860626282,0.38592667344332593,33.330842621878205,0.45488199092303994,1
0.3312472697787541,0.18927812979973668,16.699512989647264,0.6513735024187287,0
0.8860681024586268,0.6018658526275678,29.5211833890839,0.4981659318924767,1
1.0327058982485255,0.09352980927929176,19.082085868820307,0.3616559947314364,0
0.5099439157276144,0.46228199928939956,30.582388829737006,0.5436347601455768,1
0.8188732626941319,0.33709367383542804,29.013794638672177,0.21035599131857494,1
0.5102438243530879,0.3987098627691887,18.627047172006208,0.4747714869425247,0
0.6002674538627075,0.3685678382717013,31.65660344839057,0.02344227342296265,1
0.6536469369481507,0.16486938690099023,24.23577608037123,0.0693347687056773,0
0.9420846861256196,0.21521111398142173,25.877123038020873,0.44450063279401225,0
1.1741318817482707,0.09860577418281995,34.42807507086933,0.15093371058381258,1
0.5610210870339672,0.13646418147430345,28.13251175038598,0.48833611866000576,1
0.4436622571847468,0.7834211168141862,26.771262900495547,0.4529922198625979,0
0.4796296574432499,0.25984010875793895,15.335255447275353,0.06329338959738881,0
0.20397242978145885,0.28026915450467316,18.98429670187879,0.2868977332843755,0
0.3914795484903811,0.1453297478240908,15.531308420998755,0.4368414948487299,0
0.14941452525912716,0.6163731533725636,21.66624851432299,0.5051675094766837,0
0.5420784026561343,0.7431071076404615,21.890167060546478,0.5749372291581882,0
0.2424608597077062,0.6423129027999883,25.60660140783688,0.24470117313221756,0
0.4483677578705699,0.5094618720756289,28.795368939850345,0.5889669087332533,1
0.9626144118003472,0.6599246867079323,18.586903437926264,0.2608930096838381,0
0.33281679817750637,0.3531726746996438,27.03308841619485,0.024751052016002063,1
0.7536788145433793,0.6946230163105156,33.33952549057814,0.4348040118891693,1
1.0863586321359047,0.6488891372286365,18.70015712318416,0.18433464606739394,0
0.7019685650839789,0.05129348319223927,28.18176060530728,0.10457928535559884,1
0.2728615046882745,0.41584560118813774,15.911782825038149,0.19568331080327353,0
0.4464811230608474,0.24846243205941965,25.622952685822483,0.5829815186939955,0
0.7289245882616759,0.11467468727577161,29.830785142115595,0.6415208896169237,1
0.6326028107238315,0.6846470320608311,15.68083562380286,0.6739537042317638,0
0.22091281171843935,0.05596226322584173,21.67330782285069,0.22592464684017066,1
0.5638157963941542,0.5976226265415203,32.55913970783979,0.33003152156855375,1
0.6745266991467856,0.7911440907478896,19.509595916000773,0.5657177499095649,0
0.35743262162620826,0.4115148250296768,29.45749108791393,0.23617382818479016,1
0.7543123426408297,0.328430397456076,27.244765478549894,0.28189736669280363,0
0.13068411440799133,0.5043747158560351,18.273753319189897,0.18134665267615663,0
0.43709808860034427,0.6535233707357542,29.834150279636624,0.4092097771591735,1
0.9749183576942105,0.23018899533145915,25.641619860643953,0.46830135520121097,0
0.3481775210443787,0.23802607186515218,17.240516014525664,0.23653882945888555,0
0.74595337750354,0.5053835105651351,33.987428065305394,0.0364767512278637,1
0.5215341707668587,0.754909865640729,24.839240582870683,0.5204173130915796,0
0.41392916377753375,0.2738299818190726,29.901616696060064,0.4392861567556814,1
1.1035514410965308,0.3325659974217598,19.354005310514708,0.1689191742089253,0
0.444750975792441,0.7949999760952172,17.743664188087042,0.23396041911272408,0
0.32217728671007106,0.18216662390488686,29.826135522598374,0.6708372407033805,1
1.095696512986311,0.10772612628147805,28.47648357116764,0.44853841060631444,1
0.9078360093261871,0.49231642916045454,20.48215375407785,0.42492487434614146,0
0.8340696707529269,0.06820024131622475,29.925668710314312,0.4549897014752095,1
0.10696518337690718,0.185324923456117,25.09984522037005,0.6690222836597547,0
0.20088570482314216,0.516656885517851,21.971945132948125,0.25110416997523644,0
0.7840909583811123,0.5446343005184998,30.73783634959321,0.21102286375150572,1
0.29084776200519924,0.4328189372357148,27.33565495084416,0.2761848865830726,0
0.3094836834749129,0.3378110346720375,25.14536731943993,0.5646453839725146,0
0.9460092926451522,0.48214818831638623,30.46214193501926,0.10225203458518359,1
0.378813691162484,0.5325393147749291,25.896567196120188,0.1606407946078254,0
0.1323253974747034,0.652611534718738,33.77068865867177,0.17520694848517515,1
0.09189673940634027,0.6445631211573857,31.361113855749547,0.45273662600716935,1
0.559654685332081,0.5486005741362109,22.16375145480394,0.45627645674788203,0
0.7596978643373429,0.7206744374213493,24.29838501092517,0.2728827407056383,0
1.0492180184005733,0.6785189401965641,34.14666137390777,0.20781074533485708,1
0.1774250542875352,0.14993450616345516,32.904087895878334,0.5331633132972703,1
0.2761737502315407,0.7675095809926126,18.823710752686228,0.04157406552588395,0
0.6592707025435918,0.7188067267384404,20.486076656466977,0.5223416433087036,0
0.4687246165782713,0.29069538463096983,22.28841038723944,0.1629863161721833,0
0.6049180689323188,0.0651383139552796,32.59698072287807,0.6338883987245252,1
1.1127433463318477,0.5029819600687157,33.548346237905285,0.3013114070913217,1
0.6766254019443902,0.378813182649791,31.046804816051985,0.4567618942728618,1
0.5273887022038873,0.612174996939599,20.514168921205243,0.10225913064213259,0
1.1878558927047065,0.44344982338146693,32.74129613270463,0.19264139774630734,1
0.12499802038446675,0.10736782643821009,15.65762251881397,0.4964138441617809,1
1.1219304656268476,0.2335155651910819,23.456069617810364,0.3942417062259006,0
0.6269111183753054,0.7118928170948973,22.55257264663475,0.5439246190558991,0
0.6293197884322088,0.07826727178628758,25.704792118091476,0.4031135910373113,0
1.1102589843336905,0.6025022520487153,26.212811144696577,0.40714520289792505,0
0.6334225765320299,0.2689576309635742,19.50808973686918,0.603616107576016,0
0.5541681541096711,0.3894798522818728,19.091114055715124,0.3087891437679717,0
0.36336188093477884,0.44825407393370637,31.071331835843104,0.6286304093671027,1
0.807639281840034,0.2375610179804008,16.523935956796873,0.2731063686705993,0
0.7050918546267257,0.5389703322482471,24.86572087724091,0.24344406060363225,0
0.2964972524899505,0.5700816635734072,18.83292813195358,0.5500064681830494,0
0.8658248523205234,0.11379460975308132,21.391344502419553,0.027851551657503394,0
0.7906998859371366,0.33044530688856544,20.545888383440165,0.13709064149038663,0
0.5069339668375219,0.6082829759047187,29.17044451894408,0.06880070305569236,1
0.05506106018908316,0.5912281698808489,24.12041206589099,0.3682314632462277,0
0.5635683227026159,0.45845250792892933,20.988836688922074,0.4470882809034453,0
0.05696683469978949,0.6332560849010107,31.6270399596041,0.02705564318650484,1
0.13624826269389584,0.13073366977988243,16.71590282581604,0.12979521300742972,1
0.5452013878529591,0.13865845088339757,30.327212909472806,0.22572812384507981,1
0.14420786681312686,0.5431169752222587,19.966255158005957,0.220073907955449,0
0.3670152488552411,0.5700004009213466,33.360384452535655,0.08605024748827561,1
0.8038150738428136,0.6608951414908028,15.111181707390976,0.13753627011436476,0
0.40490764400083185,0.1857776583299428,26.133266747186788,0.5959951974612124,0
1.197295883239737,0.43757874457332885,27.445299680551877,0.4963951762975226,0
1.1037473390022283,0.5456234728516869,26.546006652938008,0.2213441802110757,0
0.7231063902733522,0.2177746803717613,31.30030584398025,0.19911707573493775,1
1.16198920943017,0.43769589919549307,17.243280161676225,0.07453545746427925,0
1.0482198885974003,0.528833768292947,23.311120085851684,0.25725603743062897,0
0.41673329666656006,0.21083713360826023,32.27473546039947,0.2906872699468097,1
0.9120356828831058,0.331672557687606,32.77470577057982,0.6348435263434626,1
0.20735655160453947,0.21225410760178098,24.96688806477531,0.5253186855303428,0
0.8372341380355522,0.7272071783214491,26.159337877401597,0.345824566557325,0
0.6147441004687675,0.22759916144749381,30.27816880979801,0.11170294277725439,1
0.06934983014074843,0.14062596948934775,30.592207885972833,0.46618992132566384,1
0.3653642957489263,0.07636648364535777,32.76162599011722,0.6564883726843128,1
1.1486895500148857,0.08371510430851263,31.877147983660862,0.07307049936500057,1
0.41320620785175277,0.19368967622511268,23.288466257285886,0.5970532821457711,0
0.25867262359665677,0.5061563834802143,27.99506652943313,0.14247789754902712,1
0.26566116355803954,0.063237405883342,24.664705157234682,0.4968710353335621,0
0.6010952543382414,0.2650579435678604,17.359229328402634,0.14502210532552348,0
1.0190466267711151,0.0936251684924745,31.433618400101253,0.4280092173233666,1
0.9217020299033485,0.3527440777243757,27.035270594010136,0.18158471727587167,0
0.5523798086684405,0.08643255337239321,16.16010407611825,0.38835468226422554,0
0.2900359159525046,0.505656332465621,28.53736558017945,0.42810735101906044,1
0.10297463511751978,0.5663181991392615,20.662020717942035,0.4405938210728575,0
0.5820248674051407,0.5985031622328227,16.385304174333616,0.4843032369085872,0
0.9869916507959204,0.2182575489846913,27.131778293672895,0.06694011126176087,1
0.8891342926334608,0.7013751214713075,29.64417308258487,0.49830343460979704,1
0.5198908827713378,0.5677161254981948,25.34568588642984,0.12512645248008117,0
0.7339080727052403,0.0924876644748653,15.11296547140185,0.4803820681331101,0
0.5516834990881503,0.3805750315260703,26.53765473885207,0.10434557768143782,0
0.7158685262587045,0.625817370029361,15.1321815063592,0.34600200317519364,0
0.6451310310525815,0.2831704450401723,33.528166025942355,0.28300252966762796,1
0.8331115901439328,0.3361690804304486,20.34610315450104,0.6777955225174217,0
0.6338651700630925,0.5222028704724072,32.42013206994048,0.4489502327062304,1
1.1317026478926924,0.09161066008692335,15.242185772337411,0.07998002101089403,0
0.5422324088189391,0.775201280380938,16.944330209843407,0.49660279377781374,0
0.06830374849566756,0.1808607579572959,24.02816609205314,0.1520141115097086,1
0.32182956572033217,0.07000399973469525,30.17214758105338,0.21458224664508246,1
0.6256978868226544,0.053992236530315194,33.85123401001273,0.27734126750235644,1
0.6716576296719613,0.3496657812495468,25.421896303368598,0.5478332994097115,0
0.6852425077088615,0.7131900241065333,22.109214273331922,0.6619750383747453,0
0.8717349130105945,0.6648215594134468,15.89109079834362,0.6485479202566289,0
0.36584536401015705,0.7340343486872714,26.674189434774235,0.1360648696199287,0
0.8146392308976987,0.45033673949667424,22.600875289970674,0.06108116462831427,0
0.8596371140870946,0.3865596754063732,33.18266969350081,0.5834024531100679,1
0.5229728655139503,0.3393957320800958,24.601184456800013,0.21598841872542465,0
0.5124944640182704,0.0848135568434794,30.308939662595517,0.4163217505995862,1
0.2557635035049172,0.7321409422288652,31.964210564297915,0.6854666763606913,1
0.5260854826936798,0.42213206921354557,16.965552233555087,0.1467669636530078,0
0.9548387354630642,0.3913005732886326,23.816926155124897,0.2749020064626614,0
1.0953189563823664,0.43637561526058793,32.87434862024624,0.6099672833793588,1
0.7326551700156603,0.6456158885856504,23.48910596639383,0.46198677201306815,0
0.3942758948574436,0.21835331448692297,26.30308553934771,0.6575360445919668,0
0.8346331764586912,0.5824255092461925,32.462078945976955,0.44956913417200683,1
0.9011681400004045,0.5830773056405247,19.651871733795854,0.22642757826775578,0
0.43204469559776165,0.6871645866936372,32.89163325646927,0.567473851755292,1
1.0005300407129787,0.05651269884790251,22.940568423792307,0.5362993533463328,0
0.13475020695909107,0.17779665742634904,26.8606665731813,0.6548608799336272,1
0.06236677524002936,0.4032851390335666,21.560789641317065,0.3437935139048622,0
0.19141638852686044,0.6879052905961088,25.5423810751918,0.3619307152513306,0
0.22940960000163618,0.773837646220988,15.98571606045005,0.24019970824593923,0
1.0607683878898795,0.496151461009551,16.305199504775267,0.20275566746444262,0
0.5387289575544729,0.20910048156726513,23.29445523875171,0.6976389170160836,0
0.3661714457659389,0.18843852186848425,21.69903846867157,0.684533751045848,0
0.5434363833848422,0.5295829654897006,27.315836205502166,0.38015959484080103,0
0.5040670266057271,0.20755186029455347,15.758203340876126,0.6694581960074089,0
0.3966809181862195,0.46481556794066464,18.353373394737826,0.26218570437238087,0
0.20858451977376008,0.6761089468579267,19.19183788251584,0.5979961403707866,0
0.8043027812699627,0.34236473634656756,23.80983537059601,0.451710347334828,0
0.20709506319660365,0.3338541423064469,19.936695247579053,0.5076049576149716,0
0.9417381205735754,0.07710525266830533,17.753253716154614,0.508377994034885,0
0.28194121527252164,0.24056343381841616,26.951473475648758,0.452363482004259,1
0.8910770032033084,0.5736435947144558,29.877439556064438,0.5995830476976766,1
0.976424021549787,0.3202934338491473,28.705361335944435,0.2865690104469251,1
0.19412491124061837,0.16872418796744149,20.523601904550425,0.5974484866549009,0
0.14975763353120466,0.12932580032024532,32.088896727339275,0.144722311465973,1
1.1420086862517087,0.12129003361303169,27.236443588548045,0.15597240573603866,1
0.5825038277654678,0.5443500748384215,27.293334020148478,0.5077933898665621,0
0.7747708192189366,0.5094661090951615,19.256969034329146,0.5300883254227594,0
0.07674950614003292,0.4388907542015637,19.84425774672307,0.6335647309099457,0
0.37051670763979083,0.42524483611935454,24.495004348762095,0.20678437526721494,0
0.6312073027432942,0.16485263951590368,19.75642062081169,0.05812722762278094,0
1.0691510603978145,0.42545316857006543,28.76155472970753,0.3650807732766883,1
0.3621553301990327,0.09495333245028494,21.171090245115167,0.6152315164562189,0
0.9414700178375275,0.7443938439520159,18.038323079226984,0.6805967804798603,0
0.8115448674975071,0.09352066550195513,18.032277075469448,0.6033218807392173,0
0.18256138297660668,0.3676476461704389,17.544555574223214,0.35317038577737153,0
0.387381448710796,0.05042829230237918,23.79500157932749,0.6070999205283011,0
0.3235436419044127,0.6396128290874334,15.06080072695245,0.1655002282309444,0
0.5589067257092784,0.17462764140172254,25.847445766050615,0.6463953628397038,0
0.7806343795047218,0.7436870133662586,20.966058458391007,0.4054552534922721,0
0.5484327188347826,0.08298331089542339,26.049576619204295,0.2847672383454295,0
0.33121706211457685,0.6655905009233202,33.708508268831665,0.41551600387173876,1
0.8502605834625168,0.5424783596116912,32.38095220366967,0.5531255827096926,1
0.7221417589182133,0.2373017891644179,26.52859679876911,0.18328262868004108,0
0.6472109935280458,0.20181470692294617,23.3614062527745,0.08927826588274039,0
0.6875825370628751,0.31825845003276676,28.967253421650128,0.5185216704902833,1
0.30518574323789704,0.6713021623815163,33.46278665249042,0.6676788971063876,1
0.8324957202563247,0.6964674112515917,24.790941358790995,0.4531451025424829,0
0.4956256158695835,0.18146403464324434,16.98615448170637,0.11695674878135276,0
0.4679879926895225,0.315086029763248,30.321764008479803,0.45750205123079857,1
0.22219433950678608,0.2281185379266904,15.209583077887682,0.09930982540300073,1
0.7363629347330134,0.14198213572842344,30.29276959281347,0.22639683205354005,1
0.7430640721284825,0.534837040646696,16.6983320777314,0.04148643681529717,0
0.4413457402165076,0.3094032674266515,17.13233148732574,0.35150110437977206,0
1.038827565395364,0.2190380335822506,30.63413740023052,0.23852084614537278,1
1.0222765835227425,0.6994983301264822,28.790434097908104,0.08631488509486995,1
0.17541245245479598,0.6112384481776749,26.23806258673276,0.23013856555220316,0
0.849294145981406,0.6303208615222569,31.41170385420387,0.4603476812029908,1
0.5029099696127756,0.07939691838746012,32.02737021487526,0.21657545774032008,1
1.1996720787223267,0.7363478369232997,24.150245113125735,0.11728903982719241,0
0.30877717413735023,0.4810537834806764,34.92597374109074,0.39046227621752944,1
0.3726028362266628,0.42785210351338904,22.151598792782146,0.5321945439988085,0
0.5584222387390866,0.057939009520835874,18.430155332415964,0.5844961222203914,0
0.3590224209827626,0.7232466578255785,31.919528862397833,0.3410260369169378,1
0.8457923713444914,0.45791785286450043,23.311405591186606,0.5035292462281297,0
0.6030443290087026,0.6688650967554015,32.489993024572286,0.5866628689419894,1
0.3040106600769712,0.5416332205537203,16.22332688980808,0.47756467678877346,0
0.632330179909547,0.6475202101331603,17.22104223013283,0.3785445554566483,0
1.0721059313197943,0.5696988114183519,15.80545322447925,0.06075876965581395,0
0.9612549938775607,0.74072292675187,27.0402192060482,0.21722337472516212,0
0.6236532630908442,0.2191131397546623,31.637283622329992,0.23747430706309408,1
0.38176649361323983,0.20157507854968038,23.053215672173437,0.28860765063517385,0
0.25686943440790694,0.5844061714588416,16.813908993420476,0.6666070382469327,0
1.0601403087649297,0.4260461004376017,22.469376548619067,0.16203523279993315,0
0.8666919815735008,0.4993708777511525,21.9609226467946,0.3882573394849598,0
0.7079877986195772,0.5814068518934203,27.869438495282296,0.6940283125520698,0
1.0613498428467185,0.4605711477500019,28.043032575926677,0.4407803013308475,0
0.1899438304802029,0.6407700857496472,17.06047434502706,0.1620592921011635,0
0.8348626789023785,0.28915051695188937,23.403535550510547,0.6729298336091132,0
0.29921915927521675,0.6942428326997692,27.850290536375308,0.24867901495659542,1
0.18866405716838502,0.13075726469420057,20.177224183800696,0.05255208252706911,1
0.5854497865079731,0.5255029827208901,23.14160573056955,0.31332600187258264,0
0.4955018692290067,0.7175993806450982,27.273898632900377,0.18364587339903268,0
1.1323496507239632,0.2395205959262785,23.057414024898037,0.5768273657048347,0
0.4225764787645888,0.2951260061929347,15.617219431311359,0.16956996728813364,0
0.9871375979098027,0.2790813338695542,19.452319908590116,0.5775007351217126,0
0.9111510505385964,0.4731977838312753,30.521618289310474,0.044596291243670594,1
0.8181124505673167,0.3596538616738614,19.970081575000613,0.6518269761847769,0
1.1084605439040685,0.1309694637461768,31.354228921292282,0.0486915982138092,1
0.5191132835385434,0.7184654163173451,24.338156514036477,0.6582070939111543,0
0.49812186388029545,0.20350747186900559,24.45842274394556,0.07011006756541738,0
0.23508953711873576,0.45056000824139725,30.410324306627558,0.6133568497397276,1
0.36712638681932946,0.4961036719529461,22.665870260317902,0.5853057856018082,0
1.0617429244700014,0.08056388273565628,19.769611843047418,0.42420820957303895,0
0.5955394528480732,0.12178424574075293,17.100647534348663,0.04447053716466304,0
0.442556320519317,0.7787672828221638,28.43819752337536,0.442377108603338,1
0.2985288633444968,0.5483842551120368,24.39885079585767,0.4401355661622648,0
0.6077042877801573,0.07517388278482019,31.188137614002535,0.39889428298447527,1
0.8741651760342082,0.6456494154897491,24.153494171486127,0.4494373885837701,0
0.37969582927563666,0.43140710695811413,23.296213502296816,0.6783130342067994,0
0.9213739989345523,0.10639967905885671,20.977041681494747,0.6969449284067374,0
0.7742559409336561,0.5605640735358435,18.988557458807158,0.37393714851917115,0
0.9556969469206599,0.42451385440135136,31.608738892969292,0.08242442451668015,1
0.3385460732061491,0.2036898508331924,16.904227418935328,0.11109894967872098,0
0.7756823664430021,0.7082767040666147,33.042554467032915,0.5098385979512103,1
0.22679557141216822,0.2685348937251906,15.53818302474701,0.6877352393116846,0
0.4683665294893322,0.2634174765899808,25.44504670464417,0.3165175521377244,0
0.8830141090692215,0.25458018634420904,16.166571243021686,0.08666634721992121,0
0.7764186434169262,0.6255918328167884,30.59214242619266,0.26007029570336493,1
0.26603983413815024,0.5795890027853992,19.229930481182265,0.28180698844195523,0
1.0370940729064084,0.7273592641027682,26.318451524730712,0.69768482704198,0
0.11135362969695915,0.2220044146882098,33.32892205181889,0.4868766802401833,1
0.7344980417941469,0.6397734466571063,27.985178712248526,0.10014893852810758,1
1.1813935752663471,0.47978418239607196,18.56639929947831,0.24921216752084271,0
0.6612304416191609,0.28150970723950086,30.933555375098013,0.05301992449926958,1
0.9707725929533338,0.07659059930581298,23.829592136166987,0.4640811455157855,0
0.7344581191674674,0.6642106623883326,15.263534766855134,0.47746270283640535,0
0.9505515621614414,0.23080352863501724,24.7352994021567,0.05909778665026107,0
0.8039332556585803,0.5238072771611896,31.249693545266805,0.24815356008315856,1
0.844801816718158,0.4616509520448594,23.59915261667226,0.6339300895171684,0
0.3119828237493416,0.05333715398508791,30.16856100959985,0.5822349004508669,1
0.9030940506088553,0.7957577224548219,29.110517690688106,0.410464547471627,1
0.32359636966398037,0.6607470168500966,24.138246346765694,0.34954388512273044,0
1.1777363164139762,0.4148534529775115,21.46565170050895,0.695139300205555,0
0.3119552696053854,0.5602560276817874,29.530800031243125,0.5110929804730064,1
0.3221866041373047,0.4074456774430794,22.37836835476731,0.6677919436131523,0
1.0374740885564437,0.6084397034590481,18.401742134573034,0.06867794576016466,0
0.32943374125724195,0.15074640936417055,21.41726123055959,0.16426278632381516,0
0.46503821251497535,0.38476324642552273,32.536783858560966,0.04115550430651843,1
0.871836185355881,0.30165288280464503,20.667782242747712,0.6101839779886392,0
0.23256086722397773,0.39474143262052613,19.699210696894724,0.49207737999242473,0
0.23293251805162757,0.38785448964527314,17.668401414611242,0.14080312393265337,0
0.6093121867566118,0.15732046233439573,16.10355689135448,0.6824496130606464,0
0.3302512673676358,0.7823664280317718,34.533847083992626,0.6699421113779986,1
0.32100664890438857,0.06161910709109604,25.73553654521221,0.17272650734880068,1
0.06062475963128958,0.057554708613049135,29.59288921241395,0.4599666320690431,1
0.4760170298776401,0.33008098890024334,30.459468937374105,0.4743099833801983,1
0.41598813781116367,0.5152822620101132,22.04633989440945,0.02273139341458528,0
0.08582918245067096,0.18473992011119617,30.97811820322442,0.4883702587425796,1
0.7644181549457131,0.4498955029281208,34.229684888400975,0.17051133244499678,1
0.7706534593038571,0.5920789759726092,29.835237004810686,0.6328967504092506,1
0.13142054253970772,0.12054545678011334,29.23466253325558,0.5901848501404707,1
0.414597797345871,0.7883168060119501,23.6446757316404,0.6355996375762507,0
1.0537263617947075,0.30252548580447075,31.826402516175897,0.5351366943941558,1
0.7194921284812652,0.5318115603404368,16.776747502466993,0.13213569821235727,0
0.523770932613786,0.1330398936399318,29.99367424483897,0.26517693283219074,1
0.5848672177337103,0.5821147915409949,22.239870842857144,0.5020734020387653,0
0.2895219936011759,0.6803422602968645,26.319478315955827,0.23986102941558443,0
0.9836637258141171,0.1289638567479668,32.85927539794054,0.5028223948593842,1
1.1011054112686127,0.1443973657775497,27.100391199089504,0.248587932981371,0
1.0972636485875502,0.26078556079042076,15.511630607249323,0.14085602895882174,0
0.3075245504461446,0.058951861531496966,29.452096910461925,0.3723513965048846,1
0.4073513079429254,0.7895384707529224,33.58049012407278,0.48663487646243625,1
0.2347161910309673,0.49878805621448724,27.840238906211184,0.37169306735227586,1
0.4032813036771601,0.5056920874726591,32.228401549191474,0.45646976284351704,1
0.43272617794099033,0.7692216272387271,31.505915106838685,0.3178746923109449,1
0.7780715976243308,0.6740219407395703,32.22584565967925,0.5492653037086744,1
0.2680933387803433,0.6606821982262621,21.882008053845496,0.46197716739840117,0
1.107306463022905,0.3046267774262192,24.48327054217362,0.41073251117801546,0
0.16856439059810643,0.30114754509848407,31.96067010059463,0.3160527665233812,1
0.057909712689483014,0.2688034698594851,33.20797149862911,0.38429473817380977,1
1.033186897925113,0.31002182133223993,17.93682998519493,0.054686610750194015,0
0.8593352789309572,0.32713157101988793,18.63064759182968,0.4733693801448038,0
0.4586638509093982,0.155002766735445,21.93659200109869,0.15899997590048637,0
0.7348246617966357,0.31696089702657015,30.40595656358716,0.6049012930664524,1
0.30707571596511835,0.3850602764335457,32.4996231451579,0.572393762369181,1
0.24364809594218234,0.2820105040599939,26.60480282806691,0.3790091730205239,0
0.5918215054095313,0.17401022611816086,17.26536350786462,0.5960491264524428,0
0.45616600417910497,0.33005779863387325,21.074964599343318,0.4761462057948396,0
0.7575145581155859,0.41068082991232685,32.140460129552636,0.11605683052609302,1
